timestamp,camera_id,rain_prev_1h,rain_prev_3h,rain_next_1h,rain_next_3h,tide_now,tide_prev_1h,tide_next_1h,tide_next_3h,camera_coef
2026-03-13 01:55:09,59d3524f02eb490011a0a61b,0.0,0.0,0.0,0.0,2.3,2.6,2.1,1.6,0.29
2026-03-13 01:55:09,5a6065c58576340017d06615,0.0,0.0,0.0,0.0,2.3,2.6,2.1,1.6,0.263
2026-03-13 01:55:09,6623f4df6f998a001b2528eb,0.0,0.0,0.0,0.0,2.3,2.6,2.1,1.6,0.342
2026-03-13 01:55:09,662b7ce71afb9c00172dc676,0.0,0.0,0.0,0.0,2.3,2.6,2.1,1.6,0.347
2026-03-13 01:55:09,583f969161cfea0012cf68f7,0.0,0.0,0.0,0.0,2.3,2.6,2.1,1.6,0.259
2026-03-13 01:55:09,59ca317602eb490011a0a408,0.0,0.0,0.0,0.0,2.3,2.6,2.1,1.6,0.314
2026-03-13 01:55:09,6623e8da6f998a001b2524a6,0.0,0.0,0.0,0.0,2.3,2.6,2.1,1.6,0.288
2026-03-13 01:55:09,56de42f611f398ec0c481299,0.0,0.0,0.0,0.0,2.3,2.6,2.1,1.6,0.321
2026-03-13 01:55:09,66b1c426779f74001867415e,0.0,0.0,0.0,0.0,2.3,2.6,2.1,1.6,0.644
2026-03-13 01:55:09,595dc29c3dcfc400106f2894,0.0,0.0,0.0,0.0,2.3,2.6,2.1,1.6,0.326
2026-03-13 01:55:09,5d9de4de766c880017188cbb,0.0,0.0,0.0,0.0,2.3,2.6,2.1,1.6,0.251
2026-03-13 01:55:09,6623f44f6f998a001b2528aa,0.0,0.0,0.0,0.0,2.3,2.6,2.1,1.6,0.378
2026-03-13 01:55:09,662a881a1afb9c00172d2559,0.0,0.0,0.0,0.0,2.3,2.6,2.1,1.6,0.585
2026-03-13 01:55:09,5a605f828576340017d06608,0.0,0.0,0.0,0.0,2.3,2.6,2.1,1.6,0.303
2026-03-13 01:55:09,68188fe36dfb4b0018f90520,0.0,0.0,0.0,0.0,2.3,2.6,2.1,1.6,0.307
2026-03-13 01:55:09,5deb576d1dc17d7c5515ad15,0.0,0.0,0.0,0.0,2.3,2.6,2.1,1.6,0.276
2026-03-13 01:55:09,5b8b2323ca057700116405d0,0.0,0.0,0.0,0.0,2.3,2.6,2.1,1.6,0.26
2026-03-13 01:55:09,68188a226dfb4b0018f8f70a,0.0,0.0,0.0,0.0,2.3,2.6,2.1,1.6,0.26
2026-03-13 01:55:09,681889a96dfb4b0018f8f67e,0.0,0.0,0.0,0.0,2.3,2.6,2.1,1.6,0.297
2026-03-13 01:55:09,63ae7a50bfd3d90017e8f2b2,0.0,0.0,0.0,0.0,2.3,2.6,2.1,1.6,0.273
2026-03-13 01:55:09,587ee0ecb807da0011e33d50,0.0,0.0,0.0,0.0,2.3,2.6,2.1,1.6,0.325
2026-03-13 01:55:09,56de42f611f398ec0c48128f,0.0,0.0,0.0,0.0,2.3,2.6,2.1,1.6,0.309
2026-03-13 01:55:09,56de42f611f398ec0c4812a2,0.0,0.0,0.0,0.0,2.3,2.6,2.1,1.6,0.261
2026-03-13 01:55:09,6922934b44912200174bc7ec,0.0,0.0,0.0,0.0,2.3,2.6,2.1,1.6,0.342
2026-03-13 01:55:09,63bd1f21bfd3d90017ec3d04,0.0,0.0,0.0,0.0,2.3,2.6,2.1,1.6,0.3
2026-03-13 01:55:09,58df4d95dc195800111e04b9,0.0,0.0,0.0,0.0,2.3,2.6,2.1,1.6,0.28
2026-03-13 01:55:09,586e28a0f9fab7001111b0b3,0.0,0.0,0.0,0.0,2.3,2.6,2.1,1.6,0.264
2026-03-13 01:55:09,595dd8463dcfc400106f28b2,0.0,0.0,0.0,0.0,2.3,2.6,2.1,1.6,0.339
2026-03-13 01:55:09,662b81721afb9c00172dcc44,0.0,0.0,0.0,0.0,2.3,2.6,2.1,1.6,0.268
2026-03-13 01:55:09,67e217c43215f90017863bc8,0.0,0.0,0.0,0.0,2.3,2.6,2.1,1.6,0.278
2026-03-13 01:55:09,66b1c3c2779f740018674125,0.0,0.0,0.0,0.0,2.3,2.6,2.1,1.6,0.391
2026-03-13 01:55:09,5a8269c45058170011f6eae4,0.0,0.0,0.0,0.0,2.3,2.6,2.1,1.6,0.397
2026-03-13 01:55:09,56de42f611f398ec0c481297,0.0,0.0,0.0,0.0,2.3,2.6,2.1,1.6,0.427
2026-03-13 01:55:09,5822adbbedeb6c0012a2d65f,0.0,0.0,0.0,0.0,2.3,2.6,2.1,1.6,0.326
2026-03-13 01:55:09,5deb576d1dc17d7c5515ad00,0.0,0.0,0.0,0.0,2.3,2.6,2.1,1.6,0.25
2026-03-13 01:55:09,5a823e425058170011f6eaa4,0.0,0.0,0.0,0.0,2.3,2.6,2.1,1.6,0.339
2026-03-13 01:55:09,649da72ca6068200171a6dbb,0.0,0.0,0.0,0.0,2.3,2.6,2.1,1.6,0.342
2026-03-13 01:55:09,5a6088218576340017d06693,0.0,0.0,0.0,0.0,2.3,2.6,2.1,1.6,0.306
2026-03-13 01:55:09,63b65fd8bfd3d90017eaa461,0.0,0.0,0.0,0.0,2.3,2.6,2.1,1.6,0.267
2026-03-13 01:55:09,5deb576d1dc17d7c5515ad08,0.0,0.0,0.0,0.0,2.3,2.6,2.1,1.6,0.272
2026-03-13 01:55:09,595dc70d3dcfc400106f289a,0.0,0.0,0.0,0.0,2.3,2.6,2.1,1.6,0.305
2026-03-13 01:55:09,63b65ebebfd3d90017eaa3ae,0.0,0.0,0.0,0.0,2.3,2.6,2.1,1.6,0.303
2026-03-13 01:55:09,5874769eb807da0011e33cec,0.0,0.0,0.0,0.0,2.3,2.6,2.1,1.6,0.329
2026-03-13 01:55:09,63b660f8bfd3d90017eaa4ea,0.0,0.0,0.0,0.0,2.3,2.6,2.1,1.6,0.404
2026-03-13 01:55:09,58af994abd82540010390c37,0.0,0.0,0.0,0.0,2.3,2.6,2.1,1.6,0.315
2026-03-13 01:55:09,56df8108c062921100c143db,0.0,0.0,0.0,0.0,2.3,2.6,2.1,1.6,0.266
2026-03-13 01:55:09,63ae7903bfd3d90017e8f211,0.0,0.0,0.0,0.0,2.3,2.6,2.1,1.6,0.634
2026-03-13 01:55:09,63ae7727bfd3d90017e8f14a,0.0,0.0,0.0,0.0,2.3,2.6,2.1,1.6,0.329
2026-03-13 01:55:09,6623f36e6f998a001b252878,0.0,0.0,0.0,0.0,2.3,2.6,2.1,1.6,0.323
2026-03-13 01:55:09,5d9ddec9766c880017188c9c,0.0,0.0,0.0,0.0,2.3,2.6,2.1,1.6,0.51
2026-03-13 01:55:09,5deb576d1dc17d7c5515ad02,0.0,0.0,0.0,0.0,2.3,2.6,2.1,1.6,0.347
2026-03-13 01:55:09,681885ff6dfb4b0018f8f1ee,0.0,0.0,0.0,0.0,2.3,2.6,2.1,1.6,0.331
2026-03-13 01:55:09,63ae79aabfd3d90017e8f26a,0.0,0.0,0.0,0.0,2.3,2.6,2.1,1.6,0.274
2026-03-13 01:55:09,5d8cd7fb766c880017188954,0.0,0.0,0.0,0.0,2.3,2.6,2.1,1.6,0.259
2026-03-13 01:55:09,56de42f611f398ec0c481293,0.0,0.0,0.0,0.0,2.3,2.6,2.1,1.6,0.483
2026-03-13 01:55:09,63b66089bfd3d90017eaa4bd,0.0,0.0,0.0,0.0,2.3,2.6,2.1,1.6,0.326
2026-03-13 01:55:09,63ae798abfd3d90017e8f255,0.0,0.0,0.0,0.0,2.3,2.6,2.1,1.6,0.255
2026-03-13 01:55:09,662a89f51afb9c00172d26ef,0.0,0.0,0.0,0.0,2.3,2.6,2.1,1.6,0.323
2026-03-13 01:55:09,6318287ec9eae60017a19f36,0.0,0.0,0.0,0.0,2.3,2.6,2.1,1.6,0.284
2026-03-13 01:55:09,6792f3058c5ed4001b27f58e,0.0,0.0,0.0,0.0,2.3,2.6,2.1,1.6,0.33
2026-03-13 01:55:09,587476e3b807da0011e33cee,0.0,0.0,0.0,0.0,2.3,2.6,2.1,1.6,0.338
2026-03-13 01:55:09,597bf277faa7ea0011c7c29f,0.0,0.0,0.0,0.0,2.3,2.6,2.1,1.6,0.304
2026-03-13 01:55:09,5d9de49d766c880017188cb9,0.0,0.0,0.0,0.0,2.3,2.6,2.1,1.6,0.35
2026-03-13 01:55:09,5d9ddf49766c880017188ca0,0.0,0.0,0.0,0.0,2.3,2.6,2.1,1.6,0.538
2026-03-13 01:55:09,63ae763bbfd3d90017e8f0c4,0.0,0.0,0.0,0.0,2.3,2.6,2.1,1.6,0.346
2026-03-13 01:55:09,5d8cda6a766c880017188960,0.0,0.0,0.0,0.0,2.3,2.6,2.1,1.6,0.266
2026-03-13 01:55:09,662b80e81afb9c00172dcbec,0.0,0.0,0.0,0.0,2.3,2.6,2.1,1.6,0.347
2026-03-13 01:55:09,681826506dfb4b0018f83e64,0.0,0.0,0.0,0.0,2.3,2.6,2.1,1.6,0.349
2026-03-13 01:55:09,662a86a11afb9c00172d2410,0.0,0.0,0.0,0.0,2.3,2.6,2.1,1.6,0.369
2026-03-13 01:55:09,5a6083198576340017d0667a,0.0,0.0,0.0,0.0,2.3,2.6,2.1,1.6,0.262
2026-03-13 01:55:09,56de42f611f398ec0c48128b,0.0,0.0,0.0,0.0,2.3,2.6,2.1,1.6,0.305
2026-03-13 01:55:09,58e49ff8d9d6200011e0b9d4,0.0,0.0,0.0,0.0,2.3,2.6,2.1,1.6,0.302
2026-03-13 01:55:09,6922924644912200174bc737,0.0,0.0,0.0,0.0,2.3,2.6,2.1,1.6,0.293
2026-03-13 01:55:09,681885a26dfb4b0018f8f176,0.0,0.0,0.0,0.0,2.3,2.6,2.1,1.6,0.252
2026-03-13 01:55:09,5a8241105058170011f6eaa6,0.0,0.0,0.0,0.0,2.3,2.6,2.1,1.6,0.299
2026-03-13 01:55:09,65e054fb6b18080018db6632,0.0,0.0,0.0,0.0,2.3,2.6,2.1,1.6,0.315
2026-03-13 01:55:09,5a825ded5058170011f6ead7,0.0,0.0,0.0,0.0,2.3,2.6,2.1,1.6,0.333
2026-03-13 01:55:09,5d8cdb0a766c880017188964,0.0,0.0,0.0,0.0,2.3,2.6,2.1,1.6,0.255
2026-03-13 01:55:09,68188bb96dfb4b0018f8fdbf,0.0,0.0,0.0,0.0,2.3,2.6,2.1,1.6,0.319
2026-03-13 01:55:09,56df833ac062921100c143e1,0.0,0.0,0.0,0.0,2.3,2.6,2.1,1.6,0.313
2026-03-13 01:55:09,6792efe48c5ed4001b27f336,0.0,0.0,0.0,0.0,2.3,2.6,2.1,1.6,0.33
2026-03-13 01:55:09,63b5503bbfd3d90017ea7ccc,0.0,0.0,0.0,0.0,2.3,2.6,2.1,1.6,0.279
2026-03-13 01:55:09,662a873b1afb9c00172d2483,0.0,0.0,0.0,0.0,2.3,2.6,2.1,1.6,0.263
2026-03-13 01:55:09,66b1c3fa779f740018674146,0.0,0.0,0.0,0.0,2.3,2.6,2.1,1.6,0.627
2026-03-13 01:55:09,5ad0621c98d8fc001102e268,0.0,0.0,0.0,0.0,2.3,2.6,2.1,1.6,0.344
2026-03-13 01:55:09,66b1c34d779f74001867409e,0.0,0.0,0.0,0.0,2.3,2.6,2.1,1.6,0.354
2026-03-13 01:55:09,595f89323dcfc400106f28ee,0.0,0.0,0.0,0.0,2.3,2.6,2.1,1.6,0.263
2026-03-13 01:55:09,56de42f611f398ec0c48128c,0.0,0.0,0.0,0.0,2.3,2.6,2.1,1.6,0.338
2026-03-13 01:55:09,662b558c1afb9c00172d8ed2,0.0,0.0,0.0,0.0,2.3,2.6,2.1,1.6,0.457
2026-03-13 01:55:09,6623f4836f998a001b2528bf,0.0,0.0,0.0,0.0,2.3,2.6,2.1,1.6,0.46
2026-03-13 01:55:09,662b85bf1afb9c00172dd149,0.0,0.0,0.0,0.0,2.3,2.6,2.1,1.6,0.334
2026-03-13 01:55:09,595d98fc3dcfc400106f287b,0.0,0.0,0.0,0.0,2.3,2.6,2.1,1.6,0.66
2026-03-13 01:55:09,6818887f6dfb4b0018f8f54c,0.0,0.0,0.0,0.0,2.3,2.6,2.1,1.6,0.322
2026-03-13 01:55:09,63b54bcdbfd3d90017ea7a82,0.0,0.0,0.0,0.0,2.3,2.6,2.1,1.6,0.303
2026-03-13 01:55:09,68eddd0a230ee50017d040b2,0.0,0.0,0.0,0.0,2.3,2.6,2.1,1.6,0.262
2026-03-13 01:55:09,68a587d54e89b100173b6021,0.0,0.0,0.0,0.0,2.3,2.6,2.1,1.6,0.251
2026-03-13 01:55:09,5b5995a3fd4edb0019c7d9ab,0.0,0.0,0.0,0.0,2.3,2.6,2.1,1.6,0.454
2026-03-13 01:55:09,692291f044912200174bc703,0.0,0.0,0.0,0.0,2.3,2.6,2.1,1.6,0.334
2026-03-13 01:55:09,662b81a31afb9c00172dcc65,0.0,0.0,0.0,0.0,2.3,2.6,2.1,1.6,0.323
2026-03-13 01:55:09,5deb576d1dc17d7c5515acf6,0.0,0.0,0.0,0.0,2.3,2.6,2.1,1.6,0.293
2026-03-13 01:55:09,58746488b807da0011e33cd7,0.0,0.0,0.0,0.0,2.3,2.6,2.1,1.6,0.318
2026-03-13 01:55:09,662b83381afb9c00172dcf88,0.0,0.0,0.0,0.0,2.3,2.6,2.1,1.6,0.328
2026-03-13 01:55:09,5822b5ededeb6c0012a2d66a,0.0,0.0,0.0,0.0,2.3,2.6,2.1,1.6,0.298
2026-03-13 01:55:09,63b660d8bfd3d90017eaa4d5,0.0,0.0,0.0,0.0,2.3,2.6,2.1,1.6,0.471
2026-03-13 01:55:09,63ae7be0bfd3d90017e8f3a8,0.0,0.0,0.0,0.0,2.3,2.6,2.1,1.6,0.371
2026-03-13 01:55:09,63b54a04bfd3d90017ea783e,0.0,0.0,0.0,0.0,2.3,2.6,2.1,1.6,0.303
2026-03-13 01:55:09,63b54f70bfd3d90017ea7c86,0.0,0.0,0.0,0.0,2.3,2.6,2.1,1.6,0.571
2026-03-13 01:55:09,5a8267fe5058170011f6eae1,0.0,0.0,0.0,0.0,2.3,2.6,2.1,1.6,0.345
2026-03-13 01:55:09,595d984b3dcfc400106f2879,0.0,0.0,0.0,0.0,2.3,2.6,2.1,1.6,0.614
2026-03-13 01:55:09,5b25a268f13cba001124e713,0.0,0.0,0.0,0.0,2.3,2.6,2.1,1.6,0.261
2026-03-13 01:55:09,63ae768dbfd3d90017e8f0f1,0.0,0.0,0.0,0.0,2.3,2.6,2.1,1.6,0.306
2026-03-13 01:55:09,6818884f6dfb4b0018f8f50f,0.0,0.0,0.0,0.0,2.3,2.6,2.1,1.6,0.303
2026-03-13 01:55:09,662a89ae1afb9c00172d26ad,0.0,0.0,0.0,0.0,2.3,2.6,2.1,1.6,0.32
2026-03-13 01:55:09,63b54a70bfd3d90017ea7862,0.0,0.0,0.0,0.0,2.3,2.6,2.1,1.6,0.349
2026-03-13 01:55:09,58e49783d9d6200011e0b9ce,0.0,0.0,0.0,0.0,2.3,2.6,2.1,1.6,0.285
2026-03-13 01:55:09,5deb576d1dc17d7c5515ad0c,0.0,0.0,0.0,0.0,2.3,2.6,2.1,1.6,0.273
2026-03-13 01:55:09,6623ef776f998a001b252768,0.0,0.0,0.0,0.0,2.3,2.6,2.1,1.6,0.304
2026-03-13 01:55:09,58d7bbf2c1e33c00112b3216,0.0,0.0,0.0,0.0,2.3,2.6,2.1,1.6,0.254
2026-03-13 01:55:09,662b51d21afb9c00172d89bf,0.0,0.0,0.0,0.0,2.3,2.6,2.1,1.6,0.343
2026-03-13 01:55:09,58746295b807da0011e33ccb,0.0,0.0,0.0,0.0,2.3,2.6,2.1,1.6,0.289
2026-03-13 01:55:09,585b2baec3f96200127dc508,0.0,0.0,0.0,0.0,2.3,2.6,2.1,1.6,0.297
2026-03-13 01:55:09,5a606cd08576340017d06628,0.0,0.0,0.0,0.0,2.3,2.6,2.1,1.6,0.59
2026-03-13 01:55:09,662b80051afb9c00172dcaf6,0.0,0.0,0.0,0.0,2.3,2.6,2.1,1.6,0.29
2026-03-13 01:55:09,5d8cd253766c88001718893a,0.0,0.0,0.0,0.0,2.3,2.6,2.1,1.6,0.533
2026-03-13 01:55:09,662b5bc31afb9c00172d92e2,0.0,0.0,0.0,0.0,2.3,2.6,2.1,1.6,0.346
2026-03-13 01:55:09,662b58401afb9c00172d90f5,0.0,0.0,0.0,0.0,2.3,2.6,2.1,1.6,0.267
2026-03-13 01:55:09,5874644cb807da0011e33cd5,0.0,0.0,0.0,0.0,2.3,2.6,2.1,1.6,0.321
2026-03-13 01:55:09,662b867b1afb9c00172dd250,0.0,0.0,0.0,0.0,2.3,2.6,2.1,1.6,0.278
2026-03-13 01:55:09,597bf0b8faa7ea0011c7c293,0.0,0.0,0.0,0.0,2.3,2.6,2.1,1.6,0.277
2026-03-13 01:55:09,5a10c79f02eb490011a0b0dd,0.0,0.0,0.0,0.0,2.3,2.6,2.1,1.6,0.35
2026-03-13 01:55:09,68188af96dfb4b0018f8f8e4,0.0,0.0,0.0,0.0,2.3,2.6,2.1,1.6,0.333
2026-03-13 01:55:09,662b83ff1afb9c00172dcffb,0.0,0.0,0.0,0.0,2.3,2.6,2.1,1.6,0.271
2026-03-13 01:55:09,5deb576d1dc17d7c5515ad19,0.0,0.0,0.0,0.0,2.3,2.6,2.1,1.6,0.307
2026-03-13 01:55:09,5b6329fdfd4edb0019c7dc0b,0.0,0.0,0.0,0.0,2.3,2.6,2.1,1.6,0.303
2026-03-13 01:55:09,589add0fb3bf7600110283ae,0.0,0.0,0.0,0.0,2.3,2.6,2.1,1.6,0.346
2026-03-13 01:55:09,5deb576d1dc17d7c5515ad01,0.0,0.0,0.0,0.0,2.3,2.6,2.1,1.6,0.264
2026-03-13 01:55:09,58abbf72bd82540010390ba4,0.0,0.0,0.0,0.0,2.3,2.6,2.1,1.6,0.589
2026-03-13 01:55:09,6623f1f16f998a001b25281f,0.0,0.0,0.0,0.0,2.3,2.6,2.1,1.6,0.272
2026-03-13 01:55:09,58ad6961bd82540010390be5,0.0,0.0,0.0,0.0,2.3,2.6,2.1,1.6,0.344
2026-03-13 01:55:09,59ca2fa302eb490011a0a3fd,0.0,0.0,0.0,0.0,2.3,2.6,2.1,1.6,0.345
2026-03-13 01:55:09,5a606dbc8576340017d0662b,0.0,0.0,0.0,0.0,2.3,2.6,2.1,1.6,0.612
2026-03-13 01:55:09,662b52a31afb9c00172d8b01,0.0,0.0,0.0,0.0,2.3,2.6,2.1,1.6,0.415
2026-03-13 01:55:09,58abbee5bd82540010390ba2,0.0,0.0,0.0,0.0,2.3,2.6,2.1,1.6,0.489
2026-03-13 01:55:09,662a8ef41afb9c00172d2af2,0.0,0.0,0.0,0.0,2.3,2.6,2.1,1.6,0.485
2026-03-13 01:55:09,6623f5b56f998a001b25292f,0.0,0.0,0.0,0.0,2.3,2.6,2.1,1.6,0.673
2026-03-13 01:55:09,66b1c398779f7400186740e3,0.0,0.0,0.0,0.0,2.3,2.6,2.1,1.6,0.312
2026-03-13 01:55:09,58d7b756c1e33c00112b320d,0.0,0.0,0.0,0.0,2.3,2.6,2.1,1.6,0.346
2026-03-13 01:55:09,6623e31e6f998a001b252250,0.0,0.0,0.0,0.0,2.3,2.6,2.1,1.6,0.324
2026-03-13 01:55:09,5deb576d1dc17d7c5515acfe,0.0,0.0,0.0,0.0,2.3,2.6,2.1,1.6,0.286
2026-03-13 01:55:09,6792f3cf8c5ed4001b27f61e,0.0,0.0,0.0,0.0,2.3,2.6,2.1,1.6,0.253
2026-03-13 01:55:09,58df4e22dc195800111e04bb,0.0,0.0,0.0,0.0,2.3,2.6,2.1,1.6,0.254
2026-03-13 01:55:09,58d7b3e8c1e33c00112b3207,0.0,0.0,0.0,0.0,2.3,2.6,2.1,1.6,0.279
2026-03-13 01:55:09,5d8cdc57766c88001718896e,0.0,0.0,0.0,0.0,2.3,2.6,2.1,1.6,0.334
2026-03-13 01:55:09,66f1266f538c780017c93579,0.0,0.0,0.0,0.0,2.3,2.6,2.1,1.6,0.361
2026-03-13 01:55:09,5ad0679598d8fc001102e274,0.0,0.0,0.0,0.0,2.3,2.6,2.1,1.6,0.251
2026-03-13 01:55:09,5a824b6c5058170011f6eaab,0.0,0.0,0.0,0.0,2.3,2.6,2.1,1.6,0.261
2026-03-13 01:55:09,62da3e840637a10017d7073d,0.0,0.0,0.0,0.0,2.3,2.6,2.1,1.6,0.307
2026-03-13 01:55:09,56de42f611f398ec0c481288,0.0,0.0,0.0,0.0,2.3,2.6,2.1,1.6,0.269
2026-03-13 01:55:09,5d8cd614766c88001718894a,0.0,0.0,0.0,0.0,2.3,2.6,2.1,1.6,0.298
2026-03-13 01:55:09,5a824f975058170011f6eab8,0.0,0.0,0.0,0.0,2.3,2.6,2.1,1.6,0.345
2026-03-13 01:55:09,5a824c3e5058170011f6eaae,0.0,0.0,0.0,0.0,2.3,2.6,2.1,1.6,0.278
2026-03-13 01:55:09,5deb576d1dc17d7c5515acf9,0.0,0.0,0.0,0.0,2.3,2.6,2.1,1.6,0.336
2026-03-13 01:55:09,587470c2b807da0011e33ce4,0.0,0.0,0.0,0.0,2.3,2.6,2.1,1.6,0.355
2026-03-13 01:55:09,68188cbf6dfb4b0018f900e9,0.0,0.0,0.0,0.0,2.3,2.6,2.1,1.6,0.261
2026-03-13 01:55:09,67e217ea3215f90017863bf1,0.0,0.0,0.0,0.0,2.3,2.6,2.1,1.6,0.335
2026-03-13 01:55:09,68ede6d0230ee50017d04d4c,0.0,0.0,0.0,0.0,2.3,2.6,2.1,1.6,0.331
2026-03-13 01:55:09,584e734a61cfea0012cf694f,0.0,0.0,0.0,0.0,2.3,2.6,2.1,1.6,0.314
2026-03-13 01:55:09,662b7f251afb9c00172dc8bc,0.0,0.0,0.0,0.0,2.3,2.6,2.1,1.6,0.338
2026-03-13 01:55:09,6623ec826f998a001b252686,0.0,0.0,0.0,0.0,2.3,2.6,2.1,1.6,0.317
2026-03-13 01:55:09,5deb576d1dc17d7c5515ad23,0.0,0.0,0.0,0.0,2.3,2.6,2.1,1.6,0.424
2026-03-13 01:55:09,6922939144912200174bc80c,0.0,0.0,0.0,0.0,2.3,2.6,2.1,1.6,0.277
2026-03-13 01:55:09,595d9ba43dcfc400106f2880,0.0,0.0,0.0,0.0,2.3,2.6,2.1,1.6,0.601
2026-03-13 01:55:09,6818863c6dfb4b0018f8f235,0.0,0.0,0.0,0.0,2.3,2.6,2.1,1.6,0.331
2026-03-13 01:55:09,589ad89eb3bf7600110283ac,0.0,0.0,0.0,0.0,2.3,2.6,2.1,1.6,0.295
2026-03-13 01:55:09,662b5adc1afb9c00172d925b,0.0,0.0,0.0,0.0,2.3,2.6,2.1,1.6,0.287
2026-03-13 01:55:09,5701e22bc4350a1100e26f6c,0.0,0.0,0.0,0.0,2.3,2.6,2.1,1.6,0.262
2026-03-13 01:55:09,5b87c386ca057700116404a6,0.0,0.0,0.0,0.0,2.3,2.6,2.1,1.6,0.252
2026-03-13 01:55:09,5d8cd542766c880017188948,0.0,0.0,0.0,0.0,2.3,2.6,2.1,1.6,0.569
2026-03-13 01:55:09,6623e8406f998a001b252465,0.0,0.0,0.0,0.0,2.3,2.6,2.1,1.6,0.308
2026-03-13 01:55:09,5875cef0b807da0011e33d14,0.0,0.0,0.0,0.0,2.3,2.6,2.1,1.6,0.324
2026-03-13 01:55:09,5a823d555058170011f6eaa2,0.0,0.0,0.0,0.0,2.3,2.6,2.1,1.6,0.294
2026-03-13 01:55:09,595da2853dcfc400106f2883,0.0,0.0,0.0,0.0,2.3,2.6,2.1,1.6,0.364
2026-03-13 01:55:09,5b632950fd4edb0019c7dc07,0.0,0.0,0.0,0.0,2.3,2.6,2.1,1.6,0.326
2026-03-13 01:55:09,5deb576d1dc17d7c5515ad06,0.0,0.0,0.0,0.0,2.3,2.6,2.1,1.6,0.339
2026-03-13 01:55:09,662b54711afb9c00172d8d4f,0.0,0.0,0.0,0.0,2.3,2.6,2.1,1.6,0.297
2026-03-13 01:55:09,5a8279865058170011f6eaef,0.0,0.0,0.0,0.0,2.3,2.6,2.1,1.6,0.413
2026-03-13 01:55:09,662b4faa1afb9c00172d875e,0.0,0.0,0.0,0.0,2.3,2.6,2.1,1.6,0.323
2026-03-13 01:55:09,662a87641afb9c00172d24b0,0.0,0.0,0.0,0.0,2.3,2.6,2.1,1.6,0.278
2026-03-13 01:55:09,56de42f611f398ec0c4812a1,0.0,0.0,0.0,0.0,2.3,2.6,2.1,1.6,0.267
2026-03-13 01:55:09,63ae7669bfd3d90017e8f0d9,0.0,0.0,0.0,0.0,2.3,2.6,2.1,1.6,0.339
2026-03-13 01:55:09,63b65e6abfd3d90017eaa361,0.0,0.0,0.0,0.0,2.3,2.6,2.1,1.6,0.39
2026-03-13 01:55:09,662a8fd41afb9c00172d2bac,0.0,0.0,0.0,0.0,2.3,2.6,2.1,1.6,0.308
2026-03-13 01:55:09,56f11afc3ac17b11001c504e,0.0,0.0,0.0,0.0,2.3,2.6,2.1,1.6,0.324
2026-03-13 01:55:09,585b2b1ec3f96200127dc505,0.0,0.0,0.0,0.0,2.3,2.6,2.1,1.6,0.32
2026-03-13 01:55:09,5a825b7d5058170011f6ead4,0.0,0.0,0.0,0.0,2.3,2.6,2.1,1.6,0.34
2026-03-13 01:55:09,5a6069238576340017d0661c,0.0,0.0,0.0,0.0,2.3,2.6,2.1,1.6,0.36
2026-03-13 01:55:09,662b857b1afb9c00172dd106,0.0,0.0,0.0,0.0,2.3,2.6,2.1,1.6,0.275
2026-03-13 01:55:09,56de42f611f398ec0c481298,0.0,0.0,0.0,0.0,2.3,2.6,2.1,1.6,0.383
2026-03-13 01:55:09,63ae75f9bfd3d90017e8f097,0.0,0.0,0.0,0.0,2.3,2.6,2.1,1.6,0.347
2026-03-13 01:55:09,63ae7829bfd3d90017e8f1ac,0.0,0.0,0.0,0.0,2.3,2.6,2.1,1.6,0.425
2026-03-13 01:55:09,65e0556b6b18080018db665e,0.0,0.0,0.0,0.0,2.3,2.6,2.1,1.6,0.349
2026-03-13 01:55:09,662b81eb1afb9c00172dcc85,0.0,0.0,0.0,0.0,2.3,2.6,2.1,1.6,0.331
2026-03-13 01:55:09,595dd9ac3dcfc400106f28b4,0.0,0.0,0.0,0.0,2.3,2.6,2.1,1.6,0.299
2026-03-13 01:55:09,662a8cc51afb9c00172d2938,0.0,0.0,0.0,0.0,2.3,2.6,2.1,1.6,0.82
2026-03-13 01:55:09,587654d3b807da0011e33d36,0.0,0.0,0.0,0.0,2.3,2.6,2.1,1.6,0.347
2026-03-13 01:55:09,5990ffdbbec3b90016d2ad2d,0.0,0.0,0.0,0.0,2.3,2.6,2.1,1.6,0.259
2026-03-13 01:55:09,5a8259035058170011f6eacf,0.0,0.0,0.0,0.0,2.3,2.6,2.1,1.6,0.331
2026-03-13 01:55:09,63b54cffbfd3d90017ea7ad0,0.0,0.0,0.0,0.0,2.3,2.6,2.1,1.6,0.26
2026-03-13 01:55:09,589b4644b3bf7600110283ce,0.0,0.0,0.0,0.0,2.3,2.6,2.1,1.6,0.272
2026-03-13 01:55:09,5d8cd8e2766c880017188958,0.0,0.0,0.0,0.0,2.3,2.6,2.1,1.6,0.295
2026-03-13 01:55:09,63b54fe4bfd3d90017ea7ca2,0.0,0.0,0.0,0.0,2.3,2.6,2.1,1.6,0.292
2026-03-13 01:55:09,6623ebd76f998a001b25264d,0.0,0.0,0.0,0.0,2.3,2.6,2.1,1.6,0.266
2026-03-13 01:55:09,5a6086e88576340017d0668a,0.0,0.0,0.0,0.0,2.3,2.6,2.1,1.6,0.33
2026-03-13 01:55:09,681888b66dfb4b0018f8f58c,0.0,0.0,0.0,0.0,2.3,2.6,2.1,1.6,0.262
2026-03-13 01:55:09,5b6c15b8ca0577001163fe39,0.0,0.0,0.0,0.0,2.3,2.6,2.1,1.6,0.448
2026-03-13 01:55:09,5d8cd98d766c88001718895a,0.0,0.0,0.0,0.0,2.3,2.6,2.1,1.6,0.289
2026-03-13 01:55:09,6623ee666f998a001b252726,0.0,0.0,0.0,0.0,2.3,2.6,2.1,1.6,0.29
2026-03-13 01:55:09,662b84c11afb9c00172dd0b5,0.0,0.0,0.0,0.0,2.3,2.6,2.1,1.6,0.345
2026-03-13 01:55:09,662b51201afb9c00172d889a,0.0,0.0,0.0,0.0,2.3,2.6,2.1,1.6,0.333
2026-03-13 01:55:09,56df8198c062921100c143dd,0.0,0.0,0.0,0.0,2.3,2.6,2.1,1.6,0.512
2026-03-13 01:55:09,56de42f611f398ec0c481282,0.0,0.0,0.0,0.0,2.3,2.6,2.1,1.6,0.386
2026-03-13 01:55:09,58df4c2bdc195800111e04b7,0.0,0.0,0.0,0.0,2.3,2.6,2.1,1.6,0.343
2026-03-13 01:55:09,6623ea416f998a001b25260a,0.0,0.0,0.0,0.0,2.3,2.6,2.1,1.6,0.315
2026-03-13 01:55:09,662b872d1afb9c00172dd36a,0.0,0.0,0.0,0.0,2.3,2.6,2.1,1.6,0.348
2026-03-13 01:55:09,6623e4b06f998a001b2522f1,0.0,0.0,0.0,0.0,2.3,2.6,2.1,1.6,0.284
2026-03-13 01:55:09,56de42f611f398ec0c48127e,0.0,0.0,0.0,0.0,2.3,2.6,2.1,1.6,0.434
2026-03-13 01:55:09,595dd3a63dcfc400106f28a7,0.0,0.0,0.0,0.0,2.3,2.6,2.1,1.6,0.318
2026-03-13 01:55:09,68ede5d4230ee50017d04c24,0.0,0.0,0.0,0.0,2.3,2.6,2.1,1.6,0.311
2026-03-13 01:55:09,5a8266105058170011f6eadf,0.0,0.0,0.0,0.0,2.3,2.6,2.1,1.6,0.32
2026-03-13 01:55:09,662b5afe1afb9c00172d9284,0.0,0.0,0.0,0.0,2.3,2.6,2.1,1.6,0.314
2026-03-13 01:55:09,5a82602c5058170011f6ead9,0.0,0.0,0.0,0.0,2.3,2.6,2.1,1.6,0.299
2026-03-13 01:55:09,585b2980c3f96200127dc502,0.0,0.0,0.0,0.0,2.3,2.6,2.1,1.6,0.279
2026-03-13 01:55:09,56de42f611f398ec0c481284,0.0,0.0,0.0,0.0,2.3,2.6,2.1,1.6,0.347
2026-03-13 01:55:09,662b56c51afb9c00172d9071,0.0,0.0,0.0,0.0,2.3,2.6,2.1,1.6,0.342
2026-03-13 01:55:09,63ae7a08bfd3d90017e8f285,0.0,0.0,0.0,0.0,2.3,2.6,2.1,1.6,0.252
2026-03-13 01:55:09,662a8b061afb9c00172d27d7,0.0,0.0,0.0,0.0,2.3,2.6,2.1,1.6,0.46
2026-03-13 01:55:09,587ee7d7b807da0011e33d55,0.0,0.0,0.0,0.0,2.3,2.6,2.1,1.6,0.297
2026-03-13 01:55:09,5deb576d1dc17d7c5515ad12,0.0,0.0,0.0,0.0,2.3,2.6,2.1,1.6,0.307
2026-03-13 01:55:09,662b51a41afb9c00172d8926,0.0,0.0,0.0,0.0,2.3,2.6,2.1,1.6,0.277
2026-03-13 01:55:09,63ae7893bfd3d90017e8f1e1,0.0,0.0,0.0,0.0,2.3,2.6,2.1,1.6,0.25
2026-03-13 01:55:09,662a8b9e1afb9c00172d284d,0.0,0.0,0.0,0.0,2.3,2.6,2.1,1.6,0.3
2026-03-13 01:55:09,5a823ba75058170011f6ea9e,0.0,0.0,0.0,0.0,2.3,2.6,2.1,1.6,0.261
2026-03-13 01:55:09,681887346dfb4b0018f8f36a,0.0,0.0,0.0,0.0,2.3,2.6,2.1,1.6,0.345
2026-03-13 01:55:09,662b5a401afb9c00172d91fc,0.0,0.0,0.0,0.0,2.3,2.6,2.1,1.6,0.336
2026-03-13 01:55:09,56df8544c062921100c143e6,0.0,0.0,0.0,0.0,2.3,2.6,2.1,1.6,0.325
2026-03-13 01:55:09,595ddb493dcfc400106f28b6,0.0,0.0,0.0,0.0,2.3,2.6,2.1,1.6,0.285
2026-03-13 01:55:09,66b1c1f2779f740018673f0d,0.0,0.0,0.0,0.0,2.3,2.6,2.1,1.6,0.311
2026-03-13 01:55:09,589b4379b3bf7600110283c9,0.0,0.0,0.0,0.0,2.3,2.6,2.1,1.6,0.281
2026-03-13 01:55:09,5a60604f8576340017d0660b,0.0,0.0,0.0,0.0,2.3,2.6,2.1,1.6,0.368
2026-03-13 01:55:09,5d8cd9cb766c88001718895c,0.0,0.0,0.0,0.0,2.3,2.6,2.1,1.6,0.373
2026-03-13 01:55:09,6623e6b86f998a001b2523b8,0.0,0.0,0.0,0.0,2.3,2.6,2.1,1.6,0.292
2026-03-13 01:55:09,5a8256315058170011f6eac9,0.0,0.0,0.0,0.0,2.3,2.6,2.1,1.6,0.634
2026-03-13 01:55:09,5ad064b498d8fc001102e26f,0.0,0.0,0.0,0.0,2.3,2.6,2.1,1.6,0.333
2026-03-13 01:55:09,58af8d68bd82540010390c2e,0.0,0.0,0.0,0.0,2.3,2.6,2.1,1.6,0.273
2026-03-13 01:55:09,65e0552f6b18080018db6647,0.0,0.0,0.0,0.0,2.3,2.6,2.1,1.6,0.348
2026-03-13 01:55:09,595da7783dcfc400106f2888,0.0,0.0,0.0,0.0,2.3,2.6,2.1,1.6,0.323
2026-03-13 01:55:09,662a8e121afb9c00172d2a3f,0.0,0.0,0.0,0.0,2.3,2.6,2.1,1.6,0.384
2026-03-13 01:55:09,662b5be91afb9c00172d939b,0.0,0.0,0.0,0.0,2.3,2.6,2.1,1.6,0.291
2026-03-13 01:55:09,5b728aafca0577001163ff7e,0.0,0.0,0.0,0.0,2.3,2.6,2.1,1.6,0.499
2026-03-13 01:55:09,6818901a6dfb4b0018f9058a,0.0,0.0,0.0,0.0,2.3,2.6,2.1,1.6,0.333
2026-03-13 01:55:09,63ae7966bfd3d90017e8f240,0.0,0.0,0.0,0.0,2.3,2.6,2.1,1.6,0.268
2026-03-13 01:55:09,5a607fa38576340017d06671,0.0,0.0,0.0,0.0,2.3,2.6,2.1,1.6,0.34
2026-03-13 01:55:09,662b87551afb9c00172dd43a,0.0,0.0,0.0,0.0,2.3,2.6,2.1,1.6,0.286
2026-03-13 01:55:09,5deb576d1dc17d7c5515ad21,0.0,0.0,0.0,0.0,2.3,2.6,2.1,1.6,0.439
2026-03-13 01:55:09,68188bf46dfb4b0018f8ff12,0.0,0.0,0.0,0.0,2.3,2.6,2.1,1.6,0.348
2026-03-13 01:55:09,68a589a54e89b100173b6267,0.0,0.0,0.0,0.0,2.3,2.6,2.1,1.6,0.344
2026-03-13 01:55:09,56de42f611f398ec0c481289,0.0,0.0,0.0,0.0,2.3,2.6,2.1,1.6,0.332
2026-03-13 01:55:09,58ad69c4bd82540010390be7,0.0,0.0,0.0,0.0,2.3,2.6,2.1,1.6,0.268
2026-03-13 01:55:09,6623f5876f998a001b25291a,0.0,0.0,0.0,0.0,2.3,2.6,2.1,1.6,0.763
2026-03-13 01:55:09,6623e2e16f998a001b252233,0.0,0.0,0.0,0.0,2.3,2.6,2.1,1.6,0.267
2026-03-13 01:55:09,63b54898bfd3d90017ea77ae,0.0,0.0,0.0,0.0,2.3,2.6,2.1,1.6,0.333
2026-03-13 01:55:09,63b549b8bfd3d90017ea782c,0.0,0.0,0.0,0.0,2.3,2.6,2.1,1.6,0.514
2026-03-13 01:55:09,662b5b271afb9c00172d9296,0.0,0.0,0.0,0.0,2.3,2.6,2.1,1.6,0.274
2026-03-13 01:55:09,662a87df1afb9c00172d2522,0.0,0.0,0.0,0.0,2.3,2.6,2.1,1.6,0.256
2026-03-13 01:55:09,68ede60a230ee50017d04c69,0.0,0.0,0.0,0.0,2.3,2.6,2.1,1.6,0.294
2026-03-13 01:55:09,5a823bd55058170011f6eaa0,0.0,0.0,0.0,0.0,2.3,2.6,2.1,1.6,0.315
2026-03-13 01:55:09,5a6085688576340017d06684,0.0,0.0,0.0,0.0,2.3,2.6,2.1,1.6,0.306
2026-03-13 01:55:09,595dd7693dcfc400106f28b0,0.0,0.0,0.0,0.0,2.3,2.6,2.1,1.6,0.299
2026-03-13 01:55:09,6623e88c6f998a001b25248b,0.0,0.0,0.0,0.0,2.3,2.6,2.1,1.6,0.298
2026-03-13 01:55:09,63b54996bfd3d90017ea781a,0.0,0.0,0.0,0.0,2.3,2.6,2.1,1.6,0.346
2026-03-13 01:55:09,56de42f611f398ec0c481283,0.0,0.0,0.0,0.0,2.3,2.6,2.1,1.6,0.271
2026-03-13 01:55:09,5d8cdcf0766c880017188972,0.0,0.0,0.0,0.0,2.3,2.6,2.1,1.6,0.295
2026-03-13 01:55:09,67e217643215f90017863b73,0.0,0.0,0.0,0.0,2.3,2.6,2.1,1.6,0.319
2026-03-13 01:55:09,662b57ec1afb9c00172d90e3,0.0,0.0,0.0,0.0,2.3,2.6,2.1,1.6,0.271
2026-03-13 01:55:09,662b50571afb9c00172d87df,0.0,0.0,0.0,0.0,2.3,2.6,2.1,1.6,0.278
2026-03-13 01:55:09,56df8274c062921100c143df,0.0,0.0,0.0,0.0,2.3,2.6,2.1,1.6,0.294
2026-03-13 01:55:09,662b52131afb9c00172d8a23,0.0,0.0,0.0,0.0,2.3,2.6,2.1,1.6,0.285
2026-03-13 01:55:09,68188b786dfb4b0018f8face,0.0,0.0,0.0,0.0,2.3,2.6,2.1,1.6,0.299
2026-03-13 01:55:09,5a6061fd8576340017d06613,0.0,0.0,0.0,0.0,2.3,2.6,2.1,1.6,0.396
2026-03-13 01:55:09,6623f0246f998a001b252797,0.0,0.0,0.0,0.0,2.3,2.6,2.1,1.6,0.305
2026-03-13 01:55:09,595da7d93dcfc400106f288a,0.0,0.0,0.0,0.0,2.3,2.6,2.1,1.6,0.326
2026-03-13 01:55:09,66b1c311779f740018674083,0.0,0.0,0.0,0.0,2.3,2.6,2.1,1.6,0.574
2026-03-13 01:55:09,68ae7f327d735d00173c74e4,0.0,0.0,0.0,0.0,2.3,2.6,2.1,1.6,0.314
2026-03-13 01:55:09,59ca30fd02eb490011a0a406,0.0,0.0,0.0,0.0,2.3,2.6,2.1,1.6,0.273
2026-03-13 01:55:09,662a8cfe1afb9c00172d296e,0.0,0.0,0.0,0.0,2.3,2.6,2.1,1.6,0.344
2026-03-13 01:55:09,589b39d9b3bf7600110283c1,0.0,0.0,0.0,0.0,2.3,2.6,2.1,1.6,0.253
2026-03-13 01:55:09,5d8cd326766c88001718893e,0.0,0.0,0.0,0.0,2.3,2.6,2.1,1.6,0.48
2026-03-13 01:55:09,587461c1b807da0011e33cc8,0.0,0.0,0.0,0.0,2.3,2.6,2.1,1.6,0.323
2026-03-13 01:55:09,63ae76afbfd3d90017e8f106,0.0,0.0,0.0,0.0,2.3,2.6,2.1,1.6,0.321
2026-03-13 01:55:09,63b661a3bfd3d90017eaa520,0.0,0.0,0.0,0.0,2.3,2.6,2.1,1.6,0.273
2026-03-13 01:55:09,583f926761cfea0012cf68f1,0.0,0.0,0.0,0.0,2.3,2.6,2.1,1.6,0.327
2026-03-13 01:55:09,6878bab06145d3001ba517f7,0.0,0.0,0.0,0.0,2.3,2.6,2.1,1.6,0.267
2026-03-13 01:55:09,56df81d8c062921100c143de,0.0,0.0,0.0,0.0,2.3,2.6,2.1,1.6,0.47
2026-03-13 01:55:09,63ae73cebfd3d90017e8f00d,0.0,0.0,0.0,0.0,2.3,2.6,2.1,1.6,0.251
2026-03-13 01:55:09,662a8a661afb9c00172d2762,0.0,0.0,0.0,0.0,2.3,2.6,2.1,1.6,0.28
2026-03-13 01:55:09,6623e7526f998a001b252407,0.0,0.0,0.0,0.0,2.3,2.6,2.1,1.6,0.312
2026-03-13 01:55:09,5a6084898576340017d06680,0.0,0.0,0.0,0.0,2.3,2.6,2.1,1.6,0.265
2026-03-13 01:55:09,56de42f611f398ec0c48129b,0.0,0.0,0.0,0.0,2.3,2.6,2.1,1.6,0.327
2026-03-13 01:55:09,586e2492f9fab7001111b0ab,0.0,0.0,0.0,0.0,2.3,2.6,2.1,1.6,0.251
2026-03-13 01:55:09,68edd621230ee50017d031c5,0.0,0.0,0.0,0.0,2.3,2.6,2.1,1.6,0.259
2026-03-13 01:55:09,68ede0cf230ee50017d04657,0.0,0.0,0.0,0.0,2.3,2.6,2.1,1.6,0.344
2026-03-13 01:55:09,662b571d1afb9c00172d9083,0.0,0.0,0.0,0.0,2.3,2.6,2.1,1.6,0.263
2026-03-13 01:55:09,587479b1b807da0011e33cf9,0.0,0.0,0.0,0.0,2.3,2.6,2.1,1.6,0.33
2026-03-13 01:55:09,62da3e620637a10017d70720,0.0,0.0,0.0,0.0,2.3,2.6,2.1,1.6,0.276
2026-03-13 01:55:09,63b54909bfd3d90017ea77e4,0.0,0.0,0.0,0.0,2.3,2.6,2.1,1.6,0.27
2026-03-13 01:55:09,595ddbbf3dcfc400106f28b8,0.0,0.0,0.0,0.0,2.3,2.6,2.1,1.6,0.265
2026-03-13 01:55:09,5d9de43b766c880017188cb6,0.0,0.0,0.0,0.0,2.3,2.6,2.1,1.6,0.31
2026-03-13 01:55:09,5a8250cc5058170011f6eaba,0.0,0.0,0.0,0.0,2.3,2.6,2.1,1.6,0.261
2026-03-13 01:55:09,6818868b6dfb4b0018f8f298,0.0,0.0,0.0,0.0,2.3,2.6,2.1,1.6,0.299
2026-03-13 01:55:09,5b0b7e1c0e517b00119fd80b,0.0,0.0,0.0,0.0,2.3,2.6,2.1,1.6,0.33
2026-03-13 01:55:09,56de42f611f398ec0c48129a,0.0,0.0,0.0,0.0,2.3,2.6,2.1,1.6,0.336
2026-03-13 01:55:09,662b57711afb9c00172d90a7,0.0,0.0,0.0,0.0,2.3,2.6,2.1,1.6,0.325
2026-03-13 01:55:09,63b54968bfd3d90017ea7808,0.0,0.0,0.0,0.0,2.3,2.6,2.1,1.6,0.281
2026-03-13 01:55:09,56de42f611f398ec0c48127f,0.0,0.0,0.0,0.0,2.3,2.6,2.1,1.6,0.493
2026-03-13 01:55:09,58df5016dc195800111e04bd,0.0,0.0,0.0,0.0,2.3,2.6,2.1,1.6,0.322
2026-03-13 01:55:09,681887836dfb4b0018f8f3d1,0.0,0.0,0.0,0.0,2.3,2.6,2.1,1.6,0.327
2026-03-13 01:55:09,681884726dfb4b0018f8f035,0.0,0.0,0.0,0.0,2.3,2.6,2.1,1.6,0.284
2026-03-13 01:55:09,5d8cdac3766c880017188962,0.0,0.0,0.0,0.0,2.3,2.6,2.1,1.6,0.348
2026-03-13 01:55:09,587ef5dfb807da0011e33d59,0.0,0.0,0.0,0.0,2.3,2.6,2.1,1.6,0.335
2026-03-13 01:55:09,68fae32b6b936b001721878b,0.0,0.0,0.0,0.0,2.3,2.6,2.1,1.6,0.311
2026-03-13 01:55:09,595dc2f03dcfc400106f2896,0.0,0.0,0.0,0.0,2.3,2.6,2.1,1.6,0.281
2026-03-13 01:55:09,662b85f51afb9c00172dd1c2,0.0,0.0,0.0,0.0,2.3,2.6,2.1,1.6,0.326
2026-03-13 01:55:09,692293f044912200174bc856,0.0,0.0,0.0,0.0,2.3,2.6,2.1,1.6,0.282
2026-03-13 01:55:09,68a588c04e89b100173b616b,0.0,0.0,0.0,0.0,2.3,2.6,2.1,1.6,0.33
2026-03-13 01:55:09,5d8cdbdc766c88001718896a,0.0,0.0,0.0,0.0,2.3,2.6,2.1,1.6,0.303
2026-03-13 01:55:09,63b54d5abfd3d90017ea7afe,0.0,0.0,0.0,0.0,2.3,2.6,2.1,1.6,0.298
2026-03-13 01:55:09,5deb576d1dc17d7c5515ad13,0.0,0.0,0.0,0.0,2.3,2.6,2.1,1.6,0.286
2026-03-13 01:55:09,662b862a1afb9c00172dd1ff,0.0,0.0,0.0,0.0,2.3,2.6,2.1,1.6,0.273
2026-03-13 01:55:09,5deb576d1dc17d7c5515acf2,0.0,0.0,0.0,0.0,2.3,2.6,2.1,1.6,0.305
2026-03-13 01:55:09,5a824e465058170011f6eab4,0.0,0.0,0.0,0.0,2.3,2.6,2.1,1.6,0.51
2026-03-13 01:55:09,662b57471afb9c00172d9095,0.0,0.0,0.0,0.0,2.3,2.6,2.1,1.6,0.325
2026-03-13 01:55:09,56de42f611f398ec0c481291,0.0,0.0,0.0,0.0,2.3,2.6,2.1,1.6,0.496
2026-03-13 01:55:09,584e71cb61cfea0012cf694b,0.0,0.0,0.0,0.0,2.3,2.6,2.1,1.6,0.282
2026-03-13 01:55:09,595f874d3dcfc400106f28ec,0.0,0.0,0.0,0.0,2.3,2.6,2.1,1.6,0.274
2026-03-13 01:55:09,5b19d34faf4ff60011d6ea52,0.0,0.0,0.0,0.0,2.3,2.6,2.1,1.6,0.253
2026-03-13 01:55:09,63b3c9bfbfd3d90017e9b039,0.0,0.0,0.0,0.0,2.3,2.6,2.1,1.6,0.318
2026-03-13 01:55:09,5deb576d1dc17d7c5515acf4,0.0,0.0,0.0,0.0,2.3,2.6,2.1,1.6,0.281
2026-03-13 01:55:09,6922944044912200174bc883,0.0,0.0,0.0,0.0,2.3,2.6,2.1,1.6,0.326
2026-03-13 01:55:09,58af99abbd82540010390c39,0.0,0.0,0.0,0.0,2.3,2.6,2.1,1.6,0.282
2026-03-13 01:55:09,68a5894a4e89b100173b6202,0.0,0.0,0.0,0.0,2.3,2.6,2.1,1.6,0.32
2026-03-13 01:55:09,6623ecc16f998a001b25269e,0.0,0.0,0.0,0.0,2.3,2.6,2.1,1.6,0.323
2026-03-13 01:55:09,6623e3ea6f998a001b2522ae,0.0,0.0,0.0,0.0,2.3,2.6,2.1,1.6,0.336
2026-03-13 01:55:09,662b7d0c1afb9c00172dc6a6,0.0,0.0,0.0,0.0,2.3,2.6,2.1,1.6,0.349
2026-03-13 01:55:09,662b54bb1afb9c00172d8dbb,0.0,0.0,0.0,0.0,2.3,2.6,2.1,1.6,0.45
2026-03-13 01:55:09,662b58bd1afb9c00172d9119,0.0,0.0,0.0,0.0,2.3,2.6,2.1,1.6,0.327
2026-03-13 01:55:09,595f86c43dcfc400106f28ea,0.0,0.0,0.0,0.0,2.3,2.6,2.1,1.6,0.305
2026-03-13 01:55:09,59ca321b02eb490011a0a40d,0.0,0.0,0.0,0.0,2.3,2.6,2.1,1.6,0.413
2026-03-13 01:55:09,5a82439f5058170011f6eaa9,0.0,0.0,0.0,0.0,2.3,2.6,2.1,1.6,0.329
2026-03-13 01:55:09,6623e5d66f998a001b25235a,0.0,0.0,0.0,0.0,2.3,2.6,2.1,1.6,0.324
2026-03-13 01:55:09,58d7c20ac1e33c00112b321c,0.0,0.0,0.0,0.0,2.3,2.6,2.1,1.6,0.378
2026-03-13 01:55:09,589d0b74b3bf7600110283d4,0.0,0.0,0.0,0.0,2.3,2.6,2.1,1.6,0.498
2026-03-13 01:55:09,56df807bc062921100c143da,0.0,0.0,0.0,0.0,2.3,2.6,2.1,1.6,0.358
2026-03-13 01:55:09,662b82a61afb9c00172dcdfd,0.0,0.0,0.0,0.0,2.3,2.6,2.1,1.6,0.34
2026-03-13 01:55:09,586e266ef9fab7001111b0b0,0.0,0.0,0.0,0.0,2.3,2.6,2.1,1.6,0.264
2026-03-13 01:55:09,63ae7a74bfd3d90017e8f2c7,0.0,0.0,0.0,0.0,2.3,2.6,2.1,1.6,0.256
2026-03-13 01:55:09,59d3414302eb490011a0a610,0.0,0.0,0.0,0.0,2.3,2.6,2.1,1.6,0.305
2026-03-13 01:55:09,6623e9e96f998a001b2525ce,0.0,0.0,0.0,0.0,2.3,2.6,2.1,1.6,0.315
2026-03-13 01:55:09,63ae7a9cbfd3d90017e8f303,0.0,0.0,0.0,0.0,2.3,2.6,2.1,1.6,0.319
2026-03-13 01:55:09,5a6085188576340017d06682,0.0,0.0,0.0,0.0,2.3,2.6,2.1,1.6,0.311
2026-03-13 01:55:09,56de42f611f398ec0c481286,0.0,0.0,0.0,0.0,2.3,2.6,2.1,1.6,0.291
2026-03-13 01:55:09,6623f14b6f998a001b2527f0,0.0,0.0,0.0,0.0,2.3,2.6,2.1,1.6,0.404
2026-03-13 01:55:09,662b4f411afb9c00172d86fc,0.0,0.0,0.0,0.0,2.3,2.6,2.1,1.6,0.482
2026-03-13 01:55:09,6792f9c88c5ed4001b27fb3d,0.0,0.0,0.0,0.0,2.3,2.6,2.1,1.6,0.284
2026-03-13 01:55:09,662b843d1afb9c00172dd02d,0.0,0.0,0.0,0.0,2.3,2.6,2.1,1.6,0.294
2026-03-13 01:55:09,595d9b3b3dcfc400106f287e,0.0,0.0,0.0,0.0,2.3,2.6,2.1,1.6,0.518
2026-03-13 01:55:09,5deb576d1dc17d7c5515ad0b,0.0,0.0,0.0,0.0,2.3,2.6,2.1,1.6,0.308
2026-03-13 01:55:09,5a6087858576340017d0668e,0.0,0.0,0.0,0.0,2.3,2.6,2.1,1.6,0.359
2026-03-13 01:55:09,662b4e581afb9c00172d862f,0.0,0.0,0.0,0.0,2.3,2.6,2.1,1.6,0.289
2026-03-13 01:55:09,587464e2b807da0011e33cd9,0.0,0.0,0.0,0.0,2.3,2.6,2.1,1.6,0.277
2026-03-13 01:55:09,58afdbaebd82540010390c48,0.0,0.0,0.0,0.0,2.3,2.6,2.1,1.6,0.283
2026-03-13 01:55:09,63b54c51bfd3d90017ea7aa0,0.0,0.0,0.0,0.0,2.3,2.6,2.1,1.6,0.266
2026-03-13 01:55:09,58ad6214bd82540010390be2,0.0,0.0,0.0,0.0,2.3,2.6,2.1,1.6,0.34
2026-03-13 01:55:09,5deb576d1dc17d7c5515ad09,0.0,0.0,0.0,0.0,2.3,2.6,2.1,1.6,0.336
2026-03-13 01:55:09,58af8a0bbd82540010390c25,0.0,0.0,0.0,0.0,2.3,2.6,2.1,1.6,0.316
2026-03-13 01:55:09,5b0b74280e517b00119fd7f9,0.0,0.0,0.0,0.0,2.3,2.6,2.1,1.6,0.358
2026-03-13 01:55:09,587ef859b807da0011e33d5b,0.0,0.0,0.0,0.0,2.3,2.6,2.1,1.6,0.289
2026-03-13 01:55:09,58744e97b807da0011e33cb9,0.0,0.0,0.0,0.0,2.3,2.6,2.1,1.6,0.288
2026-03-13 01:55:09,692293c644912200174bc83b,0.0,0.0,0.0,0.0,2.3,2.6,2.1,1.6,0.336
2026-03-13 01:55:09,63b54a48bfd3d90017ea7850,0.0,0.0,0.0,0.0,2.3,2.6,2.1,1.6,0.322
2026-03-13 01:55:09,58c2717ed56e930010a39ac0,0.0,0.0,0.0,0.0,2.3,2.6,2.1,1.6,0.319
2026-03-13 01:55:09,58afcd9bbd82540010390c41,0.0,0.0,0.0,0.0,2.3,2.6,2.1,1.6,0.338
2026-03-13 01:55:09,63b54a9ebfd3d90017ea7911,0.0,0.0,0.0,0.0,2.3,2.6,2.1,1.6,0.33
2026-03-13 01:55:09,5bbc7163ca0577001164127f,0.0,0.0,0.0,0.0,2.3,2.6,2.1,1.6,0.292
2026-03-13 01:55:09,6623f3d66f998a001b252890,0.0,0.0,0.0,0.0,2.3,2.6,2.1,1.6,0.303
2026-03-13 01:55:09,5b6005b6fd4edb0019c7db25,0.0,0.0,0.0,0.0,2.3,2.6,2.1,1.6,0.279
2026-03-13 01:55:09,662a902a1afb9c00172d2bed,0.0,0.0,0.0,0.0,2.3,2.6,2.1,1.6,0.335
2026-03-13 01:55:09,662b85481afb9c00172dd0f1,0.0,0.0,0.0,0.0,2.3,2.6,2.1,1.6,0.27
2026-03-13 01:55:09,6623ef2b6f998a001b252753,0.0,0.0,0.0,0.0,2.3,2.6,2.1,1.6,0.29
2026-03-13 01:55:09,66b1c4e7779f7400186741e4,0.0,0.0,0.0,0.0,2.3,2.6,2.1,1.6,0.326
2026-03-13 01:55:09,56de42f611f398ec0c48129c,0.0,0.0,0.0,0.0,2.3,2.6,2.1,1.6,0.347
2026-03-13 01:55:09,587c8661b807da0011e33d43,0.0,0.0,0.0,0.0,2.3,2.6,2.1,1.6,0.261
2026-03-13 01:55:09,5b632a79fd4edb0019c7dc0f,0.0,0.0,0.0,0.0,2.3,2.6,2.1,1.6,0.543
2026-03-13 01:55:09,662a87a41afb9c00172d24e9,0.0,0.0,0.0,0.0,2.3,2.6,2.1,1.6,0.347
2026-03-13 01:55:09,595dd4133dcfc400106f28a9,0.0,0.0,0.0,0.0,2.3,2.6,2.1,1.6,0.326
2026-03-13 01:55:09,662b5b8c1afb9c00172d92ca,0.0,0.0,0.0,0.0,2.3,2.6,2.1,1.6,0.425
2026-03-13 01:55:09,5d8cd7bb766c880017188952,0.0,0.0,0.0,0.0,2.3,2.6,2.1,1.6,0.269
2026-03-13 01:55:09,56df857fc062921100c143e7,0.0,0.0,0.0,0.0,2.3,2.6,2.1,1.6,0.258
2026-03-13 01:55:09,63ae75debfd3d90017e8f082,0.0,0.0,0.0,0.0,2.3,2.6,2.1,1.6,0.331
2026-03-13 01:55:09,6623eb466f998a001b252632,0.0,0.0,0.0,0.0,2.3,2.6,2.1,1.6,0.259
2026-03-13 01:55:09,5a824dc05058170011f6eab2,0.0,0.0,0.0,0.0,2.3,2.6,2.1,1.6,0.476
2026-03-13 01:55:09,5d8cd49f766c880017188944,0.0,0.0,0.0,0.0,2.3,2.6,2.1,1.6,0.51
2026-03-13 01:55:09,5a606c078576340017d06624,0.0,0.0,0.0,0.0,2.3,2.6,2.1,1.6,0.333
2026-03-13 01:55:09,5deb576d1dc17d7c5515acf3,0.0,0.0,0.0,0.0,2.3,2.6,2.1,1.6,0.291
2026-03-13 01:55:09,5a8254b05058170011f6eac3,0.0,0.0,0.0,0.0,2.3,2.6,2.1,1.6,0.693
2026-03-13 01:55:09,662b50c11afb9c00172d8843,0.0,0.0,0.0,0.0,2.3,2.6,2.1,1.6,0.435
2026-03-13 01:55:09,6623f51a6f998a001b252900,0.0,0.0,0.0,0.0,2.3,2.6,2.1,1.6,0.269
2026-03-13 01:55:09,5deb576d1dc17d7c5515ad1b,0.0,0.0,0.0,0.0,2.3,2.6,2.1,1.6,0.323
2026-03-13 01:55:09,58744e3eb807da0011e33cb7,0.0,0.0,0.0,0.0,2.3,2.6,2.1,1.6,0.307
2026-03-13 01:55:09,58744dd9b807da0011e33cb5,0.0,0.0,0.0,0.0,2.3,2.6,2.1,1.6,0.284
2026-03-13 01:55:09,56df8416c062921100c143e4,0.0,0.0,0.0,0.0,2.3,2.6,2.1,1.6,0.321
2026-03-13 01:55:09,681883b46dfb4b0018f8ef39,0.0,0.0,0.0,0.0,2.3,2.6,2.1,1.6,0.308
2026-03-13 01:55:09,58af8b69bd82540010390c28,0.0,0.0,0.0,0.0,2.3,2.6,2.1,1.6,0.306
2026-03-13 01:55:09,6623e3a26f998a001b252291,0.0,0.0,0.0,0.0,2.3,2.6,2.1,1.6,0.312
2026-03-13 01:55:09,589b3ceeb3bf7600110283c3,0.0,0.0,0.0,0.0,2.3,2.6,2.1,1.6,0.298
2026-03-13 01:55:09,595dcab53dcfc400106f289d,0.0,0.0,0.0,0.0,2.3,2.6,2.1,1.6,0.252
2026-03-13 01:55:09,662a89211afb9c00172d2636,0.0,0.0,0.0,0.0,2.3,2.6,2.1,1.6,0.307
2026-03-13 01:55:09,5deb576d1dc17d7c5515ad05,0.0,0.0,0.0,0.0,2.3,2.6,2.1,1.6,0.265
2026-03-13 01:55:09,595dd4f43dcfc400106f28ab,0.0,0.0,0.0,0.0,2.3,2.6,2.1,1.6,0.269
2026-03-13 01:55:09,6792ef4f8c5ed4001b27f2c0,0.0,0.0,0.0,0.0,2.3,2.6,2.1,1.6,0.338
2026-03-13 01:55:09,662b84771afb9c00172dd076,0.0,0.0,0.0,0.0,2.3,2.6,2.1,1.6,0.308
2026-03-13 01:55:09,6623f0b46f998a001b2527c3,0.0,0.0,0.0,0.0,2.3,2.6,2.1,1.6,0.324
2026-03-13 01:55:09,6922928544912200174bc755,0.0,0.0,0.0,0.0,2.3,2.6,2.1,1.6,0.327
2026-03-13 01:55:09,665861d864f11e00173c73a9,0.0,0.0,0.0,0.0,2.3,2.6,2.1,1.6,0.351
2026-03-13 01:55:09,5a607f078576340017d0666f,0.0,0.0,0.0,0.0,2.3,2.6,2.1,1.6,0.3
2026-03-13 01:55:09,68ede112230ee50017d046a6,0.0,0.0,0.0,0.0,2.3,2.6,2.1,1.6,0.316
2026-03-13 01:55:09,5a824ee15058170011f6eab6,0.0,0.0,0.0,0.0,2.3,2.6,2.1,1.6,0.304
2026-03-13 01:55:09,6623ed396f998a001b2526b8,0.0,0.0,0.0,0.0,2.3,2.6,2.1,1.6,0.284
2026-03-13 01:55:09,5b632b60fd4edb0019c7dc12,0.0,0.0,0.0,0.0,2.3,2.6,2.1,1.6,0.571
2026-03-13 01:55:09,587c8d97b807da0011e33d49,0.0,0.0,0.0,0.0,2.3,2.6,2.1,1.6,0.279
2026-03-13 01:55:09,59414c883dcfc400106f260b,0.0,0.0,0.0,0.0,2.3,2.6,2.1,1.6,0.314
2026-03-13 01:55:09,56df82d4c062921100c143e0,0.0,0.0,0.0,0.0,2.3,2.6,2.1,1.6,0.35
2026-03-13 01:55:09,6792f1008c5ed4001b27f41f,0.0,0.0,0.0,0.0,2.3,2.6,2.1,1.6,0.262
2026-03-13 01:55:09,58affc6017139d0010f35cc8,0.0,0.0,0.0,0.0,2.3,2.6,2.1,1.6,0.277
2026-03-13 01:55:09,587463bab807da0011e33cd3,0.0,0.0,0.0,0.0,2.3,2.6,2.1,1.6,0.303
2026-03-13 01:55:09,5deb576d1dc17d7c5515ad1c,0.0,0.0,0.0,0.0,2.3,2.6,2.1,1.6,0.254
2026-03-13 01:55:09,56de42f611f398ec0c481287,0.0,0.0,0.0,0.0,2.3,2.6,2.1,1.6,0.307
2026-03-13 01:55:09,662b5c981afb9c00172d94c0,0.0,0.0,0.0,0.0,2.3,2.6,2.1,1.6,0.464
2026-03-13 01:55:09,662a861e1afb9c00172d23ad,0.0,0.0,0.0,0.0,2.3,2.6,2.1,1.6,0.353
2026-03-13 01:55:09,662b5a9c1afb9c00172d9240,0.0,0.0,0.0,0.0,2.3,2.6,2.1,1.6,0.33
2026-03-13 01:55:09,662a88a01afb9c00172d25d1,0.0,0.0,0.0,0.0,2.3,2.6,2.1,1.6,0.283
2026-03-13 01:55:09,68a587fc4e89b100173b6054,0.0,0.0,0.0,0.0,2.3,2.6,2.1,1.6,0.263
2026-03-13 01:55:09,662b4e201afb9c00172d85f9,0.0,0.0,0.0,0.0,2.3,2.6,2.1,1.6,0.41
2026-03-13 01:55:09,5d8cdb4b766c880017188966,0.0,0.0,0.0,0.0,2.3,2.6,2.1,1.6,0.283
2026-03-13 01:55:09,58b57a6c17139d0010f35d65,0.0,0.0,0.0,0.0,2.3,2.6,2.1,1.6,0.303
2026-03-13 01:55:09,62da3e390637a10017d706ff,0.0,0.0,0.0,0.0,2.3,2.6,2.1,1.6,0.306
2026-03-13 01:55:09,5deb576d1dc17d7c5515ad10,0.0,0.0,0.0,0.0,2.3,2.6,2.1,1.6,0.271
2026-03-13 01:55:09,66b1c4a2779f74001867418c,0.0,0.0,0.0,0.0,2.3,2.6,2.1,1.6,0.251
2026-03-13 01:55:09,631813ebc9eae60017a196b0,0.0,0.0,0.0,0.0,2.3,2.6,2.1,1.6,0.438
2026-03-13 01:55:09,68188cfa6dfb4b0018f9013c,0.0,0.0,0.0,0.0,2.3,2.6,2.1,1.6,0.283
2026-03-13 01:55:09,587475abb807da0011e33cea,0.0,0.0,0.0,0.0,2.3,2.6,2.1,1.6,0.338
2026-03-13 01:55:09,5deb576d1dc17d7c5515ad0e,0.0,0.0,0.0,0.0,2.3,2.6,2.1,1.6,0.324
2026-03-13 01:55:09,68ede227230ee50017d0480b,0.0,0.0,0.0,0.0,2.3,2.6,2.1,1.6,0.28
2026-03-13 01:55:09,5deb576d1dc17d7c5515ad11,0.0,0.0,0.0,0.0,2.3,2.6,2.1,1.6,0.323
2026-03-13 01:55:09,68ede25b230ee50017d0484d,0.0,0.0,0.0,0.0,2.3,2.6,2.1,1.6,0.328
2026-03-13 01:55:09,587478d8b807da0011e33cf3,0.0,0.0,0.0,0.0,2.3,2.6,2.1,1.6,0.272
2026-03-13 01:55:09,5deb576d1dc17d7c5515acf8,0.0,0.0,0.0,0.0,2.3,2.6,2.1,1.6,0.261
2026-03-13 01:55:09,591c6833a6bfb500119400a3,0.0,0.0,0.0,0.0,2.3,2.6,2.1,1.6,0.329
2026-03-13 01:55:09,63ae7938bfd3d90017e8f226,0.0,0.0,0.0,0.0,2.3,2.6,2.1,1.6,0.275
2026-03-13 01:55:09,63b664edbfd3d90017eaaa24,0.0,0.0,0.0,0.0,2.3,2.6,2.1,1.6,0.275
2026-03-13 01:55:09,56df83d8c062921100c143e3,0.0,0.0,0.0,0.0,2.3,2.6,2.1,1.6,0.269
2026-03-13 01:55:09,6623e5776f998a001b252337,0.0,0.0,0.0,0.0,2.3,2.6,2.1,1.6,0.285
2026-03-13 01:55:09,59ca308302eb490011a0a403,0.0,0.0,0.0,0.0,2.3,2.6,2.1,1.6,0.282
2026-03-13 01:55:09,5deb576d1dc17d7c5515acfd,0.0,0.0,0.0,0.0,2.3,2.6,2.1,1.6,0.349
2026-03-13 01:55:09,56df8159c062921100c143dc,0.0,0.0,0.0,0.0,2.3,2.6,2.1,1.6,0.517
2026-03-13 01:55:09,587ef2e4b807da0011e33d57,0.0,0.0,0.0,0.0,2.3,2.6,2.1,1.6,0.309
2026-03-13 01:55:09,589b3f7db3bf7600110283c6,0.0,0.0,0.0,0.0,2.3,2.6,2.1,1.6,0.306
2026-03-13 01:55:09,68188c876dfb4b0018f9007b,0.0,0.0,0.0,0.0,2.3,2.6,2.1,1.6,0.297
2026-03-13 01:55:09,6623e6706f998a001b25239b,0.0,0.0,0.0,0.0,2.3,2.6,2.1,1.6,0.403
2026-03-13 01:55:09,662b86551afb9c00172dd227,0.0,0.0,0.0,0.0,2.3,2.6,2.1,1.6,0.258
2026-03-13 01:55:09,662a88521afb9c00172d2592,0.0,0.0,0.0,0.0,2.3,2.6,2.1,1.6,0.536
2026-03-13 01:55:09,649da77ea6068200171a6dd4,0.0,0.0,0.0,0.0,2.3,2.6,2.1,1.6,0.322
2026-03-13 01:55:09,63b3c59fbfd3d90017e9ace8,0.0,0.0,0.0,0.0,2.3,2.6,2.1,1.6,0.283
2026-03-13 01:55:09,58b5510817139d0010f35d4e,0.0,0.0,0.0,0.0,2.3,2.6,2.1,1.6,0.325
2026-03-13 01:55:09,5a824c905058170011f6eab0,0.0,0.0,0.0,0.0,2.3,2.6,2.1,1.6,0.309
2026-03-13 01:55:09,5deb576d1dc17d7c5515ad16,0.0,0.0,0.0,0.0,2.3,2.6,2.1,1.6,0.339
2026-03-13 01:55:09,63ae7c73bfd3d90017e8f3ed,0.0,0.0,0.0,0.0,2.3,2.6,2.1,1.6,0.302
2026-03-13 01:55:09,586e1d4ef9fab7001111b0a2,0.0,0.0,0.0,0.0,2.3,2.6,2.1,1.6,0.36
2026-03-13 01:55:09,63195512c9eae60017a1c279,0.0,0.0,0.0,0.0,2.3,2.6,2.1,1.6,0.311
2026-03-13 01:55:09,59ca2ecb02eb490011a0a3f6,0.0,0.0,0.0,0.0,2.3,2.6,2.1,1.6,0.325
2026-03-13 01:55:09,5d8cdc9d766c880017188970,0.0,0.0,0.0,0.0,2.3,2.6,2.1,1.6,0.32
2026-03-13 01:55:09,6792f1b78c5ed4001b27f4a9,0.0,0.0,0.0,0.0,2.3,2.6,2.1,1.6,0.421
2026-03-13 01:55:09,58d8ec0adc195800111e042b,0.0,0.0,0.0,0.0,2.3,2.6,2.1,1.6,0.41
2026-03-13 01:55:09,5a8254f25058170011f6eac5,0.0,0.0,0.0,0.0,2.3,2.6,2.1,1.6,0.673
2026-03-13 01:55:09,63ae7c53bfd3d90017e8f3d8,0.0,0.0,0.0,0.0,2.3,2.6,2.1,1.6,0.291
2026-03-13 01:55:09,5deb576d1dc17d7c5515ad20,0.0,0.0,0.0,0.0,2.3,2.6,2.1,1.6,0.545
2026-03-13 01:55:09,5874796db807da0011e33cf7,0.0,0.0,0.0,0.0,2.3,2.6,2.1,1.6,0.3
2026-03-13 01:55:09,5deb576d1dc17d7c5515acfa,0.0,0.0,0.0,0.0,2.3,2.6,2.1,1.6,0.316
2026-03-13 01:55:09,58746536b807da0011e33cdc,0.0,0.0,0.0,0.0,2.3,2.6,2.1,1.6,0.262
2026-03-13 01:55:09,5a8251575058170011f6eabc,0.0,0.0,0.0,0.0,2.3,2.6,2.1,1.6,0.293
2026-03-13 01:55:09,662b59291afb9c00172d912b,0.0,0.0,0.0,0.0,2.3,2.6,2.1,1.6,0.342
2026-03-13 01:55:09,5a6060a88576340017d0660d,0.0,0.0,0.0,0.0,2.3,2.6,2.1,1.6,0.331
2026-03-13 01:55:09,63b65f33bfd3d90017eaa405,0.0,0.0,0.0,0.0,2.3,2.6,2.1,1.6,0.321
2026-03-13 01:55:09,5deb576d1dc17d7c5515ad1e,0.0,0.0,0.0,0.0,2.3,2.6,2.1,1.6,0.269
2026-03-13 01:55:09,5a6061868576340017d06611,0.0,0.0,0.0,0.0,2.3,2.6,2.1,1.6,0.42
2026-03-13 01:55:09,589b3705b3bf7600110283bd,0.0,0.0,0.0,0.0,2.3,2.6,2.1,1.6,0.315
2026-03-13 01:55:09,63ae7759bfd3d90017e8f162,0.0,0.0,0.0,0.0,2.3,2.6,2.1,1.6,0.257
2026-03-13 01:55:09,63ae7709bfd3d90017e8f135,0.0,0.0,0.0,0.0,2.3,2.6,2.1,1.6,0.298
2026-03-13 01:55:09,662b55111afb9c00172d8e2e,0.0,0.0,0.0,0.0,2.3,2.6,2.1,1.6,0.261
2026-03-13 01:55:09,649da419a6068200171a6c90,0.0,0.0,0.0,0.0,2.3,2.6,2.1,1.6,0.504
2026-03-13 01:55:09,58afccadbd82540010390c3f,0.0,0.0,0.0,0.0,2.3,2.6,2.1,1.6,0.279
2026-03-13 01:55:09,662b82761afb9c00172dcda3,0.0,0.0,0.0,0.0,2.3,2.6,2.1,1.6,0.259
2026-03-13 01:55:09,5deb576d1dc17d7c5515acf7,0.0,0.0,0.0,0.0,2.3,2.6,2.1,1.6,0.32
2026-03-13 01:55:09,5d9ddd49766c880017188c94,0.0,0.0,0.0,0.0,2.3,2.6,2.1,1.6,0.544
2026-03-13 01:55:09,5d8cd767766c880017188950,0.0,0.0,0.0,0.0,2.3,2.6,2.1,1.6,0.333
2026-03-13 01:55:09,6922931044912200174bc7cf,0.0,0.0,0.0,0.0,2.3,2.6,2.1,1.6,0.257
2026-03-13 01:55:09,6792f16e8c5ed4001b27f482,0.0,0.0,0.0,0.0,2.3,2.6,2.1,1.6,0.334
2026-03-13 01:55:09,595f8d813dcfc400106f28f2,0.0,0.0,0.0,0.0,2.3,2.6,2.1,1.6,0.346
2026-03-13 01:55:09,5874656eb807da0011e33cde,0.0,0.0,0.0,0.0,2.3,2.6,2.1,1.6,0.289
2026-03-13 01:55:09,6623e3566f998a001b25226d,0.0,0.0,0.0,0.0,2.3,2.6,2.1,1.6,0.271
2026-03-13 01:55:09,5abbb6d698d8fc001102dfc8,0.0,0.0,0.0,0.0,2.3,2.6,2.1,1.6,0.506
2026-03-13 01:55:09,5d8cdd26766c880017188974,0.0,0.0,0.0,0.0,2.3,2.6,2.1,1.6,0.333
2026-03-13 01:55:09,5deb576d1dc17d7c5515ad03,0.0,0.0,0.0,0.0,2.3,2.6,2.1,1.6,0.329
2026-03-13 01:55:09,63ae777cbfd3d90017e8f177,0.0,0.0,0.0,0.0,2.3,2.6,2.1,1.6,0.29
2026-03-13 01:55:09,631828cac9eae60017a19f50,0.0,0.0,0.0,0.0,2.3,2.6,2.1,1.6,0.309
2026-03-13 01:55:09,63b3c2fbbfd3d90017e9abbf,0.0,0.0,0.0,0.0,2.3,2.6,2.1,1.6,0.591
2026-03-13 01:55:09,58d7c2e6c1e33c00112b321e,0.0,0.0,0.0,0.0,2.3,2.6,2.1,1.6,0.259
2026-03-13 01:55:09,63b54ad1bfd3d90017ea7974,0.0,0.0,0.0,0.0,2.3,2.6,2.1,1.6,0.318
2026-03-13 01:55:09,662b5b481afb9c00172d92a8,0.0,0.0,0.0,0.0,2.3,2.6,2.1,1.6,0.272
2026-03-13 01:55:09,681885376dfb4b0018f8f0f2,0.0,0.0,0.0,0.0,2.3,2.6,2.1,1.6,0.253
2026-03-13 01:55:09,56de42f611f398ec0c48129e,0.0,0.0,0.0,0.0,2.3,2.6,2.1,1.6,0.301
2026-03-13 01:55:09,5d9dddb9766c880017188c96,0.0,0.0,0.0,0.0,2.3,2.6,2.1,1.6,0.432
2026-03-13 01:55:09,5d8cd372766c880017188940,0.0,0.0,0.0,0.0,2.3,2.6,2.1,1.6,0.411
2026-03-13 01:55:09,5a60839c8576340017d0667c,0.0,0.0,0.0,0.0,2.3,2.6,2.1,1.6,0.349
2026-03-13 01:55:09,68188c236dfb4b0018f8ff8f,0.0,0.0,0.0,0.0,2.3,2.6,2.1,1.6,0.27
2026-03-13 01:55:09,63b65f64bfd3d90017eaa41f,0.0,0.0,0.0,0.0,2.3,2.6,2.1,1.6,0.649
2026-03-13 01:55:09,58746371b807da0011e33cd1,0.0,0.0,0.0,0.0,2.3,2.6,2.1,1.6,0.291
2026-03-13 01:55:09,63bd1e95bfd3d90017ec3cd5,0.0,0.0,0.0,0.0,2.3,2.6,2.1,1.6,0.443
2026-03-13 01:55:09,63ae7cd3bfd3d90017e8f408,0.0,0.0,0.0,0.0,2.3,2.6,2.1,1.6,0.305
2026-03-13 01:55:09,5d8cd70e766c88001718894e,0.0,0.0,0.0,0.0,2.3,2.6,2.1,1.6,0.34
2026-03-13 01:55:09,58b555ac17139d0010f35d59,0.0,0.0,0.0,0.0,2.3,2.6,2.1,1.6,0.362
2026-03-13 01:55:09,595ddc123dcfc400106f28ba,0.0,0.0,0.0,0.0,2.3,2.6,2.1,1.6,0.283
2026-03-13 01:55:09,63b55020bfd3d90017ea7cb7,0.0,0.0,0.0,0.0,2.3,2.6,2.1,1.6,0.327
2026-03-13 01:55:09,68ede746230ee50017d04dcc,0.0,0.0,0.0,0.0,2.3,2.6,2.1,1.6,0.288
2026-03-13 01:55:09,5b19d2f9af4ff60011d6ea4f,0.0,0.0,0.0,0.0,2.3,2.6,2.1,1.6,0.277
2026-03-13 01:55:09,662b4d781afb9c00172d8571,0.0,0.0,0.0,0.0,2.3,2.6,2.1,1.6,0.338
2026-03-13 01:55:09,5a606a958576340017d06621,0.0,0.0,0.0,0.0,2.3,2.6,2.1,1.6,0.535
2026-03-13 01:55:09,662a8c381afb9c00172d28b6,0.0,0.0,0.0,0.0,2.3,2.6,2.1,1.6,0.255
2026-03-13 01:55:09,63b6617ebfd3d90017eaa50b,0.0,0.0,0.0,0.0,2.3,2.6,2.1,1.6,0.305
2026-03-13 01:55:09,595f91653dcfc400106f28f6,0.0,0.0,0.0,0.0,2.3,2.6,2.1,1.6,0.31
2026-03-13 01:55:09,56de42f611f398ec0c481292,0.0,0.0,0.0,0.0,2.3,2.6,2.1,1.6,0.299
2026-03-13 01:55:09,681888066dfb4b0018f8f4c2,0.0,0.0,0.0,0.0,2.3,2.6,2.1,1.6,0.335
2026-03-13 01:55:09,5deb576d1dc17d7c5515acff,0.0,0.0,0.0,0.0,2.3,2.6,2.1,1.6,0.285
2026-03-13 01:55:09,662b58791afb9c00172d9107,0.0,0.0,0.0,0.0,2.3,2.6,2.1,1.6,0.297
2026-03-13 01:55:09,662b811d1afb9c00172dcc1d,0.0,0.0,0.0,0.0,2.3,2.6,2.1,1.6,0.267
2026-03-13 01:55:09,662a8eb41afb9c00172d2aba,0.0,0.0,0.0,0.0,2.3,2.6,2.1,1.6,0.49
2026-03-13 01:55:09,63b548ecbfd3d90017ea77d2,0.0,0.0,0.0,0.0,2.3,2.6,2.1,1.6,0.312
2026-03-13 01:55:09,5deb576d1dc17d7c5515acfb,0.0,0.0,0.0,0.0,2.3,2.6,2.1,1.6,0.261
2026-03-13 01:55:09,56de42f611f398ec0c48127d,0.0,0.0,0.0,0.0,2.3,2.6,2.1,1.6,0.521
2026-03-13 01:55:09,56de42f611f398ec0c48128d,0.0,0.0,0.0,0.0,2.3,2.6,2.1,1.6,0.424
2026-03-13 01:55:09,6792f03d8c5ed4001b27f378,0.0,0.0,0.0,0.0,2.3,2.6,2.1,1.6,0.285
2026-03-13 01:55:09,68ede490230ee50017d04ae5,0.0,0.0,0.0,0.0,2.3,2.6,2.1,1.6,0.346
2026-03-13 01:55:09,6623e7076f998a001b2523ea,0.0,0.0,0.0,0.0,2.3,2.6,2.1,1.6,0.265
2026-03-13 01:55:09,59ca2cac02eb490011a0a3e9,0.0,0.0,0.0,0.0,2.3,2.6,2.1,1.6,0.26
2026-03-13 01:55:09,586e25e1f9fab7001111b0ae,0.0,0.0,0.0,0.0,2.3,2.6,2.1,1.6,0.308
2026-03-13 01:55:09,681889ec6dfb4b0018f8f6cb,0.0,0.0,0.0,0.0,2.3,2.6,2.1,1.6,0.251
2026-03-13 01:55:09,5d9dde8e766c880017188c9a,0.0,0.0,0.0,0.0,2.3,2.6,2.1,1.6,0.639
2026-03-13 01:55:09,5d9ddf0f766c880017188c9e,0.0,0.0,0.0,0.0,2.3,2.6,2.1,1.6,0.486
2026-03-13 01:55:09,681883866dfb4b0018f8eef6,0.0,0.0,0.0,0.0,2.3,2.6,2.1,1.6,0.281
2026-03-13 01:55:09,63ae76ddbfd3d90017e8f11b,0.0,0.0,0.0,0.0,2.3,2.6,2.1,1.6,0.302
2026-03-13 01:55:09,5deb576d1dc17d7c5515ad14,0.0,0.0,0.0,0.0,2.3,2.6,2.1,1.6,0.27
2026-03-13 01:55:09,63b66035bfd3d90017eaa48e,0.0,0.0,0.0,0.0,2.3,2.6,2.1,1.6,0.325
2026-03-13 01:55:09,585b284ac3f96200127dc500,0.0,0.0,0.0,0.0,2.3,2.6,2.1,1.6,0.274
2026-03-13 01:55:09,56de42f611f398ec0c481295,0.0,0.0,0.0,0.0,2.3,2.6,2.1,1.6,0.474
2026-03-13 01:55:09,5deb576d1dc17d7c5515ad04,0.0,0.0,0.0,0.0,2.3,2.6,2.1,1.6,0.254
2026-03-13 01:55:09,5a8278f35058170011f6eaed,0.0,0.0,0.0,0.0,2.3,2.6,2.1,1.6,0.438
2026-03-13 01:55:09,662b830e1afb9c00172dcf50,0.0,0.0,0.0,0.0,2.3,2.6,2.1,1.6,0.267
2026-03-13 01:55:09,5a6084208576340017d0667e,0.0,0.0,0.0,0.0,2.3,2.6,2.1,1.6,0.349
2026-03-13 01:55:09,5a825ab55058170011f6ead2,0.0,0.0,0.0,0.0,2.3,2.6,2.1,1.6,0.271
2026-03-13 01:55:09,586e20a0f9fab7001111b0a7,0.0,0.0,0.0,0.0,2.3,2.6,2.1,1.6,0.35
2026-03-13 01:55:09,6623edd26f998a001b2526f7,0.0,0.0,0.0,0.0,2.3,2.6,2.1,1.6,0.338
2026-03-13 01:55:09,5a8255a55058170011f6eac7,0.0,0.0,0.0,0.0,2.3,2.6,2.1,1.6,0.579
2026-03-13 01:55:09,56de42f611f398ec0c481294,0.0,0.0,0.0,0.0,2.3,2.6,2.1,1.6,0.331
2026-03-13 01:55:09,587ed91db807da0011e33d4e,0.0,0.0,0.0,0.0,2.3,2.6,2.1,1.6,0.288
2026-03-13 01:55:09,63b54dcbbfd3d90017ea7ba8,0.0,0.0,0.0,0.0,2.3,2.6,2.1,1.6,0.301
2026-03-13 01:55:09,56de42f611f398ec0c48128a,0.0,0.0,0.0,0.0,2.3,2.6,2.1,1.6,0.285
2026-03-13 01:55:09,6623ed9b6f998a001b2526cd,0.0,0.0,0.0,0.0,2.3,2.6,2.1,1.6,0.307
2026-03-13 01:55:09,58b5752e17139d0010f35d5f,0.0,0.0,0.0,0.0,2.3,2.6,2.1,1.6,0.333
2026-03-13 01:55:09,58175c81edeb6c0012a2d5c2,0.0,0.0,0.0,0.0,2.3,2.6,2.1,1.6,0.256
2026-03-13 01:55:09,631812e6c9eae60017a19567,0.0,0.0,0.0,0.0,2.3,2.6,2.1,1.6,0.598
2026-03-13 01:55:09,6623e7b76f998a001b25242d,0.0,0.0,0.0,0.0,2.3,2.6,2.1,1.6,0.647
2026-03-13 01:55:09,5ad068b198d8fc001102e278,0.0,0.0,0.0,0.0,2.3,2.6,2.1,1.6,0.276
2026-03-13 01:55:09,63ae75a3bfd3d90017e8f051,0.0,0.0,0.0,0.0,2.3,2.6,2.1,1.6,0.285
2026-03-13 01:55:09,662b7d8a1afb9c00172dc71f,0.0,0.0,0.0,0.0,2.3,2.6,2.1,1.6,0.269
2026-03-13 01:55:09,5abbb77298d8fc001102dfce,0.0,0.0,0.0,0.0,2.3,2.6,2.1,1.6,0.539
2026-03-13 01:55:09,63bd1f48bfd3d90017ec3d19,0.0,0.0,0.0,0.0,2.3,2.6,2.1,1.6,0.631
2026-03-13 01:55:09,58aff2c6bd82540010390c55,0.0,0.0,0.0,0.0,2.3,2.6,2.1,1.6,0.338
2026-03-13 01:55:09,5b25a1dcf13cba001124e710,0.0,0.0,0.0,0.0,2.3,2.6,2.1,1.6,0.263
2026-03-13 01:55:09,5deb576d1dc17d7c5515ad18,0.0,0.0,0.0,0.0,2.3,2.6,2.1,1.6,0.26
2026-03-13 01:55:09,66b1c1bf779f740018673ef2,0.0,0.0,0.0,0.0,2.3,2.6,2.1,1.6,0.378
2026-03-13 01:55:09,56de42f611f398ec0c4812a0,0.0,0.0,0.0,0.0,2.3,2.6,2.1,1.6,0.314
2026-03-13 01:55:09,6623efc26f998a001b25277f,0.0,0.0,0.0,0.0,2.3,2.6,2.1,1.6,0.273
2026-03-13 01:55:09,662b50841afb9c00172d880d,0.0,0.0,0.0,0.0,2.3,2.6,2.1,1.6,0.372
2026-03-13 01:55:09,58abc0cbbd82540010390ba6,0.0,0.0,0.0,0.0,2.3,2.6,2.1,1.6,0.646
2026-03-13 01:55:09,58afea5dbd82540010390c4d,0.0,0.0,0.0,0.0,2.3,2.6,2.1,1.6,0.304
2026-03-13 01:55:09,5deb576d1dc17d7c5515ad07,0.0,0.0,0.0,0.0,2.3,2.6,2.1,1.6,0.291
2026-03-13 01:55:09,5d8cdc1d766c88001718896c,0.0,0.0,0.0,0.0,2.3,2.6,2.1,1.6,0.346
2026-03-13 01:55:09,5a606c758576340017d06626,0.0,0.0,0.0,0.0,2.3,2.6,2.1,1.6,0.631
2026-03-13 01:55:09,68fae2966b936b00172186a6,0.0,0.0,0.0,0.0,2.3,2.6,2.1,1.6,0.262
2026-03-13 01:55:09,63b66008bfd3d90017eaa476,0.0,0.0,0.0,0.0,2.3,2.6,2.1,1.6,0.787
2026-03-13 01:55:09,5a82628e5058170011f6eadb,0.0,0.0,0.0,0.0,2.3,2.6,2.1,1.6,0.274
2026-03-13 01:55:09,589b46b3b3bf7600110283d0,0.0,0.0,0.0,0.0,2.3,2.6,2.1,1.6,0.3
2026-03-13 01:55:09,5d8cd653766c88001718894c,0.0,0.0,0.0,0.0,2.3,2.6,2.1,1.6,0.428
2026-03-13 01:55:09,662b4de41afb9c00172d85c5,0.0,0.0,0.0,0.0,2.3,2.6,2.1,1.6,0.473
2026-03-13 01:55:09,58af8eb2bd82540010390c30,0.0,0.0,0.0,0.0,2.3,2.6,2.1,1.6,0.34
2026-03-13 01:55:09,6623ee176f998a001b25270c,0.0,0.0,0.0,0.0,2.3,2.6,2.1,1.6,0.291
2026-03-13 01:55:09,5b0b7d240e517b00119fd809,0.0,0.0,0.0,0.0,2.3,2.6,2.1,1.6,0.28
2026-03-13 01:55:09,595f8d233dcfc400106f28f0,0.0,0.0,0.0,0.0,2.3,2.6,2.1,1.6,0.333
2026-03-13 01:55:09,5deb576d1dc17d7c5515ad1d,0.0,0.0,0.0,0.0,2.3,2.6,2.1,1.6,0.258
2026-03-13 01:55:09,68ae7e997d735d00173c7445,0.0,0.0,0.0,0.0,2.3,2.6,2.1,1.6,0.288
2026-03-13 01:55:09,5b0b835b0e517b00119fd80d,0.0,0.0,0.0,0.0,2.3,2.6,2.1,1.6,0.348
2026-03-13 01:55:09,5b6c155aca0577001163fe36,0.0,0.0,0.0,0.0,2.3,2.6,2.1,1.6,0.669
2026-03-13 01:55:09,5d8cd2a3766c88001718893c,0.0,0.0,0.0,0.0,2.3,2.6,2.1,1.6,0.521
2026-03-13 01:55:09,662b4e8e1afb9c00172d865c,0.0,0.0,0.0,0.0,2.3,2.6,2.1,1.6,0.486
2026-03-13 01:55:09,66b1c190779f740018673ed4,0.0,0.0,0.0,0.0,2.3,2.6,2.1,1.6,0.461
2026-03-13 01:55:09,662b7f9f1afb9c00172dca50,0.0,0.0,0.0,0.0,2.3,2.6,2.1,1.6,0.312
2026-03-13 01:55:09,68a589294e89b100173b61d9,0.0,0.0,0.0,0.0,2.3,2.6,2.1,1.6,0.258
2026-03-13 01:55:09,58747923b807da0011e33cf5,0.0,0.0,0.0,0.0,2.3,2.6,2.1,1.6,0.331
2026-03-13 01:55:09,63ae7af4bfd3d90017e8f32c,0.0,0.0,0.0,0.0,2.3,2.6,2.1,1.6,0.38
2026-03-13 01:55:09,5875d4f8b807da0011e33d1a,0.0,0.0,0.0,0.0,2.3,2.6,2.1,1.6,0.328
2026-03-13 01:55:09,595d92013dcfc400106f2877,0.0,0.0,0.0,0.0,2.3,2.6,2.1,1.6,0.597
2026-03-13 01:55:09,681886f26dfb4b0018f8f31a,0.0,0.0,0.0,0.0,2.3,2.6,2.1,1.6,0.339
2026-03-13 01:55:09,662b80721afb9c00172dcb28,0.0,0.0,0.0,0.0,2.3,2.6,2.1,1.6,0.262
2026-03-13 01:55:09,59ca2f4402eb490011a0a3f9,0.0,0.0,0.0,0.0,2.3,2.6,2.1,1.6,0.348
2026-03-13 01:55:09,586e1f18f9fab7001111b0a5,0.0,0.0,0.0,0.0,2.3,2.6,2.1,1.6,0.27
2026-03-13 01:55:09,681891e26dfb4b0018f90a69,0.0,0.0,0.0,0.0,2.3,2.6,2.1,1.6,0.295
2026-03-13 01:55:09,5d9de3c2766c880017188cb3,0.0,0.0,0.0,0.0,2.3,2.6,2.1,1.6,0.367
2026-03-13 01:55:09,63ae7cfcbfd3d90017e8f422,0.0,0.0,0.0,0.0,2.3,2.6,2.1,1.6,0.305
2026-03-13 01:55:09,5b0e1faacddcc80011ceb449,0.0,0.0,0.0,0.0,2.3,2.6,2.1,1.6,0.518
2026-03-13 01:55:09,63b65fa9bfd3d90017eaa449,0.0,0.0,0.0,0.0,2.3,2.6,2.1,1.6,0.42
2026-03-13 01:55:09,6623e5066f998a001b252317,0.0,0.0,0.0,0.0,2.3,2.6,2.1,1.6,0.329
2026-03-13 01:55:09,662b5c141afb9c00172d93d7,0.0,0.0,0.0,0.0,2.3,2.6,2.1,1.6,0.413
2026-03-13 01:55:09,66b1c158779f740018673eb4,0.0,0.0,0.0,0.0,2.3,2.6,2.1,1.6,0.338
2026-03-13 01:55:09,56df8381c062921100c143e2,0.0,0.0,0.0,0.0,2.3,2.6,2.1,1.6,0.321
2026-03-13 01:55:09,5d8cd1f9766c880017188938,0.0,0.0,0.0,0.0,2.3,2.6,2.1,1.6,0.501
2026-03-13 01:55:09,595da2dd3dcfc400106f2885,0.0,0.0,0.0,0.0,2.3,2.6,2.1,1.6,0.402
2026-03-13 01:55:09,595f80e83dcfc400106f28e4,0.0,0.0,0.0,0.0,2.3,2.6,2.1,1.6,0.303
2026-03-13 01:55:09,631955e7c9eae60017a1c30a,0.0,0.0,0.0,0.0,2.3,2.6,2.1,1.6,0.292
2026-03-13 01:55:09,5a6060e08576340017d0660f,0.0,0.0,0.0,0.0,2.3,2.6,2.1,1.6,0.284
2026-03-13 01:55:09,5a607ea98576340017d0666d,0.0,0.0,0.0,0.0,2.3,2.6,2.1,1.6,0.348
2026-03-13 01:55:09,63b548c3bfd3d90017ea77c0,0.0,0.0,0.0,0.0,2.3,2.6,2.1,1.6,0.268
2026-03-13 01:55:09,662a8c931afb9c00172d2901,0.0,0.0,0.0,0.0,2.3,2.6,2.1,1.6,0.267
2026-03-13 01:55:09,63195556c9eae60017a1c2ba,0.0,0.0,0.0,0.0,2.3,2.6,2.1,1.6,0.335
2026-03-13 01:55:09,58df4adedc195800111e04b4,0.0,0.0,0.0,0.0,2.3,2.6,2.1,1.6,0.315
2026-03-13 01:55:09,59ca301902eb490011a0a400,0.0,0.0,0.0,0.0,2.3,2.6,2.1,1.6,0.255
2026-03-13 01:55:09,584e738361cfea0012cf6951,0.0,0.0,0.0,0.0,2.3,2.6,2.1,1.6,0.323
2026-03-13 01:55:09,583f958161cfea0012cf68f5,0.0,0.0,0.0,0.0,2.3,2.6,2.1,1.6,0.299
2026-03-13 01:55:09,6922921744912200174bc71d,0.0,0.0,0.0,0.0,2.3,2.6,2.1,1.6,0.256
2026-03-13 01:55:09,5a8253615058170011f6eabf,0.0,0.0,0.0,0.0,2.3,2.6,2.1,1.6,0.592
2026-03-13 01:55:09,5deb576d1dc17d7c5515ad0f,0.0,0.0,0.0,0.0,2.3,2.6,2.1,1.6,0.301
2026-03-13 01:55:09,68fae2b66b936b00172186e5,0.0,0.0,0.0,0.0,2.3,2.6,2.1,1.6,0.263
2026-03-13 01:55:09,662b51761afb9c00172d88ef,0.0,0.0,0.0,0.0,2.3,2.6,2.1,1.6,0.337
2026-03-13 01:55:09,68a5873d4e89b100173b5f60,0.0,0.0,0.0,0.0,2.3,2.6,2.1,1.6,0.286
2026-03-13 01:55:09,66b1c370779f7400186740b3,0.0,0.0,0.0,0.0,2.3,2.6,2.1,1.6,0.344
2026-03-13 01:55:09,6623ec376f998a001b252671,0.0,0.0,0.0,0.0,2.3,2.6,2.1,1.6,0.315
2026-03-13 01:55:09,59ca2e6002eb490011a0a3f3,0.0,0.0,0.0,0.0,2.3,2.6,2.1,1.6,0.29
2026-03-13 01:55:09,5b6c1618ca0577001163fe3c,0.0,0.0,0.0,0.0,2.3,2.6,2.1,1.6,0.552
2026-03-13 01:55:09,5deb576d1dc17d7c5515ad22,0.0,0.0,0.0,0.0,2.3,2.6,2.1,1.6,0.427
2026-03-13 01:55:09,63b664d2bfd3d90017eaaa0f,0.0,0.0,0.0,0.0,2.3,2.6,2.1,1.6,0.301
2026-03-13 01:55:09,56df85bdc062921100c143e8,0.0,0.0,0.0,0.0,2.3,2.6,2.1,1.6,0.273
2026-03-13 01:55:09,662b85031afb9c00172dd0dc,0.0,0.0,0.0,0.0,2.3,2.6,2.1,1.6,0.286
2026-03-13 01:55:09,58d7b5a7c1e33c00112b320a,0.0,0.0,0.0,0.0,2.3,2.6,2.1,1.6,0.277
2026-03-13 01:55:09,662a8f3a1afb9c00172d2b31,0.0,0.0,0.0,0.0,2.3,2.6,2.1,1.6,0.4
2026-03-13 01:55:09,58aff01fbd82540010390c50,0.0,0.0,0.0,0.0,2.3,2.6,2.1,1.6,0.33
2026-03-13 01:55:09,5d8cdb9f766c880017188968,0.0,0.0,0.0,0.0,2.3,2.6,2.1,1.6,0.302
2026-03-13 01:55:09,5a6085fb8576340017d06686,0.0,0.0,0.0,0.0,2.3,2.6,2.1,1.6,0.298
2026-03-13 01:55:09,59ca31d602eb490011a0a40b,0.0,0.0,0.0,0.0,2.3,2.6,2.1,1.6,0.482
2026-03-13 01:55:09,587c782db807da0011e33d3b,0.0,0.0,0.0,0.0,2.3,2.6,2.1,1.6,0.534
2026-03-13 01:55:09,662a8d821afb9c00172d29c8,0.0,0.0,0.0,0.0,2.3,2.6,2.1,1.6,0.562
2026-03-13 01:55:09,63ae7d29bfd3d90017e8f437,0.0,0.0,0.0,0.0,2.3,2.6,2.1,1.6,0.327
2026-03-13 01:55:09,68ae7ee47d735d00173c7492,0.0,0.0,0.0,0.0,2.3,2.6,2.1,1.6,0.312
2026-03-13 01:55:09,56de42f611f398ec0c48129f,0.0,0.0,0.0,0.0,2.3,2.6,2.1,1.6,0.293
2026-03-13 01:55:09,68188b296dfb4b0018f8f9a3,0.0,0.0,0.0,0.0,2.3,2.6,2.1,1.6,0.338
2026-03-13 01:55:09,662b80b91afb9c00172dcb5b,0.0,0.0,0.0,0.0,2.3,2.6,2.1,1.6,0.306
2026-03-13 01:55:09,692292c044912200174bc76d,0.0,0.0,0.0,0.0,2.3,2.6,2.1,1.6,0.31
2026-03-13 01:55:09,68188d586dfb4b0018f9018d,0.0,0.0,0.0,0.0,2.3,2.6,2.1,1.6,0.258
2026-03-13 01:55:09,662b50261afb9c00172d87b2,0.0,0.0,0.0,0.0,2.3,2.6,2.1,1.6,0.277
2026-03-13 01:55:09,59ca2d9d02eb490011a0a3f0,0.0,0.0,0.0,0.0,2.3,2.6,2.1,1.6,0.26
2026-03-13 01:55:09,68a588984e89b100173b6138,0.0,0.0,0.0,0.0,2.3,2.6,2.1,1.6,0.327
2026-03-13 01:55:09,5a8256df5058170011f6eacb,0.0,0.0,0.0,0.0,2.3,2.6,2.1,1.6,0.509
2026-03-13 01:55:09,5deb576d1dc17d7c5515acfc,0.0,0.0,0.0,0.0,2.3,2.6,2.1,1.6,0.3
2026-03-13 01:55:09,587c8c20b807da0011e33d47,0.0,0.0,0.0,0.0,2.3,2.6,2.1,1.6,0.265
2026-03-13 01:55:09,58744fb0b807da0011e33cc0,0.0,0.0,0.0,0.0,2.3,2.6,2.1,1.6,0.403
2026-03-13 01:55:09,5822f23aedeb6c0012a2d6a8,0.0,0.0,0.0,0.0,2.3,2.6,2.1,1.6,0.308
2026-03-13 01:55:09,649da495a6068200171a6cb6,0.0,0.0,0.0,0.0,2.3,2.6,2.1,1.6,0.269
2026-03-13 21:41:40,59d3524f02eb490011a0a61b,0.15,0.45,0.05,0.16,3.1,3.2,3.1,2.8,0.29
2026-03-13 21:41:40,5a6065c58576340017d06615,0.15,0.45,0.05,0.16,3.1,3.2,3.1,2.8,0.263
2026-03-13 21:41:40,6623f4df6f998a001b2528eb,0.15,0.45,0.05,0.16,3.1,3.2,3.1,2.8,0.342
2026-03-13 21:41:40,662b7ce71afb9c00172dc676,0.15,0.45,0.05,0.16,3.1,3.2,3.1,2.8,0.347
2026-03-13 21:41:40,583f969161cfea0012cf68f7,0.15,0.45,0.05,0.16,3.1,3.2,3.1,2.8,0.259
2026-03-13 21:41:40,59ca317602eb490011a0a408,0.15,0.45,0.05,0.16,3.1,3.2,3.1,2.8,0.314
2026-03-13 21:41:40,6623e8da6f998a001b2524a6,0.15,0.45,0.05,0.16,3.1,3.2,3.1,2.8,0.288
2026-03-13 21:41:40,56de42f611f398ec0c481299,0.15,0.45,0.05,0.16,3.1,3.2,3.1,2.8,0.321
2026-03-13 21:41:40,66b1c426779f74001867415e,0.15,0.45,0.05,0.16,3.1,3.2,3.1,2.8,0.644
2026-03-13 21:41:40,595dc29c3dcfc400106f2894,0.15,0.45,0.05,0.16,3.1,3.2,3.1,2.8,0.326
2026-03-13 21:41:40,5d9de4de766c880017188cbb,0.15,0.45,0.05,0.16,3.1,3.2,3.1,2.8,0.251
2026-03-13 21:41:40,6623f44f6f998a001b2528aa,0.15,0.45,0.05,0.16,3.1,3.2,3.1,2.8,0.378
2026-03-13 21:41:40,662a881a1afb9c00172d2559,0.15,0.45,0.05,0.16,3.1,3.2,3.1,2.8,0.585
2026-03-13 21:41:40,5a605f828576340017d06608,0.15,0.45,0.05,0.16,3.1,3.2,3.1,2.8,0.303
2026-03-13 21:41:40,68188fe36dfb4b0018f90520,0.15,0.45,0.05,0.16,3.1,3.2,3.1,2.8,0.307
2026-03-13 21:41:40,5deb576d1dc17d7c5515ad15,0.15,0.45,0.05,0.16,3.1,3.2,3.1,2.8,0.276
2026-03-13 21:41:40,5b8b2323ca057700116405d0,0.15,0.45,0.05,0.16,3.1,3.2,3.1,2.8,0.26
2026-03-13 21:41:40,68188a226dfb4b0018f8f70a,0.15,0.45,0.05,0.16,3.1,3.2,3.1,2.8,0.26
2026-03-13 21:41:40,681889a96dfb4b0018f8f67e,0.15,0.45,0.05,0.16,3.1,3.2,3.1,2.8,0.297
2026-03-13 21:41:40,63ae7a50bfd3d90017e8f2b2,0.15,0.45,0.05,0.16,3.1,3.2,3.1,2.8,0.273
2026-03-13 21:41:40,587ee0ecb807da0011e33d50,0.15,0.45,0.05,0.16,3.1,3.2,3.1,2.8,0.325
2026-03-13 21:41:40,56de42f611f398ec0c48128f,0.15,0.45,0.05,0.16,3.1,3.2,3.1,2.8,0.309
2026-03-13 21:41:40,56de42f611f398ec0c4812a2,0.15,0.45,0.05,0.16,3.1,3.2,3.1,2.8,0.261
2026-03-13 21:41:40,6922934b44912200174bc7ec,0.15,0.45,0.05,0.16,3.1,3.2,3.1,2.8,0.342
2026-03-13 21:41:40,63bd1f21bfd3d90017ec3d04,0.15,0.45,0.05,0.16,3.1,3.2,3.1,2.8,0.3
2026-03-13 21:41:40,58df4d95dc195800111e04b9,0.15,0.45,0.05,0.16,3.1,3.2,3.1,2.8,0.28
2026-03-13 21:41:40,586e28a0f9fab7001111b0b3,0.15,0.45,0.05,0.16,3.1,3.2,3.1,2.8,0.264
2026-03-13 21:41:40,595dd8463dcfc400106f28b2,0.15,0.45,0.05,0.16,3.1,3.2,3.1,2.8,0.339
2026-03-13 21:41:40,662b81721afb9c00172dcc44,0.15,0.45,0.05,0.16,3.1,3.2,3.1,2.8,0.268
2026-03-13 21:41:40,67e217c43215f90017863bc8,0.15,0.45,0.05,0.16,3.1,3.2,3.1,2.8,0.278
2026-03-13 21:41:40,66b1c3c2779f740018674125,0.15,0.45,0.05,0.16,3.1,3.2,3.1,2.8,0.391
2026-03-13 21:41:40,5a8269c45058170011f6eae4,0.15,0.45,0.05,0.16,3.1,3.2,3.1,2.8,0.397
2026-03-13 21:41:40,56de42f611f398ec0c481297,0.15,0.45,0.05,0.16,3.1,3.2,3.1,2.8,0.427
2026-03-13 21:41:40,5822adbbedeb6c0012a2d65f,0.15,0.45,0.05,0.16,3.1,3.2,3.1,2.8,0.326
2026-03-13 21:41:40,5deb576d1dc17d7c5515ad00,0.15,0.45,0.05,0.16,3.1,3.2,3.1,2.8,0.25
2026-03-13 21:41:40,5a823e425058170011f6eaa4,0.15,0.45,0.05,0.16,3.1,3.2,3.1,2.8,0.339
2026-03-13 21:41:40,649da72ca6068200171a6dbb,0.15,0.45,0.05,0.16,3.1,3.2,3.1,2.8,0.342
2026-03-13 21:41:40,5a6088218576340017d06693,0.15,0.45,0.05,0.16,3.1,3.2,3.1,2.8,0.306
2026-03-13 21:41:40,63b65fd8bfd3d90017eaa461,0.15,0.45,0.05,0.16,3.1,3.2,3.1,2.8,0.267
2026-03-13 21:41:40,5deb576d1dc17d7c5515ad08,0.15,0.45,0.05,0.16,3.1,3.2,3.1,2.8,0.272
2026-03-13 21:41:40,595dc70d3dcfc400106f289a,0.15,0.45,0.05,0.16,3.1,3.2,3.1,2.8,0.305
2026-03-13 21:41:40,63b65ebebfd3d90017eaa3ae,0.15,0.45,0.05,0.16,3.1,3.2,3.1,2.8,0.303
2026-03-13 21:41:40,5874769eb807da0011e33cec,0.15,0.45,0.05,0.16,3.1,3.2,3.1,2.8,0.329
2026-03-13 21:41:40,63b660f8bfd3d90017eaa4ea,0.15,0.45,0.05,0.16,3.1,3.2,3.1,2.8,0.404
2026-03-13 21:41:40,58af994abd82540010390c37,0.15,0.45,0.05,0.16,3.1,3.2,3.1,2.8,0.315
2026-03-13 21:41:40,56df8108c062921100c143db,0.15,0.45,0.05,0.16,3.1,3.2,3.1,2.8,0.266
2026-03-13 21:41:40,63ae7903bfd3d90017e8f211,0.15,0.45,0.05,0.16,3.1,3.2,3.1,2.8,0.634
2026-03-13 21:41:40,63ae7727bfd3d90017e8f14a,0.15,0.45,0.05,0.16,3.1,3.2,3.1,2.8,0.329
2026-03-13 21:41:40,6623f36e6f998a001b252878,0.15,0.45,0.05,0.16,3.1,3.2,3.1,2.8,0.323
2026-03-13 21:41:40,5d9ddec9766c880017188c9c,0.15,0.45,0.05,0.16,3.1,3.2,3.1,2.8,0.51
2026-03-13 21:41:40,5deb576d1dc17d7c5515ad02,0.15,0.45,0.05,0.16,3.1,3.2,3.1,2.8,0.347
2026-03-13 21:41:40,681885ff6dfb4b0018f8f1ee,0.15,0.45,0.05,0.16,3.1,3.2,3.1,2.8,0.331
2026-03-13 21:41:40,63ae79aabfd3d90017e8f26a,0.15,0.45,0.05,0.16,3.1,3.2,3.1,2.8,0.274
2026-03-13 21:41:40,5d8cd7fb766c880017188954,0.15,0.45,0.05,0.16,3.1,3.2,3.1,2.8,0.259
2026-03-13 21:41:40,56de42f611f398ec0c481293,0.15,0.45,0.05,0.16,3.1,3.2,3.1,2.8,0.483
2026-03-13 21:41:40,63b66089bfd3d90017eaa4bd,0.15,0.45,0.05,0.16,3.1,3.2,3.1,2.8,0.326
2026-03-13 21:41:40,63ae798abfd3d90017e8f255,0.15,0.45,0.05,0.16,3.1,3.2,3.1,2.8,0.255
2026-03-13 21:41:40,662a89f51afb9c00172d26ef,0.15,0.45,0.05,0.16,3.1,3.2,3.1,2.8,0.323
2026-03-13 21:41:40,6318287ec9eae60017a19f36,0.15,0.45,0.05,0.16,3.1,3.2,3.1,2.8,0.284
2026-03-13 21:41:40,6792f3058c5ed4001b27f58e,0.15,0.45,0.05,0.16,3.1,3.2,3.1,2.8,0.33
2026-03-13 21:41:40,587476e3b807da0011e33cee,0.15,0.45,0.05,0.16,3.1,3.2,3.1,2.8,0.338
2026-03-13 21:41:40,597bf277faa7ea0011c7c29f,0.15,0.45,0.05,0.16,3.1,3.2,3.1,2.8,0.304
2026-03-13 21:41:40,5d9de49d766c880017188cb9,0.15,0.45,0.05,0.16,3.1,3.2,3.1,2.8,0.35
2026-03-13 21:41:40,5d9ddf49766c880017188ca0,0.15,0.45,0.05,0.16,3.1,3.2,3.1,2.8,0.538
2026-03-13 21:41:40,63ae763bbfd3d90017e8f0c4,0.15,0.45,0.05,0.16,3.1,3.2,3.1,2.8,0.346
2026-03-13 21:41:40,5d8cda6a766c880017188960,0.15,0.45,0.05,0.16,3.1,3.2,3.1,2.8,0.266
2026-03-13 21:41:40,662b80e81afb9c00172dcbec,0.15,0.45,0.05,0.16,3.1,3.2,3.1,2.8,0.347
2026-03-13 21:41:40,681826506dfb4b0018f83e64,0.15,0.45,0.05,0.16,3.1,3.2,3.1,2.8,0.349
2026-03-13 21:41:40,662a86a11afb9c00172d2410,0.15,0.45,0.05,0.16,3.1,3.2,3.1,2.8,0.369
2026-03-13 21:41:40,5a6083198576340017d0667a,0.15,0.45,0.05,0.16,3.1,3.2,3.1,2.8,0.262
2026-03-13 21:41:40,56de42f611f398ec0c48128b,0.15,0.45,0.05,0.16,3.1,3.2,3.1,2.8,0.305
2026-03-13 21:41:40,58e49ff8d9d6200011e0b9d4,0.15,0.45,0.05,0.16,3.1,3.2,3.1,2.8,0.302
2026-03-13 21:41:40,6922924644912200174bc737,0.15,0.45,0.05,0.16,3.1,3.2,3.1,2.8,0.293
2026-03-13 21:41:40,681885a26dfb4b0018f8f176,0.15,0.45,0.05,0.16,3.1,3.2,3.1,2.8,0.252
2026-03-13 21:41:40,5a8241105058170011f6eaa6,0.15,0.45,0.05,0.16,3.1,3.2,3.1,2.8,0.299
2026-03-13 21:41:40,65e054fb6b18080018db6632,0.15,0.45,0.05,0.16,3.1,3.2,3.1,2.8,0.315
2026-03-13 21:41:40,5a825ded5058170011f6ead7,0.15,0.45,0.05,0.16,3.1,3.2,3.1,2.8,0.333
2026-03-13 21:41:40,5d8cdb0a766c880017188964,0.15,0.45,0.05,0.16,3.1,3.2,3.1,2.8,0.255
2026-03-13 21:41:40,68188bb96dfb4b0018f8fdbf,0.15,0.45,0.05,0.16,3.1,3.2,3.1,2.8,0.319
2026-03-13 21:41:40,56df833ac062921100c143e1,0.15,0.45,0.05,0.16,3.1,3.2,3.1,2.8,0.313
2026-03-13 21:41:40,6792efe48c5ed4001b27f336,0.15,0.45,0.05,0.16,3.1,3.2,3.1,2.8,0.33
2026-03-13 21:41:40,63b5503bbfd3d90017ea7ccc,0.15,0.45,0.05,0.16,3.1,3.2,3.1,2.8,0.279
2026-03-13 21:41:40,662a873b1afb9c00172d2483,0.15,0.45,0.05,0.16,3.1,3.2,3.1,2.8,0.263
2026-03-13 21:41:40,66b1c3fa779f740018674146,0.15,0.45,0.05,0.16,3.1,3.2,3.1,2.8,0.627
2026-03-13 21:41:40,5ad0621c98d8fc001102e268,0.15,0.45,0.05,0.16,3.1,3.2,3.1,2.8,0.344
2026-03-13 21:41:40,66b1c34d779f74001867409e,0.15,0.45,0.05,0.16,3.1,3.2,3.1,2.8,0.354
2026-03-13 21:41:40,595f89323dcfc400106f28ee,0.15,0.45,0.05,0.16,3.1,3.2,3.1,2.8,0.263
2026-03-13 21:41:40,56de42f611f398ec0c48128c,0.15,0.45,0.05,0.16,3.1,3.2,3.1,2.8,0.338
2026-03-13 21:41:40,662b558c1afb9c00172d8ed2,0.15,0.45,0.05,0.16,3.1,3.2,3.1,2.8,0.457
2026-03-13 21:41:40,6623f4836f998a001b2528bf,0.15,0.45,0.05,0.16,3.1,3.2,3.1,2.8,0.46
2026-03-13 21:41:40,662b85bf1afb9c00172dd149,0.15,0.45,0.05,0.16,3.1,3.2,3.1,2.8,0.334
2026-03-13 21:41:40,595d98fc3dcfc400106f287b,0.15,0.45,0.05,0.16,3.1,3.2,3.1,2.8,0.66
2026-03-13 21:41:40,6818887f6dfb4b0018f8f54c,0.15,0.45,0.05,0.16,3.1,3.2,3.1,2.8,0.322
2026-03-13 21:41:40,63b54bcdbfd3d90017ea7a82,0.15,0.45,0.05,0.16,3.1,3.2,3.1,2.8,0.303
2026-03-13 21:41:40,68eddd0a230ee50017d040b2,0.15,0.45,0.05,0.16,3.1,3.2,3.1,2.8,0.262
2026-03-13 21:41:40,68a587d54e89b100173b6021,0.15,0.45,0.05,0.16,3.1,3.2,3.1,2.8,0.251
2026-03-13 21:41:40,5b5995a3fd4edb0019c7d9ab,0.15,0.45,0.05,0.16,3.1,3.2,3.1,2.8,0.454
2026-03-13 21:41:40,692291f044912200174bc703,0.15,0.45,0.05,0.16,3.1,3.2,3.1,2.8,0.334
2026-03-13 21:41:40,662b81a31afb9c00172dcc65,0.15,0.45,0.05,0.16,3.1,3.2,3.1,2.8,0.323
2026-03-13 21:41:40,5deb576d1dc17d7c5515acf6,0.15,0.45,0.05,0.16,3.1,3.2,3.1,2.8,0.293
2026-03-13 21:41:40,58746488b807da0011e33cd7,0.15,0.45,0.05,0.16,3.1,3.2,3.1,2.8,0.318
2026-03-13 21:41:40,662b83381afb9c00172dcf88,0.15,0.45,0.05,0.16,3.1,3.2,3.1,2.8,0.328
2026-03-13 21:41:40,5822b5ededeb6c0012a2d66a,0.15,0.45,0.05,0.16,3.1,3.2,3.1,2.8,0.298
2026-03-13 21:41:40,63b660d8bfd3d90017eaa4d5,0.15,0.45,0.05,0.16,3.1,3.2,3.1,2.8,0.471
2026-03-13 21:41:40,63ae7be0bfd3d90017e8f3a8,0.15,0.45,0.05,0.16,3.1,3.2,3.1,2.8,0.371
2026-03-13 21:41:40,63b54a04bfd3d90017ea783e,0.15,0.45,0.05,0.16,3.1,3.2,3.1,2.8,0.303
2026-03-13 21:41:40,63b54f70bfd3d90017ea7c86,0.15,0.45,0.05,0.16,3.1,3.2,3.1,2.8,0.571
2026-03-13 21:41:40,5a8267fe5058170011f6eae1,0.15,0.45,0.05,0.16,3.1,3.2,3.1,2.8,0.345
2026-03-13 21:41:40,595d984b3dcfc400106f2879,0.15,0.45,0.05,0.16,3.1,3.2,3.1,2.8,0.614
2026-03-13 21:41:40,5b25a268f13cba001124e713,0.15,0.45,0.05,0.16,3.1,3.2,3.1,2.8,0.261
2026-03-13 21:41:40,63ae768dbfd3d90017e8f0f1,0.15,0.45,0.05,0.16,3.1,3.2,3.1,2.8,0.306
2026-03-13 21:41:40,6818884f6dfb4b0018f8f50f,0.15,0.45,0.05,0.16,3.1,3.2,3.1,2.8,0.303
2026-03-13 21:41:40,662a89ae1afb9c00172d26ad,0.15,0.45,0.05,0.16,3.1,3.2,3.1,2.8,0.32
2026-03-13 21:41:40,63b54a70bfd3d90017ea7862,0.15,0.45,0.05,0.16,3.1,3.2,3.1,2.8,0.349
2026-03-13 21:41:40,58e49783d9d6200011e0b9ce,0.15,0.45,0.05,0.16,3.1,3.2,3.1,2.8,0.285
2026-03-13 21:41:40,5deb576d1dc17d7c5515ad0c,0.15,0.45,0.05,0.16,3.1,3.2,3.1,2.8,0.273
2026-03-13 21:41:40,6623ef776f998a001b252768,0.15,0.45,0.05,0.16,3.1,3.2,3.1,2.8,0.304
2026-03-13 21:41:40,58d7bbf2c1e33c00112b3216,0.15,0.45,0.05,0.16,3.1,3.2,3.1,2.8,0.254
2026-03-13 21:41:40,662b51d21afb9c00172d89bf,0.15,0.45,0.05,0.16,3.1,3.2,3.1,2.8,0.343
2026-03-13 21:41:40,58746295b807da0011e33ccb,0.15,0.45,0.05,0.16,3.1,3.2,3.1,2.8,0.289
2026-03-13 21:41:40,585b2baec3f96200127dc508,0.15,0.45,0.05,0.16,3.1,3.2,3.1,2.8,0.297
2026-03-13 21:41:40,5a606cd08576340017d06628,0.15,0.45,0.05,0.16,3.1,3.2,3.1,2.8,0.59
2026-03-13 21:41:40,662b80051afb9c00172dcaf6,0.15,0.45,0.05,0.16,3.1,3.2,3.1,2.8,0.29
2026-03-13 21:41:40,5d8cd253766c88001718893a,0.15,0.45,0.05,0.16,3.1,3.2,3.1,2.8,0.533
2026-03-13 21:41:40,662b5bc31afb9c00172d92e2,0.15,0.45,0.05,0.16,3.1,3.2,3.1,2.8,0.346
2026-03-13 21:41:40,662b58401afb9c00172d90f5,0.15,0.45,0.05,0.16,3.1,3.2,3.1,2.8,0.267
2026-03-13 21:41:40,5874644cb807da0011e33cd5,0.15,0.45,0.05,0.16,3.1,3.2,3.1,2.8,0.321
2026-03-13 21:41:40,662b867b1afb9c00172dd250,0.15,0.45,0.05,0.16,3.1,3.2,3.1,2.8,0.278
2026-03-13 21:41:40,597bf0b8faa7ea0011c7c293,0.15,0.45,0.05,0.16,3.1,3.2,3.1,2.8,0.277
2026-03-13 21:41:40,5a10c79f02eb490011a0b0dd,0.15,0.45,0.05,0.16,3.1,3.2,3.1,2.8,0.35
2026-03-13 21:41:40,68188af96dfb4b0018f8f8e4,0.15,0.45,0.05,0.16,3.1,3.2,3.1,2.8,0.333
2026-03-13 21:41:40,662b83ff1afb9c00172dcffb,0.15,0.45,0.05,0.16,3.1,3.2,3.1,2.8,0.271
2026-03-13 21:41:40,5deb576d1dc17d7c5515ad19,0.15,0.45,0.05,0.16,3.1,3.2,3.1,2.8,0.307
2026-03-13 21:41:40,5b6329fdfd4edb0019c7dc0b,0.15,0.45,0.05,0.16,3.1,3.2,3.1,2.8,0.303
2026-03-13 21:41:40,589add0fb3bf7600110283ae,0.15,0.45,0.05,0.16,3.1,3.2,3.1,2.8,0.346
2026-03-13 21:41:40,5deb576d1dc17d7c5515ad01,0.15,0.45,0.05,0.16,3.1,3.2,3.1,2.8,0.264
2026-03-13 21:41:40,58abbf72bd82540010390ba4,0.15,0.45,0.05,0.16,3.1,3.2,3.1,2.8,0.589
2026-03-13 21:41:40,6623f1f16f998a001b25281f,0.15,0.45,0.05,0.16,3.1,3.2,3.1,2.8,0.272
2026-03-13 21:41:40,58ad6961bd82540010390be5,0.15,0.45,0.05,0.16,3.1,3.2,3.1,2.8,0.344
2026-03-13 21:41:40,59ca2fa302eb490011a0a3fd,0.15,0.45,0.05,0.16,3.1,3.2,3.1,2.8,0.345
2026-03-13 21:41:40,5a606dbc8576340017d0662b,0.15,0.45,0.05,0.16,3.1,3.2,3.1,2.8,0.612
2026-03-13 21:41:40,662b52a31afb9c00172d8b01,0.15,0.45,0.05,0.16,3.1,3.2,3.1,2.8,0.415
2026-03-13 21:41:40,58abbee5bd82540010390ba2,0.15,0.45,0.05,0.16,3.1,3.2,3.1,2.8,0.489
2026-03-13 21:41:40,662a8ef41afb9c00172d2af2,0.15,0.45,0.05,0.16,3.1,3.2,3.1,2.8,0.485
2026-03-13 21:41:40,6623f5b56f998a001b25292f,0.15,0.45,0.05,0.16,3.1,3.2,3.1,2.8,0.673
2026-03-13 21:41:40,66b1c398779f7400186740e3,0.15,0.45,0.05,0.16,3.1,3.2,3.1,2.8,0.312
2026-03-13 21:41:40,58d7b756c1e33c00112b320d,0.15,0.45,0.05,0.16,3.1,3.2,3.1,2.8,0.346
2026-03-13 21:41:40,6623e31e6f998a001b252250,0.15,0.45,0.05,0.16,3.1,3.2,3.1,2.8,0.324
2026-03-13 21:41:40,5deb576d1dc17d7c5515acfe,0.15,0.45,0.05,0.16,3.1,3.2,3.1,2.8,0.286
2026-03-13 21:41:40,6792f3cf8c5ed4001b27f61e,0.15,0.45,0.05,0.16,3.1,3.2,3.1,2.8,0.253
2026-03-13 21:41:40,58df4e22dc195800111e04bb,0.15,0.45,0.05,0.16,3.1,3.2,3.1,2.8,0.254
2026-03-13 21:41:40,58d7b3e8c1e33c00112b3207,0.15,0.45,0.05,0.16,3.1,3.2,3.1,2.8,0.279
2026-03-13 21:41:40,5d8cdc57766c88001718896e,0.15,0.45,0.05,0.16,3.1,3.2,3.1,2.8,0.334
2026-03-13 21:41:40,66f1266f538c780017c93579,0.15,0.45,0.05,0.16,3.1,3.2,3.1,2.8,0.361
2026-03-13 21:41:40,5ad0679598d8fc001102e274,0.15,0.45,0.05,0.16,3.1,3.2,3.1,2.8,0.251
2026-03-13 21:41:40,5a824b6c5058170011f6eaab,0.15,0.45,0.05,0.16,3.1,3.2,3.1,2.8,0.261
2026-03-13 21:41:40,62da3e840637a10017d7073d,0.15,0.45,0.05,0.16,3.1,3.2,3.1,2.8,0.307
2026-03-13 21:41:40,56de42f611f398ec0c481288,0.15,0.45,0.05,0.16,3.1,3.2,3.1,2.8,0.269
2026-03-13 21:41:40,5d8cd614766c88001718894a,0.15,0.45,0.05,0.16,3.1,3.2,3.1,2.8,0.298
2026-03-13 21:41:40,5a824f975058170011f6eab8,0.15,0.45,0.05,0.16,3.1,3.2,3.1,2.8,0.345
2026-03-13 21:41:40,5a824c3e5058170011f6eaae,0.15,0.45,0.05,0.16,3.1,3.2,3.1,2.8,0.278
2026-03-13 21:41:40,5deb576d1dc17d7c5515acf9,0.15,0.45,0.05,0.16,3.1,3.2,3.1,2.8,0.336
2026-03-13 21:41:40,587470c2b807da0011e33ce4,0.15,0.45,0.05,0.16,3.1,3.2,3.1,2.8,0.355
2026-03-13 21:41:40,68188cbf6dfb4b0018f900e9,0.15,0.45,0.05,0.16,3.1,3.2,3.1,2.8,0.261
2026-03-13 21:41:40,67e217ea3215f90017863bf1,0.15,0.45,0.05,0.16,3.1,3.2,3.1,2.8,0.335
2026-03-13 21:41:40,68ede6d0230ee50017d04d4c,0.15,0.45,0.05,0.16,3.1,3.2,3.1,2.8,0.331
2026-03-13 21:41:40,584e734a61cfea0012cf694f,0.15,0.45,0.05,0.16,3.1,3.2,3.1,2.8,0.314
2026-03-13 21:41:40,662b7f251afb9c00172dc8bc,0.15,0.45,0.05,0.16,3.1,3.2,3.1,2.8,0.338
2026-03-13 21:41:40,6623ec826f998a001b252686,0.15,0.45,0.05,0.16,3.1,3.2,3.1,2.8,0.317
2026-03-13 21:41:40,5deb576d1dc17d7c5515ad23,0.15,0.45,0.05,0.16,3.1,3.2,3.1,2.8,0.424
2026-03-13 21:41:40,6922939144912200174bc80c,0.15,0.45,0.05,0.16,3.1,3.2,3.1,2.8,0.277
2026-03-13 21:41:40,595d9ba43dcfc400106f2880,0.15,0.45,0.05,0.16,3.1,3.2,3.1,2.8,0.601
2026-03-13 21:41:40,6818863c6dfb4b0018f8f235,0.15,0.45,0.05,0.16,3.1,3.2,3.1,2.8,0.331
2026-03-13 21:41:40,589ad89eb3bf7600110283ac,0.15,0.45,0.05,0.16,3.1,3.2,3.1,2.8,0.295
2026-03-13 21:41:40,662b5adc1afb9c00172d925b,0.15,0.45,0.05,0.16,3.1,3.2,3.1,2.8,0.287
2026-03-13 21:41:40,5701e22bc4350a1100e26f6c,0.15,0.45,0.05,0.16,3.1,3.2,3.1,2.8,0.262
2026-03-13 21:41:40,5b87c386ca057700116404a6,0.15,0.45,0.05,0.16,3.1,3.2,3.1,2.8,0.252
2026-03-13 21:41:40,5d8cd542766c880017188948,0.15,0.45,0.05,0.16,3.1,3.2,3.1,2.8,0.569
2026-03-13 21:41:40,6623e8406f998a001b252465,0.15,0.45,0.05,0.16,3.1,3.2,3.1,2.8,0.308
2026-03-13 21:41:40,5875cef0b807da0011e33d14,0.15,0.45,0.05,0.16,3.1,3.2,3.1,2.8,0.324
2026-03-13 21:41:40,5a823d555058170011f6eaa2,0.15,0.45,0.05,0.16,3.1,3.2,3.1,2.8,0.294
2026-03-13 21:41:40,595da2853dcfc400106f2883,0.15,0.45,0.05,0.16,3.1,3.2,3.1,2.8,0.364
2026-03-13 21:41:40,5b632950fd4edb0019c7dc07,0.15,0.45,0.05,0.16,3.1,3.2,3.1,2.8,0.326
2026-03-13 21:41:40,5deb576d1dc17d7c5515ad06,0.15,0.45,0.05,0.16,3.1,3.2,3.1,2.8,0.339
2026-03-13 21:41:40,662b54711afb9c00172d8d4f,0.15,0.45,0.05,0.16,3.1,3.2,3.1,2.8,0.297
2026-03-13 21:41:40,5a8279865058170011f6eaef,0.15,0.45,0.05,0.16,3.1,3.2,3.1,2.8,0.413
2026-03-13 21:41:40,662b4faa1afb9c00172d875e,0.15,0.45,0.05,0.16,3.1,3.2,3.1,2.8,0.323
2026-03-13 21:41:40,662a87641afb9c00172d24b0,0.15,0.45,0.05,0.16,3.1,3.2,3.1,2.8,0.278
2026-03-13 21:41:40,56de42f611f398ec0c4812a1,0.15,0.45,0.05,0.16,3.1,3.2,3.1,2.8,0.267
2026-03-13 21:41:40,63ae7669bfd3d90017e8f0d9,0.15,0.45,0.05,0.16,3.1,3.2,3.1,2.8,0.339
2026-03-13 21:41:40,63b65e6abfd3d90017eaa361,0.15,0.45,0.05,0.16,3.1,3.2,3.1,2.8,0.39
2026-03-13 21:41:40,662a8fd41afb9c00172d2bac,0.15,0.45,0.05,0.16,3.1,3.2,3.1,2.8,0.308
2026-03-13 21:41:40,56f11afc3ac17b11001c504e,0.15,0.45,0.05,0.16,3.1,3.2,3.1,2.8,0.324
2026-03-13 21:41:40,585b2b1ec3f96200127dc505,0.15,0.45,0.05,0.16,3.1,3.2,3.1,2.8,0.32
2026-03-13 21:41:40,5a825b7d5058170011f6ead4,0.15,0.45,0.05,0.16,3.1,3.2,3.1,2.8,0.34
2026-03-13 21:41:40,5a6069238576340017d0661c,0.15,0.45,0.05,0.16,3.1,3.2,3.1,2.8,0.36
2026-03-13 21:41:40,662b857b1afb9c00172dd106,0.15,0.45,0.05,0.16,3.1,3.2,3.1,2.8,0.275
2026-03-13 21:41:40,56de42f611f398ec0c481298,0.15,0.45,0.05,0.16,3.1,3.2,3.1,2.8,0.383
2026-03-13 21:41:40,63ae75f9bfd3d90017e8f097,0.15,0.45,0.05,0.16,3.1,3.2,3.1,2.8,0.347
2026-03-13 21:41:40,63ae7829bfd3d90017e8f1ac,0.15,0.45,0.05,0.16,3.1,3.2,3.1,2.8,0.425
2026-03-13 21:41:40,65e0556b6b18080018db665e,0.15,0.45,0.05,0.16,3.1,3.2,3.1,2.8,0.349
2026-03-13 21:41:40,662b81eb1afb9c00172dcc85,0.15,0.45,0.05,0.16,3.1,3.2,3.1,2.8,0.331
2026-03-13 21:41:40,595dd9ac3dcfc400106f28b4,0.15,0.45,0.05,0.16,3.1,3.2,3.1,2.8,0.299
2026-03-13 21:41:40,662a8cc51afb9c00172d2938,0.15,0.45,0.05,0.16,3.1,3.2,3.1,2.8,0.82
2026-03-13 21:41:40,587654d3b807da0011e33d36,0.15,0.45,0.05,0.16,3.1,3.2,3.1,2.8,0.347
2026-03-13 21:41:40,5990ffdbbec3b90016d2ad2d,0.15,0.45,0.05,0.16,3.1,3.2,3.1,2.8,0.259
2026-03-13 21:41:40,5a8259035058170011f6eacf,0.15,0.45,0.05,0.16,3.1,3.2,3.1,2.8,0.331
2026-03-13 21:41:40,63b54cffbfd3d90017ea7ad0,0.15,0.45,0.05,0.16,3.1,3.2,3.1,2.8,0.26
2026-03-13 21:41:40,589b4644b3bf7600110283ce,0.15,0.45,0.05,0.16,3.1,3.2,3.1,2.8,0.272
2026-03-13 21:41:40,5d8cd8e2766c880017188958,0.15,0.45,0.05,0.16,3.1,3.2,3.1,2.8,0.295
2026-03-13 21:41:40,63b54fe4bfd3d90017ea7ca2,0.15,0.45,0.05,0.16,3.1,3.2,3.1,2.8,0.292
2026-03-13 21:41:40,6623ebd76f998a001b25264d,0.15,0.45,0.05,0.16,3.1,3.2,3.1,2.8,0.266
2026-03-13 21:41:40,5a6086e88576340017d0668a,0.15,0.45,0.05,0.16,3.1,3.2,3.1,2.8,0.33
2026-03-13 21:41:40,681888b66dfb4b0018f8f58c,0.15,0.45,0.05,0.16,3.1,3.2,3.1,2.8,0.262
2026-03-13 21:41:40,5b6c15b8ca0577001163fe39,0.15,0.45,0.05,0.16,3.1,3.2,3.1,2.8,0.448
2026-03-13 21:41:40,5d8cd98d766c88001718895a,0.15,0.45,0.05,0.16,3.1,3.2,3.1,2.8,0.289
2026-03-13 21:41:40,6623ee666f998a001b252726,0.15,0.45,0.05,0.16,3.1,3.2,3.1,2.8,0.29
2026-03-13 21:41:40,662b84c11afb9c00172dd0b5,0.15,0.45,0.05,0.16,3.1,3.2,3.1,2.8,0.345
2026-03-13 21:41:40,662b51201afb9c00172d889a,0.15,0.45,0.05,0.16,3.1,3.2,3.1,2.8,0.333
2026-03-13 21:41:40,56df8198c062921100c143dd,0.15,0.45,0.05,0.16,3.1,3.2,3.1,2.8,0.512
2026-03-13 21:41:40,56de42f611f398ec0c481282,0.15,0.45,0.05,0.16,3.1,3.2,3.1,2.8,0.386
2026-03-13 21:41:40,58df4c2bdc195800111e04b7,0.15,0.45,0.05,0.16,3.1,3.2,3.1,2.8,0.343
2026-03-13 21:41:40,6623ea416f998a001b25260a,0.15,0.45,0.05,0.16,3.1,3.2,3.1,2.8,0.315
2026-03-13 21:41:40,662b872d1afb9c00172dd36a,0.15,0.45,0.05,0.16,3.1,3.2,3.1,2.8,0.348
2026-03-13 21:41:40,6623e4b06f998a001b2522f1,0.15,0.45,0.05,0.16,3.1,3.2,3.1,2.8,0.284
2026-03-13 21:41:40,56de42f611f398ec0c48127e,0.15,0.45,0.05,0.16,3.1,3.2,3.1,2.8,0.434
2026-03-13 21:41:40,595dd3a63dcfc400106f28a7,0.15,0.45,0.05,0.16,3.1,3.2,3.1,2.8,0.318
2026-03-13 21:41:40,68ede5d4230ee50017d04c24,0.15,0.45,0.05,0.16,3.1,3.2,3.1,2.8,0.311
2026-03-13 21:41:40,5a8266105058170011f6eadf,0.15,0.45,0.05,0.16,3.1,3.2,3.1,2.8,0.32
2026-03-13 21:41:40,662b5afe1afb9c00172d9284,0.15,0.45,0.05,0.16,3.1,3.2,3.1,2.8,0.314
2026-03-13 21:41:40,5a82602c5058170011f6ead9,0.15,0.45,0.05,0.16,3.1,3.2,3.1,2.8,0.299
2026-03-13 21:41:40,585b2980c3f96200127dc502,0.15,0.45,0.05,0.16,3.1,3.2,3.1,2.8,0.279
2026-03-13 21:41:40,56de42f611f398ec0c481284,0.15,0.45,0.05,0.16,3.1,3.2,3.1,2.8,0.347
2026-03-13 21:41:40,662b56c51afb9c00172d9071,0.15,0.45,0.05,0.16,3.1,3.2,3.1,2.8,0.342
2026-03-13 21:41:40,63ae7a08bfd3d90017e8f285,0.15,0.45,0.05,0.16,3.1,3.2,3.1,2.8,0.252
2026-03-13 21:41:40,662a8b061afb9c00172d27d7,0.15,0.45,0.05,0.16,3.1,3.2,3.1,2.8,0.46
2026-03-13 21:41:40,587ee7d7b807da0011e33d55,0.15,0.45,0.05,0.16,3.1,3.2,3.1,2.8,0.297
2026-03-13 21:41:40,5deb576d1dc17d7c5515ad12,0.15,0.45,0.05,0.16,3.1,3.2,3.1,2.8,0.307
2026-03-13 21:41:40,662b51a41afb9c00172d8926,0.15,0.45,0.05,0.16,3.1,3.2,3.1,2.8,0.277
2026-03-13 21:41:40,63ae7893bfd3d90017e8f1e1,0.15,0.45,0.05,0.16,3.1,3.2,3.1,2.8,0.25
2026-03-13 21:41:40,662a8b9e1afb9c00172d284d,0.15,0.45,0.05,0.16,3.1,3.2,3.1,2.8,0.3
2026-03-13 21:41:40,5a823ba75058170011f6ea9e,0.15,0.45,0.05,0.16,3.1,3.2,3.1,2.8,0.261
2026-03-13 21:41:40,681887346dfb4b0018f8f36a,0.15,0.45,0.05,0.16,3.1,3.2,3.1,2.8,0.345
2026-03-13 21:41:40,662b5a401afb9c00172d91fc,0.15,0.45,0.05,0.16,3.1,3.2,3.1,2.8,0.336
2026-03-13 21:41:40,56df8544c062921100c143e6,0.15,0.45,0.05,0.16,3.1,3.2,3.1,2.8,0.325
2026-03-13 21:41:40,595ddb493dcfc400106f28b6,0.15,0.45,0.05,0.16,3.1,3.2,3.1,2.8,0.285
2026-03-13 21:41:40,66b1c1f2779f740018673f0d,0.15,0.45,0.05,0.16,3.1,3.2,3.1,2.8,0.311
2026-03-13 21:41:40,589b4379b3bf7600110283c9,0.15,0.45,0.05,0.16,3.1,3.2,3.1,2.8,0.281
2026-03-13 21:41:40,5a60604f8576340017d0660b,0.15,0.45,0.05,0.16,3.1,3.2,3.1,2.8,0.368
2026-03-13 21:41:40,5d8cd9cb766c88001718895c,0.15,0.45,0.05,0.16,3.1,3.2,3.1,2.8,0.373
2026-03-13 21:41:40,6623e6b86f998a001b2523b8,0.15,0.45,0.05,0.16,3.1,3.2,3.1,2.8,0.292
2026-03-13 21:41:40,5a8256315058170011f6eac9,0.15,0.45,0.05,0.16,3.1,3.2,3.1,2.8,0.634
2026-03-13 21:41:40,5ad064b498d8fc001102e26f,0.15,0.45,0.05,0.16,3.1,3.2,3.1,2.8,0.333
2026-03-13 21:41:40,58af8d68bd82540010390c2e,0.15,0.45,0.05,0.16,3.1,3.2,3.1,2.8,0.273
2026-03-13 21:41:40,65e0552f6b18080018db6647,0.15,0.45,0.05,0.16,3.1,3.2,3.1,2.8,0.348
2026-03-13 21:41:40,595da7783dcfc400106f2888,0.15,0.45,0.05,0.16,3.1,3.2,3.1,2.8,0.323
2026-03-13 21:41:40,662a8e121afb9c00172d2a3f,0.15,0.45,0.05,0.16,3.1,3.2,3.1,2.8,0.384
2026-03-13 21:41:40,662b5be91afb9c00172d939b,0.15,0.45,0.05,0.16,3.1,3.2,3.1,2.8,0.291
2026-03-13 21:41:40,5b728aafca0577001163ff7e,0.15,0.45,0.05,0.16,3.1,3.2,3.1,2.8,0.499
2026-03-13 21:41:40,6818901a6dfb4b0018f9058a,0.15,0.45,0.05,0.16,3.1,3.2,3.1,2.8,0.333
2026-03-13 21:41:40,63ae7966bfd3d90017e8f240,0.15,0.45,0.05,0.16,3.1,3.2,3.1,2.8,0.268
2026-03-13 21:41:40,5a607fa38576340017d06671,0.15,0.45,0.05,0.16,3.1,3.2,3.1,2.8,0.34
2026-03-13 21:41:40,662b87551afb9c00172dd43a,0.15,0.45,0.05,0.16,3.1,3.2,3.1,2.8,0.286
2026-03-13 21:41:40,5deb576d1dc17d7c5515ad21,0.15,0.45,0.05,0.16,3.1,3.2,3.1,2.8,0.439
2026-03-13 21:41:40,68188bf46dfb4b0018f8ff12,0.15,0.45,0.05,0.16,3.1,3.2,3.1,2.8,0.348
2026-03-13 21:41:40,68a589a54e89b100173b6267,0.15,0.45,0.05,0.16,3.1,3.2,3.1,2.8,0.344
2026-03-13 21:41:40,56de42f611f398ec0c481289,0.15,0.45,0.05,0.16,3.1,3.2,3.1,2.8,0.332
2026-03-13 21:41:40,58ad69c4bd82540010390be7,0.15,0.45,0.05,0.16,3.1,3.2,3.1,2.8,0.268
2026-03-13 21:41:40,6623f5876f998a001b25291a,0.15,0.45,0.05,0.16,3.1,3.2,3.1,2.8,0.763
2026-03-13 21:41:40,6623e2e16f998a001b252233,0.15,0.45,0.05,0.16,3.1,3.2,3.1,2.8,0.267
2026-03-13 21:41:40,63b54898bfd3d90017ea77ae,0.15,0.45,0.05,0.16,3.1,3.2,3.1,2.8,0.333
2026-03-13 21:41:40,63b549b8bfd3d90017ea782c,0.15,0.45,0.05,0.16,3.1,3.2,3.1,2.8,0.514
2026-03-13 21:41:40,662b5b271afb9c00172d9296,0.15,0.45,0.05,0.16,3.1,3.2,3.1,2.8,0.274
2026-03-13 21:41:40,662a87df1afb9c00172d2522,0.15,0.45,0.05,0.16,3.1,3.2,3.1,2.8,0.256
2026-03-13 21:41:40,68ede60a230ee50017d04c69,0.15,0.45,0.05,0.16,3.1,3.2,3.1,2.8,0.294
2026-03-13 21:41:40,5a823bd55058170011f6eaa0,0.15,0.45,0.05,0.16,3.1,3.2,3.1,2.8,0.315
2026-03-13 21:41:40,5a6085688576340017d06684,0.15,0.45,0.05,0.16,3.1,3.2,3.1,2.8,0.306
2026-03-13 21:41:40,595dd7693dcfc400106f28b0,0.15,0.45,0.05,0.16,3.1,3.2,3.1,2.8,0.299
2026-03-13 21:41:40,6623e88c6f998a001b25248b,0.15,0.45,0.05,0.16,3.1,3.2,3.1,2.8,0.298
2026-03-13 21:41:40,63b54996bfd3d90017ea781a,0.15,0.45,0.05,0.16,3.1,3.2,3.1,2.8,0.346
2026-03-13 21:41:40,56de42f611f398ec0c481283,0.15,0.45,0.05,0.16,3.1,3.2,3.1,2.8,0.271
2026-03-13 21:41:40,5d8cdcf0766c880017188972,0.15,0.45,0.05,0.16,3.1,3.2,3.1,2.8,0.295
2026-03-13 21:41:40,67e217643215f90017863b73,0.15,0.45,0.05,0.16,3.1,3.2,3.1,2.8,0.319
2026-03-13 21:41:40,662b57ec1afb9c00172d90e3,0.15,0.45,0.05,0.16,3.1,3.2,3.1,2.8,0.271
2026-03-13 21:41:40,662b50571afb9c00172d87df,0.15,0.45,0.05,0.16,3.1,3.2,3.1,2.8,0.278
2026-03-13 21:41:40,56df8274c062921100c143df,0.15,0.45,0.05,0.16,3.1,3.2,3.1,2.8,0.294
2026-03-13 21:41:40,662b52131afb9c00172d8a23,0.15,0.45,0.05,0.16,3.1,3.2,3.1,2.8,0.285
2026-03-13 21:41:40,68188b786dfb4b0018f8face,0.15,0.45,0.05,0.16,3.1,3.2,3.1,2.8,0.299
2026-03-13 21:41:40,5a6061fd8576340017d06613,0.15,0.45,0.05,0.16,3.1,3.2,3.1,2.8,0.396
2026-03-13 21:41:40,6623f0246f998a001b252797,0.15,0.45,0.05,0.16,3.1,3.2,3.1,2.8,0.305
2026-03-13 21:41:40,595da7d93dcfc400106f288a,0.15,0.45,0.05,0.16,3.1,3.2,3.1,2.8,0.326
2026-03-13 21:41:40,66b1c311779f740018674083,0.15,0.45,0.05,0.16,3.1,3.2,3.1,2.8,0.574
2026-03-13 21:41:40,68ae7f327d735d00173c74e4,0.15,0.45,0.05,0.16,3.1,3.2,3.1,2.8,0.314
2026-03-13 21:41:40,59ca30fd02eb490011a0a406,0.15,0.45,0.05,0.16,3.1,3.2,3.1,2.8,0.273
2026-03-13 21:41:40,662a8cfe1afb9c00172d296e,0.15,0.45,0.05,0.16,3.1,3.2,3.1,2.8,0.344
2026-03-13 21:41:40,589b39d9b3bf7600110283c1,0.15,0.45,0.05,0.16,3.1,3.2,3.1,2.8,0.253
2026-03-13 21:41:40,5d8cd326766c88001718893e,0.15,0.45,0.05,0.16,3.1,3.2,3.1,2.8,0.48
2026-03-13 21:41:40,587461c1b807da0011e33cc8,0.15,0.45,0.05,0.16,3.1,3.2,3.1,2.8,0.323
2026-03-13 21:41:40,63ae76afbfd3d90017e8f106,0.15,0.45,0.05,0.16,3.1,3.2,3.1,2.8,0.321
2026-03-13 21:41:40,63b661a3bfd3d90017eaa520,0.15,0.45,0.05,0.16,3.1,3.2,3.1,2.8,0.273
2026-03-13 21:41:40,583f926761cfea0012cf68f1,0.15,0.45,0.05,0.16,3.1,3.2,3.1,2.8,0.327
2026-03-13 21:41:40,6878bab06145d3001ba517f7,0.15,0.45,0.05,0.16,3.1,3.2,3.1,2.8,0.267
2026-03-13 21:41:40,56df81d8c062921100c143de,0.15,0.45,0.05,0.16,3.1,3.2,3.1,2.8,0.47
2026-03-13 21:41:40,63ae73cebfd3d90017e8f00d,0.15,0.45,0.05,0.16,3.1,3.2,3.1,2.8,0.251
2026-03-13 21:41:40,662a8a661afb9c00172d2762,0.15,0.45,0.05,0.16,3.1,3.2,3.1,2.8,0.28
2026-03-13 21:41:40,6623e7526f998a001b252407,0.15,0.45,0.05,0.16,3.1,3.2,3.1,2.8,0.312
2026-03-13 21:41:40,5a6084898576340017d06680,0.15,0.45,0.05,0.16,3.1,3.2,3.1,2.8,0.265
2026-03-13 21:41:40,56de42f611f398ec0c48129b,0.15,0.45,0.05,0.16,3.1,3.2,3.1,2.8,0.327
2026-03-13 21:41:40,586e2492f9fab7001111b0ab,0.15,0.45,0.05,0.16,3.1,3.2,3.1,2.8,0.251
2026-03-13 21:41:40,68edd621230ee50017d031c5,0.15,0.45,0.05,0.16,3.1,3.2,3.1,2.8,0.259
2026-03-13 21:41:40,68ede0cf230ee50017d04657,0.15,0.45,0.05,0.16,3.1,3.2,3.1,2.8,0.344
2026-03-13 21:41:40,662b571d1afb9c00172d9083,0.15,0.45,0.05,0.16,3.1,3.2,3.1,2.8,0.263
2026-03-13 21:41:40,587479b1b807da0011e33cf9,0.15,0.45,0.05,0.16,3.1,3.2,3.1,2.8,0.33
2026-03-13 21:41:40,62da3e620637a10017d70720,0.15,0.45,0.05,0.16,3.1,3.2,3.1,2.8,0.276
2026-03-13 21:41:40,63b54909bfd3d90017ea77e4,0.15,0.45,0.05,0.16,3.1,3.2,3.1,2.8,0.27
2026-03-13 21:41:40,595ddbbf3dcfc400106f28b8,0.15,0.45,0.05,0.16,3.1,3.2,3.1,2.8,0.265
2026-03-13 21:41:40,5d9de43b766c880017188cb6,0.15,0.45,0.05,0.16,3.1,3.2,3.1,2.8,0.31
2026-03-13 21:41:40,5a8250cc5058170011f6eaba,0.15,0.45,0.05,0.16,3.1,3.2,3.1,2.8,0.261
2026-03-13 21:41:40,6818868b6dfb4b0018f8f298,0.15,0.45,0.05,0.16,3.1,3.2,3.1,2.8,0.299
2026-03-13 21:41:40,5b0b7e1c0e517b00119fd80b,0.15,0.45,0.05,0.16,3.1,3.2,3.1,2.8,0.33
2026-03-13 21:41:40,56de42f611f398ec0c48129a,0.15,0.45,0.05,0.16,3.1,3.2,3.1,2.8,0.336
2026-03-13 21:41:40,662b57711afb9c00172d90a7,0.15,0.45,0.05,0.16,3.1,3.2,3.1,2.8,0.325
2026-03-13 21:41:40,63b54968bfd3d90017ea7808,0.15,0.45,0.05,0.16,3.1,3.2,3.1,2.8,0.281
2026-03-13 21:41:40,56de42f611f398ec0c48127f,0.15,0.45,0.05,0.16,3.1,3.2,3.1,2.8,0.493
2026-03-13 21:41:40,58df5016dc195800111e04bd,0.15,0.45,0.05,0.16,3.1,3.2,3.1,2.8,0.322
2026-03-13 21:41:40,681887836dfb4b0018f8f3d1,0.15,0.45,0.05,0.16,3.1,3.2,3.1,2.8,0.327
2026-03-13 21:41:40,681884726dfb4b0018f8f035,0.15,0.45,0.05,0.16,3.1,3.2,3.1,2.8,0.284
2026-03-13 21:41:40,5d8cdac3766c880017188962,0.15,0.45,0.05,0.16,3.1,3.2,3.1,2.8,0.348
2026-03-13 21:41:40,587ef5dfb807da0011e33d59,0.15,0.45,0.05,0.16,3.1,3.2,3.1,2.8,0.335
2026-03-13 21:41:40,68fae32b6b936b001721878b,0.15,0.45,0.05,0.16,3.1,3.2,3.1,2.8,0.311
2026-03-13 21:41:40,595dc2f03dcfc400106f2896,0.15,0.45,0.05,0.16,3.1,3.2,3.1,2.8,0.281
2026-03-13 21:41:40,662b85f51afb9c00172dd1c2,0.15,0.45,0.05,0.16,3.1,3.2,3.1,2.8,0.326
2026-03-13 21:41:40,692293f044912200174bc856,0.15,0.45,0.05,0.16,3.1,3.2,3.1,2.8,0.282
2026-03-13 21:41:40,68a588c04e89b100173b616b,0.15,0.45,0.05,0.16,3.1,3.2,3.1,2.8,0.33
2026-03-13 21:41:40,5d8cdbdc766c88001718896a,0.15,0.45,0.05,0.16,3.1,3.2,3.1,2.8,0.303
2026-03-13 21:41:40,63b54d5abfd3d90017ea7afe,0.15,0.45,0.05,0.16,3.1,3.2,3.1,2.8,0.298
2026-03-13 21:41:40,5deb576d1dc17d7c5515ad13,0.15,0.45,0.05,0.16,3.1,3.2,3.1,2.8,0.286
2026-03-13 21:41:40,662b862a1afb9c00172dd1ff,0.15,0.45,0.05,0.16,3.1,3.2,3.1,2.8,0.273
2026-03-13 21:41:40,5deb576d1dc17d7c5515acf2,0.15,0.45,0.05,0.16,3.1,3.2,3.1,2.8,0.305
2026-03-13 21:41:40,5a824e465058170011f6eab4,0.15,0.45,0.05,0.16,3.1,3.2,3.1,2.8,0.51
2026-03-13 21:41:40,662b57471afb9c00172d9095,0.15,0.45,0.05,0.16,3.1,3.2,3.1,2.8,0.325
2026-03-13 21:41:40,56de42f611f398ec0c481291,0.15,0.45,0.05,0.16,3.1,3.2,3.1,2.8,0.496
2026-03-13 21:41:40,584e71cb61cfea0012cf694b,0.15,0.45,0.05,0.16,3.1,3.2,3.1,2.8,0.282
2026-03-13 21:41:40,595f874d3dcfc400106f28ec,0.15,0.45,0.05,0.16,3.1,3.2,3.1,2.8,0.274
2026-03-13 21:41:40,5b19d34faf4ff60011d6ea52,0.15,0.45,0.05,0.16,3.1,3.2,3.1,2.8,0.253
2026-03-13 21:41:40,63b3c9bfbfd3d90017e9b039,0.15,0.45,0.05,0.16,3.1,3.2,3.1,2.8,0.318
2026-03-13 21:41:40,5deb576d1dc17d7c5515acf4,0.15,0.45,0.05,0.16,3.1,3.2,3.1,2.8,0.281
2026-03-13 21:41:40,6922944044912200174bc883,0.15,0.45,0.05,0.16,3.1,3.2,3.1,2.8,0.326
2026-03-13 21:41:40,58af99abbd82540010390c39,0.15,0.45,0.05,0.16,3.1,3.2,3.1,2.8,0.282
2026-03-13 21:41:40,68a5894a4e89b100173b6202,0.15,0.45,0.05,0.16,3.1,3.2,3.1,2.8,0.32
2026-03-13 21:41:40,6623ecc16f998a001b25269e,0.15,0.45,0.05,0.16,3.1,3.2,3.1,2.8,0.323
2026-03-13 21:41:40,6623e3ea6f998a001b2522ae,0.15,0.45,0.05,0.16,3.1,3.2,3.1,2.8,0.336
2026-03-13 21:41:40,662b7d0c1afb9c00172dc6a6,0.15,0.45,0.05,0.16,3.1,3.2,3.1,2.8,0.349
2026-03-13 21:41:40,662b54bb1afb9c00172d8dbb,0.15,0.45,0.05,0.16,3.1,3.2,3.1,2.8,0.45
2026-03-13 21:41:40,662b58bd1afb9c00172d9119,0.15,0.45,0.05,0.16,3.1,3.2,3.1,2.8,0.327
2026-03-13 21:41:40,595f86c43dcfc400106f28ea,0.15,0.45,0.05,0.16,3.1,3.2,3.1,2.8,0.305
2026-03-13 21:41:40,59ca321b02eb490011a0a40d,0.15,0.45,0.05,0.16,3.1,3.2,3.1,2.8,0.413
2026-03-13 21:41:40,5a82439f5058170011f6eaa9,0.15,0.45,0.05,0.16,3.1,3.2,3.1,2.8,0.329
2026-03-13 21:41:40,6623e5d66f998a001b25235a,0.15,0.45,0.05,0.16,3.1,3.2,3.1,2.8,0.324
2026-03-13 21:41:40,58d7c20ac1e33c00112b321c,0.15,0.45,0.05,0.16,3.1,3.2,3.1,2.8,0.378
2026-03-13 21:41:40,589d0b74b3bf7600110283d4,0.15,0.45,0.05,0.16,3.1,3.2,3.1,2.8,0.498
2026-03-13 21:41:40,56df807bc062921100c143da,0.15,0.45,0.05,0.16,3.1,3.2,3.1,2.8,0.358
2026-03-13 21:41:40,662b82a61afb9c00172dcdfd,0.15,0.45,0.05,0.16,3.1,3.2,3.1,2.8,0.34
2026-03-13 21:41:40,586e266ef9fab7001111b0b0,0.15,0.45,0.05,0.16,3.1,3.2,3.1,2.8,0.264
2026-03-13 21:41:40,63ae7a74bfd3d90017e8f2c7,0.15,0.45,0.05,0.16,3.1,3.2,3.1,2.8,0.256
2026-03-13 21:41:40,59d3414302eb490011a0a610,0.15,0.45,0.05,0.16,3.1,3.2,3.1,2.8,0.305
2026-03-13 21:41:40,6623e9e96f998a001b2525ce,0.15,0.45,0.05,0.16,3.1,3.2,3.1,2.8,0.315
2026-03-13 21:41:40,63ae7a9cbfd3d90017e8f303,0.15,0.45,0.05,0.16,3.1,3.2,3.1,2.8,0.319
2026-03-13 21:41:40,5a6085188576340017d06682,0.15,0.45,0.05,0.16,3.1,3.2,3.1,2.8,0.311
2026-03-13 21:41:40,56de42f611f398ec0c481286,0.15,0.45,0.05,0.16,3.1,3.2,3.1,2.8,0.291
2026-03-13 21:41:40,6623f14b6f998a001b2527f0,0.15,0.45,0.05,0.16,3.1,3.2,3.1,2.8,0.404
2026-03-13 21:41:40,662b4f411afb9c00172d86fc,0.15,0.45,0.05,0.16,3.1,3.2,3.1,2.8,0.482
2026-03-13 21:41:40,6792f9c88c5ed4001b27fb3d,0.15,0.45,0.05,0.16,3.1,3.2,3.1,2.8,0.284
2026-03-13 21:41:40,662b843d1afb9c00172dd02d,0.15,0.45,0.05,0.16,3.1,3.2,3.1,2.8,0.294
2026-03-13 21:41:40,595d9b3b3dcfc400106f287e,0.15,0.45,0.05,0.16,3.1,3.2,3.1,2.8,0.518
2026-03-13 21:41:40,5deb576d1dc17d7c5515ad0b,0.15,0.45,0.05,0.16,3.1,3.2,3.1,2.8,0.308
2026-03-13 21:41:40,5a6087858576340017d0668e,0.15,0.45,0.05,0.16,3.1,3.2,3.1,2.8,0.359
2026-03-13 21:41:40,662b4e581afb9c00172d862f,0.15,0.45,0.05,0.16,3.1,3.2,3.1,2.8,0.289
2026-03-13 21:41:40,587464e2b807da0011e33cd9,0.15,0.45,0.05,0.16,3.1,3.2,3.1,2.8,0.277
2026-03-13 21:41:40,58afdbaebd82540010390c48,0.15,0.45,0.05,0.16,3.1,3.2,3.1,2.8,0.283
2026-03-13 21:41:40,63b54c51bfd3d90017ea7aa0,0.15,0.45,0.05,0.16,3.1,3.2,3.1,2.8,0.266
2026-03-13 21:41:40,58ad6214bd82540010390be2,0.15,0.45,0.05,0.16,3.1,3.2,3.1,2.8,0.34
2026-03-13 21:41:40,5deb576d1dc17d7c5515ad09,0.15,0.45,0.05,0.16,3.1,3.2,3.1,2.8,0.336
2026-03-13 21:41:40,58af8a0bbd82540010390c25,0.15,0.45,0.05,0.16,3.1,3.2,3.1,2.8,0.316
2026-03-13 21:41:40,5b0b74280e517b00119fd7f9,0.15,0.45,0.05,0.16,3.1,3.2,3.1,2.8,0.358
2026-03-13 21:41:40,587ef859b807da0011e33d5b,0.15,0.45,0.05,0.16,3.1,3.2,3.1,2.8,0.289
2026-03-13 21:41:40,58744e97b807da0011e33cb9,0.15,0.45,0.05,0.16,3.1,3.2,3.1,2.8,0.288
2026-03-13 21:41:40,692293c644912200174bc83b,0.15,0.45,0.05,0.16,3.1,3.2,3.1,2.8,0.336
2026-03-13 21:41:40,63b54a48bfd3d90017ea7850,0.15,0.45,0.05,0.16,3.1,3.2,3.1,2.8,0.322
2026-03-13 21:41:40,58c2717ed56e930010a39ac0,0.15,0.45,0.05,0.16,3.1,3.2,3.1,2.8,0.319
2026-03-13 21:41:40,58afcd9bbd82540010390c41,0.15,0.45,0.05,0.16,3.1,3.2,3.1,2.8,0.338
2026-03-13 21:41:40,63b54a9ebfd3d90017ea7911,0.15,0.45,0.05,0.16,3.1,3.2,3.1,2.8,0.33
2026-03-13 21:41:40,5bbc7163ca0577001164127f,0.15,0.45,0.05,0.16,3.1,3.2,3.1,2.8,0.292
2026-03-13 21:41:40,6623f3d66f998a001b252890,0.15,0.45,0.05,0.16,3.1,3.2,3.1,2.8,0.303
2026-03-13 21:41:40,5b6005b6fd4edb0019c7db25,0.15,0.45,0.05,0.16,3.1,3.2,3.1,2.8,0.279
2026-03-13 21:41:40,662a902a1afb9c00172d2bed,0.15,0.45,0.05,0.16,3.1,3.2,3.1,2.8,0.335
2026-03-13 21:41:40,662b85481afb9c00172dd0f1,0.15,0.45,0.05,0.16,3.1,3.2,3.1,2.8,0.27
2026-03-13 21:41:40,6623ef2b6f998a001b252753,0.15,0.45,0.05,0.16,3.1,3.2,3.1,2.8,0.29
2026-03-13 21:41:40,66b1c4e7779f7400186741e4,0.15,0.45,0.05,0.16,3.1,3.2,3.1,2.8,0.326
2026-03-13 21:41:40,56de42f611f398ec0c48129c,0.15,0.45,0.05,0.16,3.1,3.2,3.1,2.8,0.347
2026-03-13 21:41:40,587c8661b807da0011e33d43,0.15,0.45,0.05,0.16,3.1,3.2,3.1,2.8,0.261
2026-03-13 21:41:40,5b632a79fd4edb0019c7dc0f,0.15,0.45,0.05,0.16,3.1,3.2,3.1,2.8,0.543
2026-03-13 21:41:40,662a87a41afb9c00172d24e9,0.15,0.45,0.05,0.16,3.1,3.2,3.1,2.8,0.347
2026-03-13 21:41:40,595dd4133dcfc400106f28a9,0.15,0.45,0.05,0.16,3.1,3.2,3.1,2.8,0.326
2026-03-13 21:41:40,662b5b8c1afb9c00172d92ca,0.15,0.45,0.05,0.16,3.1,3.2,3.1,2.8,0.425
2026-03-13 21:41:40,5d8cd7bb766c880017188952,0.15,0.45,0.05,0.16,3.1,3.2,3.1,2.8,0.269
2026-03-13 21:41:40,56df857fc062921100c143e7,0.15,0.45,0.05,0.16,3.1,3.2,3.1,2.8,0.258
2026-03-13 21:41:40,63ae75debfd3d90017e8f082,0.15,0.45,0.05,0.16,3.1,3.2,3.1,2.8,0.331
2026-03-13 21:41:40,6623eb466f998a001b252632,0.15,0.45,0.05,0.16,3.1,3.2,3.1,2.8,0.259
2026-03-13 21:41:40,5a824dc05058170011f6eab2,0.15,0.45,0.05,0.16,3.1,3.2,3.1,2.8,0.476
2026-03-13 21:41:40,5d8cd49f766c880017188944,0.15,0.45,0.05,0.16,3.1,3.2,3.1,2.8,0.51
2026-03-13 21:41:40,5a606c078576340017d06624,0.15,0.45,0.05,0.16,3.1,3.2,3.1,2.8,0.333
2026-03-13 21:41:40,5deb576d1dc17d7c5515acf3,0.15,0.45,0.05,0.16,3.1,3.2,3.1,2.8,0.291
2026-03-13 21:41:40,5a8254b05058170011f6eac3,0.15,0.45,0.05,0.16,3.1,3.2,3.1,2.8,0.693
2026-03-13 21:41:40,662b50c11afb9c00172d8843,0.15,0.45,0.05,0.16,3.1,3.2,3.1,2.8,0.435
2026-03-13 21:41:40,6623f51a6f998a001b252900,0.15,0.45,0.05,0.16,3.1,3.2,3.1,2.8,0.269
2026-03-13 21:41:40,5deb576d1dc17d7c5515ad1b,0.15,0.45,0.05,0.16,3.1,3.2,3.1,2.8,0.323
2026-03-13 21:41:40,58744e3eb807da0011e33cb7,0.15,0.45,0.05,0.16,3.1,3.2,3.1,2.8,0.307
2026-03-13 21:41:40,58744dd9b807da0011e33cb5,0.15,0.45,0.05,0.16,3.1,3.2,3.1,2.8,0.284
2026-03-13 21:41:40,56df8416c062921100c143e4,0.15,0.45,0.05,0.16,3.1,3.2,3.1,2.8,0.321
2026-03-13 21:41:40,681883b46dfb4b0018f8ef39,0.15,0.45,0.05,0.16,3.1,3.2,3.1,2.8,0.308
2026-03-13 21:41:40,58af8b69bd82540010390c28,0.15,0.45,0.05,0.16,3.1,3.2,3.1,2.8,0.306
2026-03-13 21:41:40,6623e3a26f998a001b252291,0.15,0.45,0.05,0.16,3.1,3.2,3.1,2.8,0.312
2026-03-13 21:41:40,589b3ceeb3bf7600110283c3,0.15,0.45,0.05,0.16,3.1,3.2,3.1,2.8,0.298
2026-03-13 21:41:40,595dcab53dcfc400106f289d,0.15,0.45,0.05,0.16,3.1,3.2,3.1,2.8,0.252
2026-03-13 21:41:40,662a89211afb9c00172d2636,0.15,0.45,0.05,0.16,3.1,3.2,3.1,2.8,0.307
2026-03-13 21:41:40,5deb576d1dc17d7c5515ad05,0.15,0.45,0.05,0.16,3.1,3.2,3.1,2.8,0.265
2026-03-13 21:41:40,595dd4f43dcfc400106f28ab,0.15,0.45,0.05,0.16,3.1,3.2,3.1,2.8,0.269
2026-03-13 21:41:40,6792ef4f8c5ed4001b27f2c0,0.15,0.45,0.05,0.16,3.1,3.2,3.1,2.8,0.338
2026-03-13 21:41:40,662b84771afb9c00172dd076,0.15,0.45,0.05,0.16,3.1,3.2,3.1,2.8,0.308
2026-03-13 21:41:40,6623f0b46f998a001b2527c3,0.15,0.45,0.05,0.16,3.1,3.2,3.1,2.8,0.324
2026-03-13 21:41:40,6922928544912200174bc755,0.15,0.45,0.05,0.16,3.1,3.2,3.1,2.8,0.327
2026-03-13 21:41:40,665861d864f11e00173c73a9,0.15,0.45,0.05,0.16,3.1,3.2,3.1,2.8,0.351
2026-03-13 21:41:40,5a607f078576340017d0666f,0.15,0.45,0.05,0.16,3.1,3.2,3.1,2.8,0.3
2026-03-13 21:41:40,68ede112230ee50017d046a6,0.15,0.45,0.05,0.16,3.1,3.2,3.1,2.8,0.316
2026-03-13 21:41:40,5a824ee15058170011f6eab6,0.15,0.45,0.05,0.16,3.1,3.2,3.1,2.8,0.304
2026-03-13 21:41:40,6623ed396f998a001b2526b8,0.15,0.45,0.05,0.16,3.1,3.2,3.1,2.8,0.284
2026-03-13 21:41:40,5b632b60fd4edb0019c7dc12,0.15,0.45,0.05,0.16,3.1,3.2,3.1,2.8,0.571
2026-03-13 21:41:40,587c8d97b807da0011e33d49,0.15,0.45,0.05,0.16,3.1,3.2,3.1,2.8,0.279
2026-03-13 21:41:40,59414c883dcfc400106f260b,0.15,0.45,0.05,0.16,3.1,3.2,3.1,2.8,0.314
2026-03-13 21:41:40,56df82d4c062921100c143e0,0.15,0.45,0.05,0.16,3.1,3.2,3.1,2.8,0.35
2026-03-13 21:41:40,6792f1008c5ed4001b27f41f,0.15,0.45,0.05,0.16,3.1,3.2,3.1,2.8,0.262
2026-03-13 21:41:40,58affc6017139d0010f35cc8,0.15,0.45,0.05,0.16,3.1,3.2,3.1,2.8,0.277
2026-03-13 21:41:40,587463bab807da0011e33cd3,0.15,0.45,0.05,0.16,3.1,3.2,3.1,2.8,0.303
2026-03-13 21:41:40,5deb576d1dc17d7c5515ad1c,0.15,0.45,0.05,0.16,3.1,3.2,3.1,2.8,0.254
2026-03-13 21:41:40,56de42f611f398ec0c481287,0.15,0.45,0.05,0.16,3.1,3.2,3.1,2.8,0.307
2026-03-13 21:41:40,662b5c981afb9c00172d94c0,0.15,0.45,0.05,0.16,3.1,3.2,3.1,2.8,0.464
2026-03-13 21:41:40,662a861e1afb9c00172d23ad,0.15,0.45,0.05,0.16,3.1,3.2,3.1,2.8,0.353
2026-03-13 21:41:40,662b5a9c1afb9c00172d9240,0.15,0.45,0.05,0.16,3.1,3.2,3.1,2.8,0.33
2026-03-13 21:41:40,662a88a01afb9c00172d25d1,0.15,0.45,0.05,0.16,3.1,3.2,3.1,2.8,0.283
2026-03-13 21:41:40,68a587fc4e89b100173b6054,0.15,0.45,0.05,0.16,3.1,3.2,3.1,2.8,0.263
2026-03-13 21:41:40,662b4e201afb9c00172d85f9,0.15,0.45,0.05,0.16,3.1,3.2,3.1,2.8,0.41
2026-03-13 21:41:40,5d8cdb4b766c880017188966,0.15,0.45,0.05,0.16,3.1,3.2,3.1,2.8,0.283
2026-03-13 21:41:40,58b57a6c17139d0010f35d65,0.15,0.45,0.05,0.16,3.1,3.2,3.1,2.8,0.303
2026-03-13 21:41:40,62da3e390637a10017d706ff,0.15,0.45,0.05,0.16,3.1,3.2,3.1,2.8,0.306
2026-03-13 21:41:40,5deb576d1dc17d7c5515ad10,0.15,0.45,0.05,0.16,3.1,3.2,3.1,2.8,0.271
2026-03-13 21:41:40,66b1c4a2779f74001867418c,0.15,0.45,0.05,0.16,3.1,3.2,3.1,2.8,0.251
2026-03-13 21:41:40,631813ebc9eae60017a196b0,0.15,0.45,0.05,0.16,3.1,3.2,3.1,2.8,0.438
2026-03-13 21:41:40,68188cfa6dfb4b0018f9013c,0.15,0.45,0.05,0.16,3.1,3.2,3.1,2.8,0.283
2026-03-13 21:41:40,587475abb807da0011e33cea,0.15,0.45,0.05,0.16,3.1,3.2,3.1,2.8,0.338
2026-03-13 21:41:40,5deb576d1dc17d7c5515ad0e,0.15,0.45,0.05,0.16,3.1,3.2,3.1,2.8,0.324
2026-03-13 21:41:40,68ede227230ee50017d0480b,0.15,0.45,0.05,0.16,3.1,3.2,3.1,2.8,0.28
2026-03-13 21:41:40,5deb576d1dc17d7c5515ad11,0.15,0.45,0.05,0.16,3.1,3.2,3.1,2.8,0.323
2026-03-13 21:41:40,68ede25b230ee50017d0484d,0.15,0.45,0.05,0.16,3.1,3.2,3.1,2.8,0.328
2026-03-13 21:41:40,587478d8b807da0011e33cf3,0.15,0.45,0.05,0.16,3.1,3.2,3.1,2.8,0.272
2026-03-13 21:41:40,5deb576d1dc17d7c5515acf8,0.15,0.45,0.05,0.16,3.1,3.2,3.1,2.8,0.261
2026-03-13 21:41:40,591c6833a6bfb500119400a3,0.15,0.45,0.05,0.16,3.1,3.2,3.1,2.8,0.329
2026-03-13 21:41:40,63ae7938bfd3d90017e8f226,0.15,0.45,0.05,0.16,3.1,3.2,3.1,2.8,0.275
2026-03-13 21:41:40,63b664edbfd3d90017eaaa24,0.15,0.45,0.05,0.16,3.1,3.2,3.1,2.8,0.275
2026-03-13 21:41:40,56df83d8c062921100c143e3,0.15,0.45,0.05,0.16,3.1,3.2,3.1,2.8,0.269
2026-03-13 21:41:40,6623e5776f998a001b252337,0.15,0.45,0.05,0.16,3.1,3.2,3.1,2.8,0.285
2026-03-13 21:41:40,59ca308302eb490011a0a403,0.15,0.45,0.05,0.16,3.1,3.2,3.1,2.8,0.282
2026-03-13 21:41:40,5deb576d1dc17d7c5515acfd,0.15,0.45,0.05,0.16,3.1,3.2,3.1,2.8,0.349
2026-03-13 21:41:40,56df8159c062921100c143dc,0.15,0.45,0.05,0.16,3.1,3.2,3.1,2.8,0.517
2026-03-13 21:41:40,587ef2e4b807da0011e33d57,0.15,0.45,0.05,0.16,3.1,3.2,3.1,2.8,0.309
2026-03-13 21:41:40,589b3f7db3bf7600110283c6,0.15,0.45,0.05,0.16,3.1,3.2,3.1,2.8,0.306
2026-03-13 21:41:40,68188c876dfb4b0018f9007b,0.15,0.45,0.05,0.16,3.1,3.2,3.1,2.8,0.297
2026-03-13 21:41:40,6623e6706f998a001b25239b,0.15,0.45,0.05,0.16,3.1,3.2,3.1,2.8,0.403
2026-03-13 21:41:40,662b86551afb9c00172dd227,0.15,0.45,0.05,0.16,3.1,3.2,3.1,2.8,0.258
2026-03-13 21:41:40,662a88521afb9c00172d2592,0.15,0.45,0.05,0.16,3.1,3.2,3.1,2.8,0.536
2026-03-13 21:41:40,649da77ea6068200171a6dd4,0.15,0.45,0.05,0.16,3.1,3.2,3.1,2.8,0.322
2026-03-13 21:41:40,63b3c59fbfd3d90017e9ace8,0.15,0.45,0.05,0.16,3.1,3.2,3.1,2.8,0.283
2026-03-13 21:41:40,58b5510817139d0010f35d4e,0.15,0.45,0.05,0.16,3.1,3.2,3.1,2.8,0.325
2026-03-13 21:41:40,5a824c905058170011f6eab0,0.15,0.45,0.05,0.16,3.1,3.2,3.1,2.8,0.309
2026-03-13 21:41:40,5deb576d1dc17d7c5515ad16,0.15,0.45,0.05,0.16,3.1,3.2,3.1,2.8,0.339
2026-03-13 21:41:40,63ae7c73bfd3d90017e8f3ed,0.15,0.45,0.05,0.16,3.1,3.2,3.1,2.8,0.302
2026-03-13 21:41:40,586e1d4ef9fab7001111b0a2,0.15,0.45,0.05,0.16,3.1,3.2,3.1,2.8,0.36
2026-03-13 21:41:40,63195512c9eae60017a1c279,0.15,0.45,0.05,0.16,3.1,3.2,3.1,2.8,0.311
2026-03-13 21:41:40,59ca2ecb02eb490011a0a3f6,0.15,0.45,0.05,0.16,3.1,3.2,3.1,2.8,0.325
2026-03-13 21:41:40,5d8cdc9d766c880017188970,0.15,0.45,0.05,0.16,3.1,3.2,3.1,2.8,0.32
2026-03-13 21:41:40,6792f1b78c5ed4001b27f4a9,0.15,0.45,0.05,0.16,3.1,3.2,3.1,2.8,0.421
2026-03-13 21:41:40,58d8ec0adc195800111e042b,0.15,0.45,0.05,0.16,3.1,3.2,3.1,2.8,0.41
2026-03-13 21:41:40,5a8254f25058170011f6eac5,0.15,0.45,0.05,0.16,3.1,3.2,3.1,2.8,0.673
2026-03-13 21:41:40,63ae7c53bfd3d90017e8f3d8,0.15,0.45,0.05,0.16,3.1,3.2,3.1,2.8,0.291
2026-03-13 21:41:40,5deb576d1dc17d7c5515ad20,0.15,0.45,0.05,0.16,3.1,3.2,3.1,2.8,0.545
2026-03-13 21:41:40,5874796db807da0011e33cf7,0.15,0.45,0.05,0.16,3.1,3.2,3.1,2.8,0.3
2026-03-13 21:41:40,5deb576d1dc17d7c5515acfa,0.15,0.45,0.05,0.16,3.1,3.2,3.1,2.8,0.316
2026-03-13 21:41:40,58746536b807da0011e33cdc,0.15,0.45,0.05,0.16,3.1,3.2,3.1,2.8,0.262
2026-03-13 21:41:40,5a8251575058170011f6eabc,0.15,0.45,0.05,0.16,3.1,3.2,3.1,2.8,0.293
2026-03-13 21:41:40,662b59291afb9c00172d912b,0.15,0.45,0.05,0.16,3.1,3.2,3.1,2.8,0.342
2026-03-13 21:41:40,5a6060a88576340017d0660d,0.15,0.45,0.05,0.16,3.1,3.2,3.1,2.8,0.331
2026-03-13 21:41:40,63b65f33bfd3d90017eaa405,0.15,0.45,0.05,0.16,3.1,3.2,3.1,2.8,0.321
2026-03-13 21:41:40,5deb576d1dc17d7c5515ad1e,0.15,0.45,0.05,0.16,3.1,3.2,3.1,2.8,0.269
2026-03-13 21:41:40,5a6061868576340017d06611,0.15,0.45,0.05,0.16,3.1,3.2,3.1,2.8,0.42
2026-03-13 21:41:40,589b3705b3bf7600110283bd,0.15,0.45,0.05,0.16,3.1,3.2,3.1,2.8,0.315
2026-03-13 21:41:40,63ae7759bfd3d90017e8f162,0.15,0.45,0.05,0.16,3.1,3.2,3.1,2.8,0.257
2026-03-13 21:41:40,63ae7709bfd3d90017e8f135,0.15,0.45,0.05,0.16,3.1,3.2,3.1,2.8,0.298
2026-03-13 21:41:40,662b55111afb9c00172d8e2e,0.15,0.45,0.05,0.16,3.1,3.2,3.1,2.8,0.261
2026-03-13 21:41:40,649da419a6068200171a6c90,0.15,0.45,0.05,0.16,3.1,3.2,3.1,2.8,0.504
2026-03-13 21:41:40,58afccadbd82540010390c3f,0.15,0.45,0.05,0.16,3.1,3.2,3.1,2.8,0.279
2026-03-13 21:41:40,662b82761afb9c00172dcda3,0.15,0.45,0.05,0.16,3.1,3.2,3.1,2.8,0.259
2026-03-13 21:41:40,5deb576d1dc17d7c5515acf7,0.15,0.45,0.05,0.16,3.1,3.2,3.1,2.8,0.32
2026-03-13 21:41:40,5d9ddd49766c880017188c94,0.15,0.45,0.05,0.16,3.1,3.2,3.1,2.8,0.544
2026-03-13 21:41:40,5d8cd767766c880017188950,0.15,0.45,0.05,0.16,3.1,3.2,3.1,2.8,0.333
2026-03-13 21:41:40,6922931044912200174bc7cf,0.15,0.45,0.05,0.16,3.1,3.2,3.1,2.8,0.257
2026-03-13 21:41:40,6792f16e8c5ed4001b27f482,0.15,0.45,0.05,0.16,3.1,3.2,3.1,2.8,0.334
2026-03-13 21:41:40,595f8d813dcfc400106f28f2,0.15,0.45,0.05,0.16,3.1,3.2,3.1,2.8,0.346
2026-03-13 21:41:40,5874656eb807da0011e33cde,0.15,0.45,0.05,0.16,3.1,3.2,3.1,2.8,0.289
2026-03-13 21:41:40,6623e3566f998a001b25226d,0.15,0.45,0.05,0.16,3.1,3.2,3.1,2.8,0.271
2026-03-13 21:41:40,5abbb6d698d8fc001102dfc8,0.15,0.45,0.05,0.16,3.1,3.2,3.1,2.8,0.506
2026-03-13 21:41:40,5d8cdd26766c880017188974,0.15,0.45,0.05,0.16,3.1,3.2,3.1,2.8,0.333
2026-03-13 21:41:40,5deb576d1dc17d7c5515ad03,0.15,0.45,0.05,0.16,3.1,3.2,3.1,2.8,0.329
2026-03-13 21:41:40,63ae777cbfd3d90017e8f177,0.15,0.45,0.05,0.16,3.1,3.2,3.1,2.8,0.29
2026-03-13 21:41:40,631828cac9eae60017a19f50,0.15,0.45,0.05,0.16,3.1,3.2,3.1,2.8,0.309
2026-03-13 21:41:40,63b3c2fbbfd3d90017e9abbf,0.15,0.45,0.05,0.16,3.1,3.2,3.1,2.8,0.591
2026-03-13 21:41:40,58d7c2e6c1e33c00112b321e,0.15,0.45,0.05,0.16,3.1,3.2,3.1,2.8,0.259
2026-03-13 21:41:40,63b54ad1bfd3d90017ea7974,0.15,0.45,0.05,0.16,3.1,3.2,3.1,2.8,0.318
2026-03-13 21:41:40,662b5b481afb9c00172d92a8,0.15,0.45,0.05,0.16,3.1,3.2,3.1,2.8,0.272
2026-03-13 21:41:40,681885376dfb4b0018f8f0f2,0.15,0.45,0.05,0.16,3.1,3.2,3.1,2.8,0.253
2026-03-13 21:41:40,56de42f611f398ec0c48129e,0.15,0.45,0.05,0.16,3.1,3.2,3.1,2.8,0.301
2026-03-13 21:41:40,5d9dddb9766c880017188c96,0.15,0.45,0.05,0.16,3.1,3.2,3.1,2.8,0.432
2026-03-13 21:41:40,5d8cd372766c880017188940,0.15,0.45,0.05,0.16,3.1,3.2,3.1,2.8,0.411
2026-03-13 21:41:40,5a60839c8576340017d0667c,0.15,0.45,0.05,0.16,3.1,3.2,3.1,2.8,0.349
2026-03-13 21:41:40,68188c236dfb4b0018f8ff8f,0.15,0.45,0.05,0.16,3.1,3.2,3.1,2.8,0.27
2026-03-13 21:41:40,63b65f64bfd3d90017eaa41f,0.15,0.45,0.05,0.16,3.1,3.2,3.1,2.8,0.649
2026-03-13 21:41:40,58746371b807da0011e33cd1,0.15,0.45,0.05,0.16,3.1,3.2,3.1,2.8,0.291
2026-03-13 21:41:40,63bd1e95bfd3d90017ec3cd5,0.15,0.45,0.05,0.16,3.1,3.2,3.1,2.8,0.443
2026-03-13 21:41:40,63ae7cd3bfd3d90017e8f408,0.15,0.45,0.05,0.16,3.1,3.2,3.1,2.8,0.305
2026-03-13 21:41:40,5d8cd70e766c88001718894e,0.15,0.45,0.05,0.16,3.1,3.2,3.1,2.8,0.34
2026-03-13 21:41:40,58b555ac17139d0010f35d59,0.15,0.45,0.05,0.16,3.1,3.2,3.1,2.8,0.362
2026-03-13 21:41:40,595ddc123dcfc400106f28ba,0.15,0.45,0.05,0.16,3.1,3.2,3.1,2.8,0.283
2026-03-13 21:41:40,63b55020bfd3d90017ea7cb7,0.15,0.45,0.05,0.16,3.1,3.2,3.1,2.8,0.327
2026-03-13 21:41:40,68ede746230ee50017d04dcc,0.15,0.45,0.05,0.16,3.1,3.2,3.1,2.8,0.288
2026-03-13 21:41:40,5b19d2f9af4ff60011d6ea4f,0.15,0.45,0.05,0.16,3.1,3.2,3.1,2.8,0.277
2026-03-13 21:41:40,662b4d781afb9c00172d8571,0.15,0.45,0.05,0.16,3.1,3.2,3.1,2.8,0.338
2026-03-13 21:41:40,5a606a958576340017d06621,0.15,0.45,0.05,0.16,3.1,3.2,3.1,2.8,0.535
2026-03-13 21:41:40,662a8c381afb9c00172d28b6,0.15,0.45,0.05,0.16,3.1,3.2,3.1,2.8,0.255
2026-03-13 21:41:40,63b6617ebfd3d90017eaa50b,0.15,0.45,0.05,0.16,3.1,3.2,3.1,2.8,0.305
2026-03-13 21:41:40,595f91653dcfc400106f28f6,0.15,0.45,0.05,0.16,3.1,3.2,3.1,2.8,0.31
2026-03-13 21:41:40,56de42f611f398ec0c481292,0.15,0.45,0.05,0.16,3.1,3.2,3.1,2.8,0.299
2026-03-13 21:41:40,681888066dfb4b0018f8f4c2,0.15,0.45,0.05,0.16,3.1,3.2,3.1,2.8,0.335
2026-03-13 21:41:40,5deb576d1dc17d7c5515acff,0.15,0.45,0.05,0.16,3.1,3.2,3.1,2.8,0.285
2026-03-13 21:41:40,662b58791afb9c00172d9107,0.15,0.45,0.05,0.16,3.1,3.2,3.1,2.8,0.297
2026-03-13 21:41:40,662b811d1afb9c00172dcc1d,0.15,0.45,0.05,0.16,3.1,3.2,3.1,2.8,0.267
2026-03-13 21:41:40,662a8eb41afb9c00172d2aba,0.15,0.45,0.05,0.16,3.1,3.2,3.1,2.8,0.49
2026-03-13 21:41:40,63b548ecbfd3d90017ea77d2,0.15,0.45,0.05,0.16,3.1,3.2,3.1,2.8,0.312
2026-03-13 21:41:40,5deb576d1dc17d7c5515acfb,0.15,0.45,0.05,0.16,3.1,3.2,3.1,2.8,0.261
2026-03-13 21:41:40,56de42f611f398ec0c48127d,0.15,0.45,0.05,0.16,3.1,3.2,3.1,2.8,0.521
2026-03-13 21:41:40,56de42f611f398ec0c48128d,0.15,0.45,0.05,0.16,3.1,3.2,3.1,2.8,0.424
2026-03-13 21:41:40,6792f03d8c5ed4001b27f378,0.15,0.45,0.05,0.16,3.1,3.2,3.1,2.8,0.285
2026-03-13 21:41:40,68ede490230ee50017d04ae5,0.15,0.45,0.05,0.16,3.1,3.2,3.1,2.8,0.346
2026-03-13 21:41:40,6623e7076f998a001b2523ea,0.15,0.45,0.05,0.16,3.1,3.2,3.1,2.8,0.265
2026-03-13 21:41:40,59ca2cac02eb490011a0a3e9,0.15,0.45,0.05,0.16,3.1,3.2,3.1,2.8,0.26
2026-03-13 21:41:40,586e25e1f9fab7001111b0ae,0.15,0.45,0.05,0.16,3.1,3.2,3.1,2.8,0.308
2026-03-13 21:41:40,681889ec6dfb4b0018f8f6cb,0.15,0.45,0.05,0.16,3.1,3.2,3.1,2.8,0.251
2026-03-13 21:41:40,5d9dde8e766c880017188c9a,0.15,0.45,0.05,0.16,3.1,3.2,3.1,2.8,0.639
2026-03-13 21:41:40,5d9ddf0f766c880017188c9e,0.15,0.45,0.05,0.16,3.1,3.2,3.1,2.8,0.486
2026-03-13 21:41:40,681883866dfb4b0018f8eef6,0.15,0.45,0.05,0.16,3.1,3.2,3.1,2.8,0.281
2026-03-13 21:41:40,63ae76ddbfd3d90017e8f11b,0.15,0.45,0.05,0.16,3.1,3.2,3.1,2.8,0.302
2026-03-13 21:41:40,5deb576d1dc17d7c5515ad14,0.15,0.45,0.05,0.16,3.1,3.2,3.1,2.8,0.27
2026-03-13 21:41:40,63b66035bfd3d90017eaa48e,0.15,0.45,0.05,0.16,3.1,3.2,3.1,2.8,0.325
2026-03-13 21:41:40,585b284ac3f96200127dc500,0.15,0.45,0.05,0.16,3.1,3.2,3.1,2.8,0.274
2026-03-13 21:41:40,56de42f611f398ec0c481295,0.15,0.45,0.05,0.16,3.1,3.2,3.1,2.8,0.474
2026-03-13 21:41:40,5deb576d1dc17d7c5515ad04,0.15,0.45,0.05,0.16,3.1,3.2,3.1,2.8,0.254
2026-03-13 21:41:40,5a8278f35058170011f6eaed,0.15,0.45,0.05,0.16,3.1,3.2,3.1,2.8,0.438
2026-03-13 21:41:40,662b830e1afb9c00172dcf50,0.15,0.45,0.05,0.16,3.1,3.2,3.1,2.8,0.267
2026-03-13 21:41:40,5a6084208576340017d0667e,0.15,0.45,0.05,0.16,3.1,3.2,3.1,2.8,0.349
2026-03-13 21:41:40,5a825ab55058170011f6ead2,0.15,0.45,0.05,0.16,3.1,3.2,3.1,2.8,0.271
2026-03-13 21:41:40,586e20a0f9fab7001111b0a7,0.15,0.45,0.05,0.16,3.1,3.2,3.1,2.8,0.35
2026-03-13 21:41:40,6623edd26f998a001b2526f7,0.15,0.45,0.05,0.16,3.1,3.2,3.1,2.8,0.338
2026-03-13 21:41:40,5a8255a55058170011f6eac7,0.15,0.45,0.05,0.16,3.1,3.2,3.1,2.8,0.579
2026-03-13 21:41:40,56de42f611f398ec0c481294,0.15,0.45,0.05,0.16,3.1,3.2,3.1,2.8,0.331
2026-03-13 21:41:40,587ed91db807da0011e33d4e,0.15,0.45,0.05,0.16,3.1,3.2,3.1,2.8,0.288
2026-03-13 21:41:40,63b54dcbbfd3d90017ea7ba8,0.15,0.45,0.05,0.16,3.1,3.2,3.1,2.8,0.301
2026-03-13 21:41:40,56de42f611f398ec0c48128a,0.15,0.45,0.05,0.16,3.1,3.2,3.1,2.8,0.285
2026-03-13 21:41:40,6623ed9b6f998a001b2526cd,0.15,0.45,0.05,0.16,3.1,3.2,3.1,2.8,0.307
2026-03-13 21:41:40,58b5752e17139d0010f35d5f,0.15,0.45,0.05,0.16,3.1,3.2,3.1,2.8,0.333
2026-03-13 21:41:40,58175c81edeb6c0012a2d5c2,0.15,0.45,0.05,0.16,3.1,3.2,3.1,2.8,0.256
2026-03-13 21:41:40,631812e6c9eae60017a19567,0.15,0.45,0.05,0.16,3.1,3.2,3.1,2.8,0.598
2026-03-13 21:41:40,6623e7b76f998a001b25242d,0.15,0.45,0.05,0.16,3.1,3.2,3.1,2.8,0.647
2026-03-13 21:41:40,5ad068b198d8fc001102e278,0.15,0.45,0.05,0.16,3.1,3.2,3.1,2.8,0.276
2026-03-13 21:41:40,63ae75a3bfd3d90017e8f051,0.15,0.45,0.05,0.16,3.1,3.2,3.1,2.8,0.285
2026-03-13 21:41:40,662b7d8a1afb9c00172dc71f,0.15,0.45,0.05,0.16,3.1,3.2,3.1,2.8,0.269
2026-03-13 21:41:40,5abbb77298d8fc001102dfce,0.15,0.45,0.05,0.16,3.1,3.2,3.1,2.8,0.539
2026-03-13 21:41:40,63bd1f48bfd3d90017ec3d19,0.15,0.45,0.05,0.16,3.1,3.2,3.1,2.8,0.631
2026-03-13 21:41:40,58aff2c6bd82540010390c55,0.15,0.45,0.05,0.16,3.1,3.2,3.1,2.8,0.338
2026-03-13 21:41:40,5b25a1dcf13cba001124e710,0.15,0.45,0.05,0.16,3.1,3.2,3.1,2.8,0.263
2026-03-13 21:41:40,5deb576d1dc17d7c5515ad18,0.15,0.45,0.05,0.16,3.1,3.2,3.1,2.8,0.26
2026-03-13 21:41:40,66b1c1bf779f740018673ef2,0.15,0.45,0.05,0.16,3.1,3.2,3.1,2.8,0.378
2026-03-13 21:41:40,56de42f611f398ec0c4812a0,0.15,0.45,0.05,0.16,3.1,3.2,3.1,2.8,0.314
2026-03-13 21:41:40,6623efc26f998a001b25277f,0.15,0.45,0.05,0.16,3.1,3.2,3.1,2.8,0.273
2026-03-13 21:41:40,662b50841afb9c00172d880d,0.15,0.45,0.05,0.16,3.1,3.2,3.1,2.8,0.372
2026-03-13 21:41:40,58abc0cbbd82540010390ba6,0.15,0.45,0.05,0.16,3.1,3.2,3.1,2.8,0.646
2026-03-13 21:41:40,58afea5dbd82540010390c4d,0.15,0.45,0.05,0.16,3.1,3.2,3.1,2.8,0.304
2026-03-13 21:41:40,5deb576d1dc17d7c5515ad07,0.15,0.45,0.05,0.16,3.1,3.2,3.1,2.8,0.291
2026-03-13 21:41:40,5d8cdc1d766c88001718896c,0.15,0.45,0.05,0.16,3.1,3.2,3.1,2.8,0.346
2026-03-13 21:41:40,5a606c758576340017d06626,0.15,0.45,0.05,0.16,3.1,3.2,3.1,2.8,0.631
2026-03-13 21:41:40,68fae2966b936b00172186a6,0.15,0.45,0.05,0.16,3.1,3.2,3.1,2.8,0.262
2026-03-13 21:41:40,63b66008bfd3d90017eaa476,0.15,0.45,0.05,0.16,3.1,3.2,3.1,2.8,0.787
2026-03-13 21:41:40,5a82628e5058170011f6eadb,0.15,0.45,0.05,0.16,3.1,3.2,3.1,2.8,0.274
2026-03-13 21:41:40,589b46b3b3bf7600110283d0,0.15,0.45,0.05,0.16,3.1,3.2,3.1,2.8,0.3
2026-03-13 21:41:40,5d8cd653766c88001718894c,0.15,0.45,0.05,0.16,3.1,3.2,3.1,2.8,0.428
2026-03-13 21:41:40,662b4de41afb9c00172d85c5,0.15,0.45,0.05,0.16,3.1,3.2,3.1,2.8,0.473
2026-03-13 21:41:40,58af8eb2bd82540010390c30,0.15,0.45,0.05,0.16,3.1,3.2,3.1,2.8,0.34
2026-03-13 21:41:40,6623ee176f998a001b25270c,0.15,0.45,0.05,0.16,3.1,3.2,3.1,2.8,0.291
2026-03-13 21:41:40,5b0b7d240e517b00119fd809,0.15,0.45,0.05,0.16,3.1,3.2,3.1,2.8,0.28
2026-03-13 21:41:40,595f8d233dcfc400106f28f0,0.15,0.45,0.05,0.16,3.1,3.2,3.1,2.8,0.333
2026-03-13 21:41:40,5deb576d1dc17d7c5515ad1d,0.15,0.45,0.05,0.16,3.1,3.2,3.1,2.8,0.258
2026-03-13 21:41:40,68ae7e997d735d00173c7445,0.15,0.45,0.05,0.16,3.1,3.2,3.1,2.8,0.288
2026-03-13 21:41:40,5b0b835b0e517b00119fd80d,0.15,0.45,0.05,0.16,3.1,3.2,3.1,2.8,0.348
2026-03-13 21:41:40,5b6c155aca0577001163fe36,0.15,0.45,0.05,0.16,3.1,3.2,3.1,2.8,0.669
2026-03-13 21:41:40,5d8cd2a3766c88001718893c,0.15,0.45,0.05,0.16,3.1,3.2,3.1,2.8,0.521
2026-03-13 21:41:40,662b4e8e1afb9c00172d865c,0.15,0.45,0.05,0.16,3.1,3.2,3.1,2.8,0.486
2026-03-13 21:41:40,66b1c190779f740018673ed4,0.15,0.45,0.05,0.16,3.1,3.2,3.1,2.8,0.461
2026-03-13 21:41:40,662b7f9f1afb9c00172dca50,0.15,0.45,0.05,0.16,3.1,3.2,3.1,2.8,0.312
2026-03-13 21:41:40,68a589294e89b100173b61d9,0.15,0.45,0.05,0.16,3.1,3.2,3.1,2.8,0.258
2026-03-13 21:41:40,58747923b807da0011e33cf5,0.15,0.45,0.05,0.16,3.1,3.2,3.1,2.8,0.331
2026-03-13 21:41:40,63ae7af4bfd3d90017e8f32c,0.15,0.45,0.05,0.16,3.1,3.2,3.1,2.8,0.38
2026-03-13 21:41:40,5875d4f8b807da0011e33d1a,0.15,0.45,0.05,0.16,3.1,3.2,3.1,2.8,0.328
2026-03-13 21:41:40,595d92013dcfc400106f2877,0.15,0.45,0.05,0.16,3.1,3.2,3.1,2.8,0.597
2026-03-13 21:41:40,681886f26dfb4b0018f8f31a,0.15,0.45,0.05,0.16,3.1,3.2,3.1,2.8,0.339
2026-03-13 21:41:40,662b80721afb9c00172dcb28,0.15,0.45,0.05,0.16,3.1,3.2,3.1,2.8,0.262
2026-03-13 21:41:40,59ca2f4402eb490011a0a3f9,0.15,0.45,0.05,0.16,3.1,3.2,3.1,2.8,0.348
2026-03-13 21:41:40,586e1f18f9fab7001111b0a5,0.15,0.45,0.05,0.16,3.1,3.2,3.1,2.8,0.27
2026-03-13 21:41:40,681891e26dfb4b0018f90a69,0.15,0.45,0.05,0.16,3.1,3.2,3.1,2.8,0.295
2026-03-13 21:41:40,5d9de3c2766c880017188cb3,0.15,0.45,0.05,0.16,3.1,3.2,3.1,2.8,0.367
2026-03-13 21:41:40,63ae7cfcbfd3d90017e8f422,0.15,0.45,0.05,0.16,3.1,3.2,3.1,2.8,0.305
2026-03-13 21:41:40,5b0e1faacddcc80011ceb449,0.15,0.45,0.05,0.16,3.1,3.2,3.1,2.8,0.518
2026-03-13 21:41:40,63b65fa9bfd3d90017eaa449,0.15,0.45,0.05,0.16,3.1,3.2,3.1,2.8,0.42
2026-03-13 21:41:40,6623e5066f998a001b252317,0.15,0.45,0.05,0.16,3.1,3.2,3.1,2.8,0.329
2026-03-13 21:41:40,662b5c141afb9c00172d93d7,0.15,0.45,0.05,0.16,3.1,3.2,3.1,2.8,0.413
2026-03-13 21:41:40,66b1c158779f740018673eb4,0.15,0.45,0.05,0.16,3.1,3.2,3.1,2.8,0.338
2026-03-13 21:41:40,56df8381c062921100c143e2,0.15,0.45,0.05,0.16,3.1,3.2,3.1,2.8,0.321
2026-03-13 21:41:40,5d8cd1f9766c880017188938,0.15,0.45,0.05,0.16,3.1,3.2,3.1,2.8,0.501
2026-03-13 21:41:40,595da2dd3dcfc400106f2885,0.15,0.45,0.05,0.16,3.1,3.2,3.1,2.8,0.402
2026-03-13 21:41:40,595f80e83dcfc400106f28e4,0.15,0.45,0.05,0.16,3.1,3.2,3.1,2.8,0.303
2026-03-13 21:41:40,631955e7c9eae60017a1c30a,0.15,0.45,0.05,0.16,3.1,3.2,3.1,2.8,0.292
2026-03-13 21:41:40,5a6060e08576340017d0660f,0.15,0.45,0.05,0.16,3.1,3.2,3.1,2.8,0.284
2026-03-13 21:41:40,5a607ea98576340017d0666d,0.15,0.45,0.05,0.16,3.1,3.2,3.1,2.8,0.348
2026-03-13 21:41:40,63b548c3bfd3d90017ea77c0,0.15,0.45,0.05,0.16,3.1,3.2,3.1,2.8,0.268
2026-03-13 21:41:40,662a8c931afb9c00172d2901,0.15,0.45,0.05,0.16,3.1,3.2,3.1,2.8,0.267
2026-03-13 21:41:40,63195556c9eae60017a1c2ba,0.15,0.45,0.05,0.16,3.1,3.2,3.1,2.8,0.335
2026-03-13 21:41:40,58df4adedc195800111e04b4,0.15,0.45,0.05,0.16,3.1,3.2,3.1,2.8,0.315
2026-03-13 21:41:40,59ca301902eb490011a0a400,0.15,0.45,0.05,0.16,3.1,3.2,3.1,2.8,0.255
2026-03-13 21:41:40,584e738361cfea0012cf6951,0.15,0.45,0.05,0.16,3.1,3.2,3.1,2.8,0.323
2026-03-13 21:41:40,583f958161cfea0012cf68f5,0.15,0.45,0.05,0.16,3.1,3.2,3.1,2.8,0.299
2026-03-13 21:41:40,6922921744912200174bc71d,0.15,0.45,0.05,0.16,3.1,3.2,3.1,2.8,0.256
2026-03-13 21:41:40,5a8253615058170011f6eabf,0.15,0.45,0.05,0.16,3.1,3.2,3.1,2.8,0.592
2026-03-13 21:41:40,5deb576d1dc17d7c5515ad0f,0.15,0.45,0.05,0.16,3.1,3.2,3.1,2.8,0.301
2026-03-13 21:41:40,68fae2b66b936b00172186e5,0.15,0.45,0.05,0.16,3.1,3.2,3.1,2.8,0.263
2026-03-13 21:41:40,662b51761afb9c00172d88ef,0.15,0.45,0.05,0.16,3.1,3.2,3.1,2.8,0.337
2026-03-13 21:41:40,68a5873d4e89b100173b5f60,0.15,0.45,0.05,0.16,3.1,3.2,3.1,2.8,0.286
2026-03-13 21:41:40,66b1c370779f7400186740b3,0.15,0.45,0.05,0.16,3.1,3.2,3.1,2.8,0.344
2026-03-13 21:41:40,6623ec376f998a001b252671,0.15,0.45,0.05,0.16,3.1,3.2,3.1,2.8,0.315
2026-03-13 21:41:40,59ca2e6002eb490011a0a3f3,0.15,0.45,0.05,0.16,3.1,3.2,3.1,2.8,0.29
2026-03-13 21:41:40,5b6c1618ca0577001163fe3c,0.15,0.45,0.05,0.16,3.1,3.2,3.1,2.8,0.552
2026-03-13 21:41:40,5deb576d1dc17d7c5515ad22,0.15,0.45,0.05,0.16,3.1,3.2,3.1,2.8,0.427
2026-03-13 21:41:40,63b664d2bfd3d90017eaaa0f,0.15,0.45,0.05,0.16,3.1,3.2,3.1,2.8,0.301
2026-03-13 21:41:40,56df85bdc062921100c143e8,0.15,0.45,0.05,0.16,3.1,3.2,3.1,2.8,0.273
2026-03-13 21:41:40,662b85031afb9c00172dd0dc,0.15,0.45,0.05,0.16,3.1,3.2,3.1,2.8,0.286
2026-03-13 21:41:40,58d7b5a7c1e33c00112b320a,0.15,0.45,0.05,0.16,3.1,3.2,3.1,2.8,0.277
2026-03-13 21:41:40,662a8f3a1afb9c00172d2b31,0.15,0.45,0.05,0.16,3.1,3.2,3.1,2.8,0.4
2026-03-13 21:41:40,58aff01fbd82540010390c50,0.15,0.45,0.05,0.16,3.1,3.2,3.1,2.8,0.33
2026-03-13 21:41:40,5d8cdb9f766c880017188968,0.15,0.45,0.05,0.16,3.1,3.2,3.1,2.8,0.302
2026-03-13 21:41:40,5a6085fb8576340017d06686,0.15,0.45,0.05,0.16,3.1,3.2,3.1,2.8,0.298
2026-03-13 21:41:40,59ca31d602eb490011a0a40b,0.15,0.45,0.05,0.16,3.1,3.2,3.1,2.8,0.482
2026-03-13 21:41:40,587c782db807da0011e33d3b,0.15,0.45,0.05,0.16,3.1,3.2,3.1,2.8,0.534
2026-03-13 21:41:40,662a8d821afb9c00172d29c8,0.15,0.45,0.05,0.16,3.1,3.2,3.1,2.8,0.562
2026-03-13 21:41:40,63ae7d29bfd3d90017e8f437,0.15,0.45,0.05,0.16,3.1,3.2,3.1,2.8,0.327
2026-03-13 21:41:40,68ae7ee47d735d00173c7492,0.15,0.45,0.05,0.16,3.1,3.2,3.1,2.8,0.312
2026-03-13 21:41:40,56de42f611f398ec0c48129f,0.15,0.45,0.05,0.16,3.1,3.2,3.1,2.8,0.293
2026-03-13 21:41:40,68188b296dfb4b0018f8f9a3,0.15,0.45,0.05,0.16,3.1,3.2,3.1,2.8,0.338
2026-03-13 21:41:40,662b80b91afb9c00172dcb5b,0.15,0.45,0.05,0.16,3.1,3.2,3.1,2.8,0.306
2026-03-13 21:41:40,692292c044912200174bc76d,0.15,0.45,0.05,0.16,3.1,3.2,3.1,2.8,0.31
2026-03-13 21:41:40,68188d586dfb4b0018f9018d,0.15,0.45,0.05,0.16,3.1,3.2,3.1,2.8,0.258
2026-03-13 21:41:40,662b50261afb9c00172d87b2,0.15,0.45,0.05,0.16,3.1,3.2,3.1,2.8,0.277
2026-03-13 21:41:40,59ca2d9d02eb490011a0a3f0,0.15,0.45,0.05,0.16,3.1,3.2,3.1,2.8,0.26
2026-03-13 21:41:40,68a588984e89b100173b6138,0.15,0.45,0.05,0.16,3.1,3.2,3.1,2.8,0.327
2026-03-13 21:41:40,5a8256df5058170011f6eacb,0.15,0.45,0.05,0.16,3.1,3.2,3.1,2.8,0.509
2026-03-13 21:41:40,5deb576d1dc17d7c5515acfc,0.15,0.45,0.05,0.16,3.1,3.2,3.1,2.8,0.3
2026-03-13 21:41:40,587c8c20b807da0011e33d47,0.15,0.45,0.05,0.16,3.1,3.2,3.1,2.8,0.265
2026-03-13 21:41:40,58744fb0b807da0011e33cc0,0.15,0.45,0.05,0.16,3.1,3.2,3.1,2.8,0.403
2026-03-13 21:41:40,5822f23aedeb6c0012a2d6a8,0.15,0.45,0.05,0.16,3.1,3.2,3.1,2.8,0.308
2026-03-13 21:41:40,649da495a6068200171a6cb6,0.15,0.45,0.05,0.16,3.1,3.2,3.1,2.8,0.269
