timestamp,camera_id,rain_prev_1h,rain_prev_3h,rain_next_1h,rain_next_3h,tide_now,tide_prev_1h,tide_next_1h,tide_next_3h,camera_coef
2026-01-03 01:58:30,59d3524f02eb490011a0a61b,0.0,0.0,0.0,0.0,4.0,3.7,4.0,3.7,0.3
2026-01-03 01:58:30,5a6065c58576340017d06615,0.0,0.0,0.0,0.0,4.0,3.7,4.0,3.7,0.293115
2026-01-03 01:58:30,6623f4df6f998a001b2528eb,0.0,0.0,0.0,0.0,4.0,3.7,4.0,3.7,0.293115
2026-01-03 01:58:30,662b7ce71afb9c00172dc676,0.0,0.0,0.0,0.0,4.0,3.7,4.0,3.7,0.293115
2026-01-03 01:58:30,583f969161cfea0012cf68f7,0.0,0.0,0.0,0.0,4.0,3.7,4.0,3.7,0.293115
2026-01-03 01:58:30,59ca317602eb490011a0a408,0.0,0.0,0.0,0.0,4.0,3.7,4.0,3.7,0.293115
2026-01-03 01:58:30,6623e8da6f998a001b2524a6,0.0,0.0,0.0,0.0,4.0,3.7,4.0,3.7,0.293115
2026-01-03 01:58:30,56de42f611f398ec0c481299,0.0,0.0,0.0,0.0,4.0,3.7,4.0,3.7,0.293115
2026-01-03 01:58:30,66b1c426779f74001867415e,0.0,0.0,0.0,0.0,4.0,3.7,4.0,3.7,0.293115
2026-01-03 01:58:30,595dc29c3dcfc400106f2894,0.0,0.0,0.0,0.0,4.0,3.7,4.0,3.7,0.293115
2026-01-03 01:58:30,5d9de4de766c880017188cbb,0.0,0.0,0.0,0.0,4.0,3.7,4.0,3.7,0.293115
2026-01-03 01:58:30,6623f44f6f998a001b2528aa,0.0,0.0,0.0,0.0,4.0,3.7,4.0,3.7,0.293115
2026-01-03 01:58:30,662a881a1afb9c00172d2559,0.0,0.0,0.0,0.0,4.0,3.7,4.0,3.7,0.293115
2026-01-03 01:58:30,5a605f828576340017d06608,0.0,0.0,0.0,0.0,4.0,3.7,4.0,3.7,0.3
2026-01-03 01:58:30,68188fe36dfb4b0018f90520,0.0,0.0,0.0,0.0,4.0,3.7,4.0,3.7,0.3
2026-01-03 01:58:30,5deb576d1dc17d7c5515ad15,0.0,0.0,0.0,0.0,4.0,3.7,4.0,3.7,0.293115
2026-01-03 01:58:30,5b8b2323ca057700116405d0,0.0,0.0,0.0,0.0,4.0,3.7,4.0,3.7,0.293115
2026-01-03 01:58:30,68188a226dfb4b0018f8f70a,0.0,0.0,0.0,0.0,4.0,3.7,4.0,3.7,0.293115
2026-01-03 01:58:30,681889a96dfb4b0018f8f67e,0.0,0.0,0.0,0.0,4.0,3.7,4.0,3.7,0.293115
2026-01-03 01:58:30,63ae7a50bfd3d90017e8f2b2,0.0,0.0,0.0,0.0,4.0,3.7,4.0,3.7,0.293115
2026-01-03 01:58:30,587ee0ecb807da0011e33d50,0.0,0.0,0.0,0.0,4.0,3.7,4.0,3.7,0.30661499999999997
2026-01-03 01:58:30,56de42f611f398ec0c48128f,0.0,0.0,0.0,0.0,4.0,3.7,4.0,3.7,0.293115
2026-01-03 01:58:30,56de42f611f398ec0c4812a2,0.0,0.0,0.0,0.0,4.0,3.7,4.0,3.7,0.293115
2026-01-03 01:58:30,6922934b44912200174bc7ec,0.0,0.0,0.0,0.0,4.0,3.7,4.0,3.7,0.293115
2026-01-03 01:58:30,63bd1f21bfd3d90017ec3d04,0.0,0.0,0.0,0.0,4.0,3.7,4.0,3.7,0.293115
2026-01-03 01:58:30,58df4d95dc195800111e04b9,0.0,0.0,0.0,0.0,4.0,3.7,4.0,3.7,0.293115
2026-01-03 01:58:30,586e28a0f9fab7001111b0b3,0.0,0.0,0.0,0.0,4.0,3.7,4.0,3.7,0.293115
2026-01-03 01:58:30,595dd8463dcfc400106f28b2,0.0,0.0,0.0,0.0,4.0,3.7,4.0,3.7,0.293115
2026-01-03 01:58:30,662b81721afb9c00172dcc44,0.0,0.0,0.0,0.0,4.0,3.7,4.0,3.7,0.293115
2026-01-03 01:58:30,67e217c43215f90017863bc8,0.0,0.0,0.0,0.0,4.0,3.7,4.0,3.7,0.293115
2026-01-03 01:58:30,66b1c3c2779f740018674125,0.0,0.0,0.0,0.0,4.0,3.7,4.0,3.7,0.293115
2026-01-03 01:58:30,5a8269c45058170011f6eae4,0.0,0.0,0.0,0.0,4.0,3.7,4.0,3.7,0.293115
2026-01-03 01:58:30,56de42f611f398ec0c481297,0.0,0.0,0.0,0.0,4.0,3.7,4.0,3.7,0.293115
2026-01-03 01:58:30,5822adbbedeb6c0012a2d65f,0.0,0.0,0.0,0.0,4.0,3.7,4.0,3.7,0.293115
2026-01-03 01:58:30,5deb576d1dc17d7c5515ad00,0.0,0.0,0.0,0.0,4.0,3.7,4.0,3.7,0.3
2026-01-03 01:58:30,5a823e425058170011f6eaa4,0.0,0.0,0.0,0.0,4.0,3.7,4.0,3.7,0.293115
2026-01-03 01:58:30,649da72ca6068200171a6dbb,0.0,0.0,0.0,0.0,4.0,3.7,4.0,3.7,0.293115
2026-01-03 01:58:30,5a6088218576340017d06693,0.0,0.0,0.0,0.0,4.0,3.7,4.0,3.7,0.293115
2026-01-03 01:58:30,63b65fd8bfd3d90017eaa461,0.0,0.0,0.0,0.0,4.0,3.7,4.0,3.7,0.293115
2026-01-03 01:58:30,5deb576d1dc17d7c5515ad08,0.0,0.0,0.0,0.0,4.0,3.7,4.0,3.7,0.293115
2026-01-03 01:58:30,595dc70d3dcfc400106f289a,0.0,0.0,0.0,0.0,4.0,3.7,4.0,3.7,0.3
2026-01-03 01:58:30,63b65ebebfd3d90017eaa3ae,0.0,0.0,0.0,0.0,4.0,3.7,4.0,3.7,0.293115
2026-01-03 01:58:30,5874769eb807da0011e33cec,0.0,0.0,0.0,0.0,4.0,3.7,4.0,3.7,0.293115
2026-01-03 01:58:30,63b660f8bfd3d90017eaa4ea,0.0,0.0,0.0,0.0,4.0,3.7,4.0,3.7,0.293115
2026-01-03 01:58:30,58af994abd82540010390c37,0.0,0.0,0.0,0.0,4.0,3.7,4.0,3.7,0.293115
2026-01-03 01:58:30,56df8108c062921100c143db,0.0,0.0,0.0,0.0,4.0,3.7,4.0,3.7,0.293115
2026-01-03 01:58:30,63ae7903bfd3d90017e8f211,0.0,0.0,0.0,0.0,4.0,3.7,4.0,3.7,0.293115
2026-01-03 01:58:30,63ae7727bfd3d90017e8f14a,0.0,0.0,0.0,0.0,4.0,3.7,4.0,3.7,0.293115
2026-01-03 01:58:30,6623f36e6f998a001b252878,0.0,0.0,0.0,0.0,4.0,3.7,4.0,3.7,0.293115
2026-01-03 01:58:30,5d9ddec9766c880017188c9c,0.0,0.0,0.0,0.0,4.0,3.7,4.0,3.7,0.293115
2026-01-03 01:58:30,5deb576d1dc17d7c5515ad02,0.0,0.0,0.0,0.0,4.0,3.7,4.0,3.7,0.293115
2026-01-03 01:58:30,681885ff6dfb4b0018f8f1ee,0.0,0.0,0.0,0.0,4.0,3.7,4.0,3.7,0.293115
2026-01-03 01:58:30,63ae79aabfd3d90017e8f26a,0.0,0.0,0.0,0.0,4.0,3.7,4.0,3.7,0.293115
2026-01-03 01:58:30,5d8cd7fb766c880017188954,0.0,0.0,0.0,0.0,4.0,3.7,4.0,3.7,0.293115
2026-01-03 01:58:30,56de42f611f398ec0c481293,0.0,0.0,0.0,0.0,4.0,3.7,4.0,3.7,0.293115
2026-01-03 01:58:30,63b66089bfd3d90017eaa4bd,0.0,0.0,0.0,0.0,4.0,3.7,4.0,3.7,0.293115
2026-01-03 01:58:30,63ae798abfd3d90017e8f255,0.0,0.0,0.0,0.0,4.0,3.7,4.0,3.7,0.293115
2026-01-03 01:58:30,662a89f51afb9c00172d26ef,0.0,0.0,0.0,0.0,4.0,3.7,4.0,3.7,0.293115
2026-01-03 01:58:30,6318287ec9eae60017a19f36,0.0,0.0,0.0,0.0,4.0,3.7,4.0,3.7,0.293115
2026-01-03 01:58:30,6792f3058c5ed4001b27f58e,0.0,0.0,0.0,0.0,4.0,3.7,4.0,3.7,0.293115
2026-01-03 01:58:30,587476e3b807da0011e33cee,0.0,0.0,0.0,0.0,4.0,3.7,4.0,3.7,0.293115
2026-01-03 01:58:30,597bf277faa7ea0011c7c29f,0.0,0.0,0.0,0.0,4.0,3.7,4.0,3.7,0.293115
2026-01-03 01:58:30,5d9de49d766c880017188cb9,0.0,0.0,0.0,0.0,4.0,3.7,4.0,3.7,0.293115
2026-01-03 01:58:30,5d9ddf49766c880017188ca0,0.0,0.0,0.0,0.0,4.0,3.7,4.0,3.7,0.293115
2026-01-03 01:58:30,63ae763bbfd3d90017e8f0c4,0.0,0.0,0.0,0.0,4.0,3.7,4.0,3.7,0.293115
2026-01-03 01:58:30,5d8cda6a766c880017188960,0.0,0.0,0.0,0.0,4.0,3.7,4.0,3.7,0.293115
2026-01-03 01:58:30,662b80e81afb9c00172dcbec,0.0,0.0,0.0,0.0,4.0,3.7,4.0,3.7,0.293115
2026-01-03 01:58:30,681826506dfb4b0018f83e64,0.0,0.0,0.0,0.0,4.0,3.7,4.0,3.7,0.3
2026-01-03 01:58:30,662a86a11afb9c00172d2410,0.0,0.0,0.0,0.0,4.0,3.7,4.0,3.7,0.293115
2026-01-03 01:58:30,5a6083198576340017d0667a,0.0,0.0,0.0,0.0,4.0,3.7,4.0,3.7,0.293115
2026-01-03 01:58:30,56de42f611f398ec0c48128b,0.0,0.0,0.0,0.0,4.0,3.7,4.0,3.7,0.293115
2026-01-03 01:58:30,58e49ff8d9d6200011e0b9d4,0.0,0.0,0.0,0.0,4.0,3.7,4.0,3.7,0.293115
2026-01-03 01:58:30,6922924644912200174bc737,0.0,0.0,0.0,0.0,4.0,3.7,4.0,3.7,0.293115
2026-01-03 01:58:30,681885a26dfb4b0018f8f176,0.0,0.0,0.0,0.0,4.0,3.7,4.0,3.7,0.293115
2026-01-03 01:58:30,5a8241105058170011f6eaa6,0.0,0.0,0.0,0.0,4.0,3.7,4.0,3.7,0.293115
2026-01-03 01:58:30,65e054fb6b18080018db6632,0.0,0.0,0.0,0.0,4.0,3.7,4.0,3.7,0.293115
2026-01-03 01:58:30,5a825ded5058170011f6ead7,0.0,0.0,0.0,0.0,4.0,3.7,4.0,3.7,0.293115
2026-01-03 01:58:30,5d8cdb0a766c880017188964,0.0,0.0,0.0,0.0,4.0,3.7,4.0,3.7,0.293115
2026-01-03 01:58:30,68188bb96dfb4b0018f8fdbf,0.0,0.0,0.0,0.0,4.0,3.7,4.0,3.7,0.293115
2026-01-03 01:58:30,56df833ac062921100c143e1,0.0,0.0,0.0,0.0,4.0,3.7,4.0,3.7,0.3
2026-01-03 01:58:30,6792efe48c5ed4001b27f336,0.0,0.0,0.0,0.0,4.0,3.7,4.0,3.7,0.293115
2026-01-03 01:58:30,63b5503bbfd3d90017ea7ccc,0.0,0.0,0.0,0.0,4.0,3.7,4.0,3.7,0.293115
2026-01-03 01:58:30,662a873b1afb9c00172d2483,0.0,0.0,0.0,0.0,4.0,3.7,4.0,3.7,0.293115
2026-01-03 01:58:30,66b1c3fa779f740018674146,0.0,0.0,0.0,0.0,4.0,3.7,4.0,3.7,0.293115
2026-01-03 01:58:30,5ad0621c98d8fc001102e268,0.0,0.0,0.0,0.0,4.0,3.7,4.0,3.7,0.293115
2026-01-03 01:58:30,66b1c34d779f74001867409e,0.0,0.0,0.0,0.0,4.0,3.7,4.0,3.7,0.293115
2026-01-03 01:58:30,595f89323dcfc400106f28ee,0.0,0.0,0.0,0.0,4.0,3.7,4.0,3.7,0.293115
2026-01-03 01:58:30,56de42f611f398ec0c48128c,0.0,0.0,0.0,0.0,4.0,3.7,4.0,3.7,0.293115
2026-01-03 01:58:30,662b558c1afb9c00172d8ed2,0.0,0.0,0.0,0.0,4.0,3.7,4.0,3.7,0.293115
2026-01-03 01:58:30,6623f4836f998a001b2528bf,0.0,0.0,0.0,0.0,4.0,3.7,4.0,3.7,0.293115
2026-01-03 01:58:30,662b85bf1afb9c00172dd149,0.0,0.0,0.0,0.0,4.0,3.7,4.0,3.7,0.293115
2026-01-03 01:58:30,595d98fc3dcfc400106f287b,0.0,0.0,0.0,0.0,4.0,3.7,4.0,3.7,0.3
2026-01-03 01:58:30,6818887f6dfb4b0018f8f54c,0.0,0.0,0.0,0.0,4.0,3.7,4.0,3.7,0.293115
2026-01-03 01:58:30,63b54bcdbfd3d90017ea7a82,0.0,0.0,0.0,0.0,4.0,3.7,4.0,3.7,0.293115
2026-01-03 01:58:30,68eddd0a230ee50017d040b2,0.0,0.0,0.0,0.0,4.0,3.7,4.0,3.7,0.293115
2026-01-03 01:58:30,68a587d54e89b100173b6021,0.0,0.0,0.0,0.0,4.0,3.7,4.0,3.7,0.293115
2026-01-03 01:58:30,5b5995a3fd4edb0019c7d9ab,0.0,0.0,0.0,0.0,4.0,3.7,4.0,3.7,0.293115
2026-01-03 01:58:30,692291f044912200174bc703,0.0,0.0,0.0,0.0,4.0,3.7,4.0,3.7,0.293115
2026-01-03 01:58:30,662b81a31afb9c00172dcc65,0.0,0.0,0.0,0.0,4.0,3.7,4.0,3.7,0.3
2026-01-03 01:58:30,5deb576d1dc17d7c5515acf6,0.0,0.0,0.0,0.0,4.0,3.7,4.0,3.7,0.293115
2026-01-03 01:58:30,58746488b807da0011e33cd7,0.0,0.0,0.0,0.0,4.0,3.7,4.0,3.7,0.293115
2026-01-03 01:58:30,662b83381afb9c00172dcf88,0.0,0.0,0.0,0.0,4.0,3.7,4.0,3.7,0.293115
2026-01-03 01:58:30,5822b5ededeb6c0012a2d66a,0.0,0.0,0.0,0.0,4.0,3.7,4.0,3.7,0.293115
2026-01-03 01:58:30,63b660d8bfd3d90017eaa4d5,0.0,0.0,0.0,0.0,4.0,3.7,4.0,3.7,0.293115
2026-01-03 01:58:30,63ae7be0bfd3d90017e8f3a8,0.0,0.0,0.0,0.0,4.0,3.7,4.0,3.7,0.293115
2026-01-03 01:58:30,63b54a04bfd3d90017ea783e,0.0,0.0,0.0,0.0,4.0,3.7,4.0,3.7,0.3
2026-01-03 01:58:30,63b54f70bfd3d90017ea7c86,0.0,0.0,0.0,0.0,4.0,3.7,4.0,3.7,0.293115
2026-01-03 01:58:30,5a8267fe5058170011f6eae1,0.0,0.0,0.0,0.0,4.0,3.7,4.0,3.7,0.293115
2026-01-03 01:58:30,595d984b3dcfc400106f2879,0.0,0.0,0.0,0.0,4.0,3.7,4.0,3.7,0.293115
2026-01-03 01:58:30,5b25a268f13cba001124e713,0.0,0.0,0.0,0.0,4.0,3.7,4.0,3.7,0.3
2026-01-03 01:58:30,63ae768dbfd3d90017e8f0f1,0.0,0.0,0.0,0.0,4.0,3.7,4.0,3.7,0.293115
2026-01-03 01:58:30,6818884f6dfb4b0018f8f50f,0.0,0.0,0.0,0.0,4.0,3.7,4.0,3.7,0.293115
2026-01-03 01:58:30,662a89ae1afb9c00172d26ad,0.0,0.0,0.0,0.0,4.0,3.7,4.0,3.7,0.293115
2026-01-03 01:58:30,63b54a70bfd3d90017ea7862,0.0,0.0,0.0,0.0,4.0,3.7,4.0,3.7,0.293115
2026-01-03 01:58:30,58e49783d9d6200011e0b9ce,0.0,0.0,0.0,0.0,4.0,3.7,4.0,3.7,0.293115
2026-01-03 01:58:30,5deb576d1dc17d7c5515ad0c,0.0,0.0,0.0,0.0,4.0,3.7,4.0,3.7,0.293115
2026-01-03 01:58:30,6623ef776f998a001b252768,0.0,0.0,0.0,0.0,4.0,3.7,4.0,3.7,0.293115
2026-01-03 01:58:30,58d7bbf2c1e33c00112b3216,0.0,0.0,0.0,0.0,4.0,3.7,4.0,3.7,0.293115
2026-01-03 01:58:30,662b51d21afb9c00172d89bf,0.0,0.0,0.0,0.0,4.0,3.7,4.0,3.7,0.293115
2026-01-03 01:58:30,58746295b807da0011e33ccb,0.0,0.0,0.0,0.0,4.0,3.7,4.0,3.7,0.293115
2026-01-03 01:58:30,585b2baec3f96200127dc508,0.0,0.0,0.0,0.0,4.0,3.7,4.0,3.7,0.293115
2026-01-03 01:58:30,5a606cd08576340017d06628,0.0,0.0,0.0,0.0,4.0,3.7,4.0,3.7,0.293115
2026-01-03 01:58:30,662b80051afb9c00172dcaf6,0.0,0.0,0.0,0.0,4.0,3.7,4.0,3.7,0.293115
2026-01-03 01:58:30,5d8cd253766c88001718893a,0.0,0.0,0.0,0.0,4.0,3.7,4.0,3.7,0.3
2026-01-03 01:58:30,662b5bc31afb9c00172d92e2,0.0,0.0,0.0,0.0,4.0,3.7,4.0,3.7,0.293115
2026-01-03 01:58:30,662b58401afb9c00172d90f5,0.0,0.0,0.0,0.0,4.0,3.7,4.0,3.7,0.293115
2026-01-03 01:58:30,5874644cb807da0011e33cd5,0.0,0.0,0.0,0.0,4.0,3.7,4.0,3.7,0.293115
2026-01-03 01:58:30,662b867b1afb9c00172dd250,0.0,0.0,0.0,0.0,4.0,3.7,4.0,3.7,0.293115
2026-01-03 01:58:30,597bf0b8faa7ea0011c7c293,0.0,0.0,0.0,0.0,4.0,3.7,4.0,3.7,0.293115
2026-01-03 01:58:30,5a10c79f02eb490011a0b0dd,0.0,0.0,0.0,0.0,4.0,3.7,4.0,3.7,0.293115
2026-01-03 01:58:30,68188af96dfb4b0018f8f8e4,0.0,0.0,0.0,0.0,4.0,3.7,4.0,3.7,0.293115
2026-01-03 01:58:30,662b83ff1afb9c00172dcffb,0.0,0.0,0.0,0.0,4.0,3.7,4.0,3.7,0.293115
2026-01-03 01:58:30,5deb576d1dc17d7c5515ad19,0.0,0.0,0.0,0.0,4.0,3.7,4.0,3.7,0.293115
2026-01-03 01:58:30,5b6329fdfd4edb0019c7dc0b,0.0,0.0,0.0,0.0,4.0,3.7,4.0,3.7,0.3
2026-01-03 01:58:30,589add0fb3bf7600110283ae,0.0,0.0,0.0,0.0,4.0,3.7,4.0,3.7,0.293115
2026-01-03 01:58:30,5deb576d1dc17d7c5515ad01,0.0,0.0,0.0,0.0,4.0,3.7,4.0,3.7,0.293115
2026-01-03 01:58:30,58abbf72bd82540010390ba4,0.0,0.0,0.0,0.0,4.0,3.7,4.0,3.7,0.293115
2026-01-03 01:58:30,6623f1f16f998a001b25281f,0.0,0.0,0.0,0.0,4.0,3.7,4.0,3.7,0.293115
2026-01-03 01:58:30,58ad6961bd82540010390be5,0.0,0.0,0.0,0.0,4.0,3.7,4.0,3.7,0.293115
2026-01-03 01:58:30,59ca2fa302eb490011a0a3fd,0.0,0.0,0.0,0.0,4.0,3.7,4.0,3.7,0.3
2026-01-03 01:58:30,5a606dbc8576340017d0662b,0.0,0.0,0.0,0.0,4.0,3.7,4.0,3.7,0.293115
2026-01-03 01:58:30,662b52a31afb9c00172d8b01,0.0,0.0,0.0,0.0,4.0,3.7,4.0,3.7,0.293115
2026-01-03 01:58:30,58abbee5bd82540010390ba2,0.0,0.0,0.0,0.0,4.0,3.7,4.0,3.7,0.293115
2026-01-03 01:58:30,662a8ef41afb9c00172d2af2,0.0,0.0,0.0,0.0,4.0,3.7,4.0,3.7,0.293115
2026-01-03 01:58:30,6623f5b56f998a001b25292f,0.0,0.0,0.0,0.0,4.0,3.7,4.0,3.7,0.293115
2026-01-03 01:58:30,66b1c398779f7400186740e3,0.0,0.0,0.0,0.0,4.0,3.7,4.0,3.7,0.293115
2026-01-03 01:58:30,58d7b756c1e33c00112b320d,0.0,0.0,0.0,0.0,4.0,3.7,4.0,3.7,0.293115
2026-01-03 01:58:30,6623e31e6f998a001b252250,0.0,0.0,0.0,0.0,4.0,3.7,4.0,3.7,0.293115
2026-01-03 01:58:30,5deb576d1dc17d7c5515acfe,0.0,0.0,0.0,0.0,4.0,3.7,4.0,3.7,0.293115
2026-01-03 01:58:30,6792f3cf8c5ed4001b27f61e,0.0,0.0,0.0,0.0,4.0,3.7,4.0,3.7,0.293115
2026-01-03 01:58:30,58df4e22dc195800111e04bb,0.0,0.0,0.0,0.0,4.0,3.7,4.0,3.7,0.293115
2026-01-03 01:58:30,58d7b3e8c1e33c00112b3207,0.0,0.0,0.0,0.0,4.0,3.7,4.0,3.7,0.3
2026-01-03 01:58:30,5d8cdc57766c88001718896e,0.0,0.0,0.0,0.0,4.0,3.7,4.0,3.7,0.293115
2026-01-03 01:58:30,66f1266f538c780017c93579,0.0,0.0,0.0,0.0,4.0,3.7,4.0,3.7,0.293115
2026-01-03 01:58:30,5ad0679598d8fc001102e274,0.0,0.0,0.0,0.0,4.0,3.7,4.0,3.7,0.293115
2026-01-03 01:58:30,5a824b6c5058170011f6eaab,0.0,0.0,0.0,0.0,4.0,3.7,4.0,3.7,0.3
2026-01-03 01:58:30,62da3e840637a10017d7073d,0.0,0.0,0.0,0.0,4.0,3.7,4.0,3.7,0.293115
2026-01-03 01:58:30,56de42f611f398ec0c481288,0.0,0.0,0.0,0.0,4.0,3.7,4.0,3.7,0.293115
2026-01-03 01:58:30,5d8cd614766c88001718894a,0.0,0.0,0.0,0.0,4.0,3.7,4.0,3.7,0.293115
2026-01-03 01:58:30,5a824f975058170011f6eab8,0.0,0.0,0.0,0.0,4.0,3.7,4.0,3.7,0.293115
2026-01-03 01:58:30,5a824c3e5058170011f6eaae,0.0,0.0,0.0,0.0,4.0,3.7,4.0,3.7,0.293115
2026-01-03 01:58:30,5deb576d1dc17d7c5515acf9,0.0,0.0,0.0,0.0,4.0,3.7,4.0,3.7,0.293115
2026-01-03 01:58:30,587470c2b807da0011e33ce4,0.0,0.0,0.0,0.0,4.0,3.7,4.0,3.7,0.293115
2026-01-03 01:58:30,68188cbf6dfb4b0018f900e9,0.0,0.0,0.0,0.0,4.0,3.7,4.0,3.7,0.293115
2026-01-03 01:58:30,67e217ea3215f90017863bf1,0.0,0.0,0.0,0.0,4.0,3.7,4.0,3.7,0.293115
2026-01-03 01:58:30,68ede6d0230ee50017d04d4c,0.0,0.0,0.0,0.0,4.0,3.7,4.0,3.7,0.293115
2026-01-03 01:58:30,584e734a61cfea0012cf694f,0.0,0.0,0.0,0.0,4.0,3.7,4.0,3.7,0.293115
2026-01-03 01:58:30,662b7f251afb9c00172dc8bc,0.0,0.0,0.0,0.0,4.0,3.7,4.0,3.7,0.293115
2026-01-03 01:58:30,6623ec826f998a001b252686,0.0,0.0,0.0,0.0,4.0,3.7,4.0,3.7,0.293115
2026-01-03 01:58:30,5deb576d1dc17d7c5515ad23,0.0,0.0,0.0,0.0,4.0,3.7,4.0,3.7,0.293115
2026-01-03 01:58:30,6922939144912200174bc80c,0.0,0.0,0.0,0.0,4.0,3.7,4.0,3.7,0.293115
2026-01-03 01:58:30,595d9ba43dcfc400106f2880,0.0,0.0,0.0,0.0,4.0,3.7,4.0,3.7,0.3
2026-01-03 01:58:30,6818863c6dfb4b0018f8f235,0.0,0.0,0.0,0.0,4.0,3.7,4.0,3.7,0.293115
2026-01-03 01:58:30,589ad89eb3bf7600110283ac,0.0,0.0,0.0,0.0,4.0,3.7,4.0,3.7,0.293115
2026-01-03 01:58:30,662b5adc1afb9c00172d925b,0.0,0.0,0.0,0.0,4.0,3.7,4.0,3.7,0.293115
2026-01-03 01:58:30,5701e22bc4350a1100e26f6c,0.0,0.0,0.0,0.0,4.0,3.7,4.0,3.7,0.3
2026-01-03 01:58:30,5b87c386ca057700116404a6,0.0,0.0,0.0,0.0,4.0,3.7,4.0,3.7,0.293115
2026-01-03 01:58:30,5d8cd542766c880017188948,0.0,0.0,0.0,0.0,4.0,3.7,4.0,3.7,0.293115
2026-01-03 01:58:30,6623e8406f998a001b252465,0.0,0.0,0.0,0.0,4.0,3.7,4.0,3.7,0.293115
2026-01-03 01:58:30,5875cef0b807da0011e33d14,0.0,0.0,0.0,0.0,4.0,3.7,4.0,3.7,0.3
2026-01-03 01:58:30,5a823d555058170011f6eaa2,0.0,0.0,0.0,0.0,4.0,3.7,4.0,3.7,0.3
2026-01-03 01:58:30,595da2853dcfc400106f2883,0.0,0.0,0.0,0.0,4.0,3.7,4.0,3.7,0.293115
2026-01-03 01:58:30,5b632950fd4edb0019c7dc07,0.0,0.0,0.0,0.0,4.0,3.7,4.0,3.7,0.293115
2026-01-03 01:58:30,5deb576d1dc17d7c5515ad06,0.0,0.0,0.0,0.0,4.0,3.7,4.0,3.7,0.293115
2026-01-03 01:58:30,662b54711afb9c00172d8d4f,0.0,0.0,0.0,0.0,4.0,3.7,4.0,3.7,0.293115
2026-01-03 01:58:30,5a8279865058170011f6eaef,0.0,0.0,0.0,0.0,4.0,3.7,4.0,3.7,0.293115
2026-01-03 01:58:30,662b4faa1afb9c00172d875e,0.0,0.0,0.0,0.0,4.0,3.7,4.0,3.7,0.293115
2026-01-03 01:58:30,662a87641afb9c00172d24b0,0.0,0.0,0.0,0.0,4.0,3.7,4.0,3.7,0.293115
2026-01-03 01:58:30,56de42f611f398ec0c4812a1,0.0,0.0,0.0,0.0,4.0,3.7,4.0,3.7,0.293115
2026-01-03 01:58:30,63ae7669bfd3d90017e8f0d9,0.0,0.0,0.0,0.0,4.0,3.7,4.0,3.7,0.293115
2026-01-03 01:58:30,63b65e6abfd3d90017eaa361,0.0,0.0,0.0,0.0,4.0,3.7,4.0,3.7,0.293115
2026-01-03 01:58:30,662a8fd41afb9c00172d2bac,0.0,0.0,0.0,0.0,4.0,3.7,4.0,3.7,0.293115
2026-01-03 01:58:30,56f11afc3ac17b11001c504e,0.0,0.0,0.0,0.0,4.0,3.7,4.0,3.7,0.293115
2026-01-03 01:58:30,585b2b1ec3f96200127dc505,0.0,0.0,0.0,0.0,4.0,3.7,4.0,3.7,0.293115
2026-01-03 01:58:30,5a825b7d5058170011f6ead4,0.0,0.0,0.0,0.0,4.0,3.7,4.0,3.7,0.293115
2026-01-03 01:58:30,5a6069238576340017d0661c,0.0,0.0,0.0,0.0,4.0,3.7,4.0,3.7,0.293115
2026-01-03 01:58:30,662b857b1afb9c00172dd106,0.0,0.0,0.0,0.0,4.0,3.7,4.0,3.7,0.293115
2026-01-03 01:58:30,56de42f611f398ec0c481298,0.0,0.0,0.0,0.0,4.0,3.7,4.0,3.7,0.293115
2026-01-03 01:58:30,63ae75f9bfd3d90017e8f097,0.0,0.0,0.0,0.0,4.0,3.7,4.0,3.7,0.293115
2026-01-03 01:58:30,63ae7829bfd3d90017e8f1ac,0.0,0.0,0.0,0.0,4.0,3.7,4.0,3.7,0.293115
2026-01-03 01:58:30,65e0556b6b18080018db665e,0.0,0.0,0.0,0.0,4.0,3.7,4.0,3.7,0.293115
2026-01-03 01:58:30,662b81eb1afb9c00172dcc85,0.0,0.0,0.0,0.0,4.0,3.7,4.0,3.7,0.293115
2026-01-03 01:58:30,595dd9ac3dcfc400106f28b4,0.0,0.0,0.0,0.0,4.0,3.7,4.0,3.7,0.293115
2026-01-03 01:58:30,662a8cc51afb9c00172d2938,0.0,0.0,0.0,0.0,4.0,3.7,4.0,3.7,0.293115
2026-01-03 01:58:30,587654d3b807da0011e33d36,0.0,0.0,0.0,0.0,4.0,3.7,4.0,3.7,0.293115
2026-01-03 01:58:30,5990ffdbbec3b90016d2ad2d,0.0,0.0,0.0,0.0,4.0,3.7,4.0,3.7,0.293115
2026-01-03 01:58:30,5a8259035058170011f6eacf,0.0,0.0,0.0,0.0,4.0,3.7,4.0,3.7,0.3
2026-01-03 01:58:30,63b54cffbfd3d90017ea7ad0,0.0,0.0,0.0,0.0,4.0,3.7,4.0,3.7,0.293115
2026-01-03 01:58:30,589b4644b3bf7600110283ce,0.0,0.0,0.0,0.0,4.0,3.7,4.0,3.7,0.293115
2026-01-03 01:58:30,5d8cd8e2766c880017188958,0.0,0.0,0.0,0.0,4.0,3.7,4.0,3.7,0.293115
2026-01-03 01:58:30,63b54fe4bfd3d90017ea7ca2,0.0,0.0,0.0,0.0,4.0,3.7,4.0,3.7,0.3
2026-01-03 01:58:30,6623ebd76f998a001b25264d,0.0,0.0,0.0,0.0,4.0,3.7,4.0,3.7,0.293115
2026-01-03 01:58:30,5a6086e88576340017d0668a,0.0,0.0,0.0,0.0,4.0,3.7,4.0,3.7,0.293115
2026-01-03 01:58:30,681888b66dfb4b0018f8f58c,0.0,0.0,0.0,0.0,4.0,3.7,4.0,3.7,0.293115
2026-01-03 01:58:30,5b6c15b8ca0577001163fe39,0.0,0.0,0.0,0.0,4.0,3.7,4.0,3.7,0.3
2026-01-03 01:58:30,5d8cd98d766c88001718895a,0.0,0.0,0.0,0.0,4.0,3.7,4.0,3.7,0.293115
2026-01-03 01:58:30,6623ee666f998a001b252726,0.0,0.0,0.0,0.0,4.0,3.7,4.0,3.7,0.293115
2026-01-03 01:58:30,662b84c11afb9c00172dd0b5,0.0,0.0,0.0,0.0,4.0,3.7,4.0,3.7,0.293115
2026-01-03 01:58:30,662b51201afb9c00172d889a,0.0,0.0,0.0,0.0,4.0,3.7,4.0,3.7,0.293115
2026-01-03 01:58:30,56df8198c062921100c143dd,0.0,0.0,0.0,0.0,4.0,3.7,4.0,3.7,0.293115
2026-01-03 01:58:30,56de42f611f398ec0c481282,0.0,0.0,0.0,0.0,4.0,3.7,4.0,3.7,0.293115
2026-01-03 01:58:30,58df4c2bdc195800111e04b7,0.0,0.0,0.0,0.0,4.0,3.7,4.0,3.7,0.3
2026-01-03 01:58:30,6623ea416f998a001b25260a,0.0,0.0,0.0,0.0,4.0,3.7,4.0,3.7,0.293115
2026-01-03 01:58:30,662b872d1afb9c00172dd36a,0.0,0.0,0.0,0.0,4.0,3.7,4.0,3.7,0.293115
2026-01-03 01:58:30,6623e4b06f998a001b2522f1,0.0,0.0,0.0,0.0,4.0,3.7,4.0,3.7,0.293115
2026-01-03 01:58:30,56de42f611f398ec0c48127e,0.0,0.0,0.0,0.0,4.0,3.7,4.0,3.7,0.293115
2026-01-03 01:58:30,595dd3a63dcfc400106f28a7,0.0,0.0,0.0,0.0,4.0,3.7,4.0,3.7,0.293115
2026-01-03 01:58:30,68ede5d4230ee50017d04c24,0.0,0.0,0.0,0.0,4.0,3.7,4.0,3.7,0.293115
2026-01-03 01:58:30,5a8266105058170011f6eadf,0.0,0.0,0.0,0.0,4.0,3.7,4.0,3.7,0.293115
2026-01-03 01:58:30,662b5afe1afb9c00172d9284,0.0,0.0,0.0,0.0,4.0,3.7,4.0,3.7,0.293115
2026-01-03 01:58:30,5a82602c5058170011f6ead9,0.0,0.0,0.0,0.0,4.0,3.7,4.0,3.7,0.293115
2026-01-03 01:58:30,585b2980c3f96200127dc502,0.0,0.0,0.0,0.0,4.0,3.7,4.0,3.7,0.293115
2026-01-03 01:58:30,56de42f611f398ec0c481284,0.0,0.0,0.0,0.0,4.0,3.7,4.0,3.7,0.3
2026-01-03 01:58:30,662b56c51afb9c00172d9071,0.0,0.0,0.0,0.0,4.0,3.7,4.0,3.7,0.293115
2026-01-03 01:58:30,63ae7a08bfd3d90017e8f285,0.0,0.0,0.0,0.0,4.0,3.7,4.0,3.7,0.293115
2026-01-03 01:58:30,662a8b061afb9c00172d27d7,0.0,0.0,0.0,0.0,4.0,3.7,4.0,3.7,0.293115
2026-01-03 01:58:30,587ee7d7b807da0011e33d55,0.0,0.0,0.0,0.0,4.0,3.7,4.0,3.7,0.293115
2026-01-03 01:58:30,5deb576d1dc17d7c5515ad12,0.0,0.0,0.0,0.0,4.0,3.7,4.0,3.7,0.3
2026-01-03 01:58:30,662b51a41afb9c00172d8926,0.0,0.0,0.0,0.0,4.0,3.7,4.0,3.7,0.3
2026-01-03 01:58:30,63ae7893bfd3d90017e8f1e1,0.0,0.0,0.0,0.0,4.0,3.7,4.0,3.7,0.293115
2026-01-03 01:58:30,662a8b9e1afb9c00172d284d,0.0,0.0,0.0,0.0,4.0,3.7,4.0,3.7,0.293115
2026-01-03 01:58:30,5a823ba75058170011f6ea9e,0.0,0.0,0.0,0.0,4.0,3.7,4.0,3.7,0.293115
2026-01-03 01:58:30,681887346dfb4b0018f8f36a,0.0,0.0,0.0,0.0,4.0,3.7,4.0,3.7,0.293115
2026-01-03 01:58:30,662b5a401afb9c00172d91fc,0.0,0.0,0.0,0.0,4.0,3.7,4.0,3.7,0.293115
2026-01-03 01:58:30,56df8544c062921100c143e6,0.0,0.0,0.0,0.0,4.0,3.7,4.0,3.7,0.293115
2026-01-03 01:58:30,595ddb493dcfc400106f28b6,0.0,0.0,0.0,0.0,4.0,3.7,4.0,3.7,0.3
2026-01-03 01:58:30,66b1c1f2779f740018673f0d,0.0,0.0,0.0,0.0,4.0,3.7,4.0,3.7,0.293115
2026-01-03 01:58:30,589b4379b3bf7600110283c9,0.0,0.0,0.0,0.0,4.0,3.7,4.0,3.7,0.293115
2026-01-03 01:58:30,5a60604f8576340017d0660b,0.0,0.0,0.0,0.0,4.0,3.7,4.0,3.7,0.293115
2026-01-03 01:58:30,5d8cd9cb766c88001718895c,0.0,0.0,0.0,0.0,4.0,3.7,4.0,3.7,0.293115
2026-01-03 01:58:30,6623e6b86f998a001b2523b8,0.0,0.0,0.0,0.0,4.0,3.7,4.0,3.7,0.293115
2026-01-03 01:58:30,5a8256315058170011f6eac9,0.0,0.0,0.0,0.0,4.0,3.7,4.0,3.7,0.293115
2026-01-03 01:58:30,5ad064b498d8fc001102e26f,0.0,0.0,0.0,0.0,4.0,3.7,4.0,3.7,0.293115
2026-01-03 01:58:30,58af8d68bd82540010390c2e,0.0,0.0,0.0,0.0,4.0,3.7,4.0,3.7,0.293115
2026-01-03 01:58:30,65e0552f6b18080018db6647,0.0,0.0,0.0,0.0,4.0,3.7,4.0,3.7,0.293115
2026-01-03 01:58:30,595da7783dcfc400106f2888,0.0,0.0,0.0,0.0,4.0,3.7,4.0,3.7,0.293115
2026-01-03 01:58:30,662a8e121afb9c00172d2a3f,0.0,0.0,0.0,0.0,4.0,3.7,4.0,3.7,0.293115
2026-01-03 01:58:30,662b5be91afb9c00172d939b,0.0,0.0,0.0,0.0,4.0,3.7,4.0,3.7,0.293115
2026-01-03 01:58:30,5b728aafca0577001163ff7e,0.0,0.0,0.0,0.0,4.0,3.7,4.0,3.7,0.3
2026-01-03 01:58:30,6818901a6dfb4b0018f9058a,0.0,0.0,0.0,0.0,4.0,3.7,4.0,3.7,0.293115
2026-01-03 01:58:30,63ae7966bfd3d90017e8f240,0.0,0.0,0.0,0.0,4.0,3.7,4.0,3.7,0.3
2026-01-03 01:58:30,5a607fa38576340017d06671,0.0,0.0,0.0,0.0,4.0,3.7,4.0,3.7,0.293115
2026-01-03 01:58:30,662b87551afb9c00172dd43a,0.0,0.0,0.0,0.0,4.0,3.7,4.0,3.7,0.293115
2026-01-03 01:58:30,5deb576d1dc17d7c5515ad21,0.0,0.0,0.0,0.0,4.0,3.7,4.0,3.7,0.293115
2026-01-03 01:58:30,68188bf46dfb4b0018f8ff12,0.0,0.0,0.0,0.0,4.0,3.7,4.0,3.7,0.293115
2026-01-03 01:58:30,68a589a54e89b100173b6267,0.0,0.0,0.0,0.0,4.0,3.7,4.0,3.7,0.293115
2026-01-03 01:58:30,56de42f611f398ec0c481289,0.0,0.0,0.0,0.0,4.0,3.7,4.0,3.7,0.293115
2026-01-03 01:58:30,58ad69c4bd82540010390be7,0.0,0.0,0.0,0.0,4.0,3.7,4.0,3.7,0.293115
2026-01-03 01:58:30,6623f5876f998a001b25291a,0.0,0.0,0.0,0.0,4.0,3.7,4.0,3.7,0.293115
2026-01-03 01:58:30,6623e2e16f998a001b252233,0.0,0.0,0.0,0.0,4.0,3.7,4.0,3.7,0.293115
2026-01-03 01:58:30,63b54898bfd3d90017ea77ae,0.0,0.0,0.0,0.0,4.0,3.7,4.0,3.7,0.293115
2026-01-03 01:58:30,63b549b8bfd3d90017ea782c,0.0,0.0,0.0,0.0,4.0,3.7,4.0,3.7,0.293115
2026-01-03 01:58:30,662b5b271afb9c00172d9296,0.0,0.0,0.0,0.0,4.0,3.7,4.0,3.7,0.293115
2026-01-03 01:58:30,662a87df1afb9c00172d2522,0.0,0.0,0.0,0.0,4.0,3.7,4.0,3.7,0.293115
2026-01-03 01:58:30,68ede60a230ee50017d04c69,0.0,0.0,0.0,0.0,4.0,3.7,4.0,3.7,0.293115
2026-01-03 01:58:30,5a823bd55058170011f6eaa0,0.0,0.0,0.0,0.0,4.0,3.7,4.0,3.7,0.293115
2026-01-03 01:58:30,5a6085688576340017d06684,0.0,0.0,0.0,0.0,4.0,3.7,4.0,3.7,0.293115
2026-01-03 01:58:30,595dd7693dcfc400106f28b0,0.0,0.0,0.0,0.0,4.0,3.7,4.0,3.7,0.293115
2026-01-03 01:58:30,6623e88c6f998a001b25248b,0.0,0.0,0.0,0.0,4.0,3.7,4.0,3.7,0.293115
2026-01-03 01:58:30,63b54996bfd3d90017ea781a,0.0,0.0,0.0,0.0,4.0,3.7,4.0,3.7,0.293115
2026-01-03 01:58:30,56de42f611f398ec0c481283,0.0,0.0,0.0,0.0,4.0,3.7,4.0,3.7,0.293115
2026-01-03 01:58:30,5d8cdcf0766c880017188972,0.0,0.0,0.0,0.0,4.0,3.7,4.0,3.7,0.293115
2026-01-03 01:58:30,67e217643215f90017863b73,0.0,0.0,0.0,0.0,4.0,3.7,4.0,3.7,0.293115
2026-01-03 01:58:30,662b57ec1afb9c00172d90e3,0.0,0.0,0.0,0.0,4.0,3.7,4.0,3.7,0.3
2026-01-03 01:58:30,662b50571afb9c00172d87df,0.0,0.0,0.0,0.0,4.0,3.7,4.0,3.7,0.293115
2026-01-03 01:58:30,56df8274c062921100c143df,0.0,0.0,0.0,0.0,4.0,3.7,4.0,3.7,0.293115
2026-01-03 01:58:30,662b52131afb9c00172d8a23,0.0,0.0,0.0,0.0,4.0,3.7,4.0,3.7,0.3
2026-01-03 01:58:30,68188b786dfb4b0018f8face,0.0,0.0,0.0,0.0,4.0,3.7,4.0,3.7,0.293115
2026-01-03 01:58:30,5a6061fd8576340017d06613,0.0,0.0,0.0,0.0,4.0,3.7,4.0,3.7,0.293115
2026-01-03 01:58:30,6623f0246f998a001b252797,0.0,0.0,0.0,0.0,4.0,3.7,4.0,3.7,0.293115
2026-01-03 01:58:30,595da7d93dcfc400106f288a,0.0,0.0,0.0,0.0,4.0,3.7,4.0,3.7,0.293115
2026-01-03 01:58:30,66b1c311779f740018674083,0.0,0.0,0.0,0.0,4.0,3.7,4.0,3.7,0.293115
2026-01-03 01:58:30,68ae7f327d735d00173c74e4,0.0,0.0,0.0,0.0,4.0,3.7,4.0,3.7,0.293115
2026-01-03 01:58:30,59ca30fd02eb490011a0a406,0.0,0.0,0.0,0.0,4.0,3.7,4.0,3.7,0.293115
2026-01-03 01:58:30,662a8cfe1afb9c00172d296e,0.0,0.0,0.0,0.0,4.0,3.7,4.0,3.7,0.293115
2026-01-03 01:58:30,589b39d9b3bf7600110283c1,0.0,0.0,0.0,0.0,4.0,3.7,4.0,3.7,0.293115
2026-01-03 01:58:30,5d8cd326766c88001718893e,0.0,0.0,0.0,0.0,4.0,3.7,4.0,3.7,0.293115
2026-01-03 01:58:30,587461c1b807da0011e33cc8,0.0,0.0,0.0,0.0,4.0,3.7,4.0,3.7,0.293115
2026-01-03 01:58:30,63ae76afbfd3d90017e8f106,0.0,0.0,0.0,0.0,4.0,3.7,4.0,3.7,0.293115
2026-01-03 01:58:30,63b661a3bfd3d90017eaa520,0.0,0.0,0.0,0.0,4.0,3.7,4.0,3.7,0.293115
2026-01-03 01:58:30,583f926761cfea0012cf68f1,0.0,0.0,0.0,0.0,4.0,3.7,4.0,3.7,0.293115
2026-01-03 01:58:30,6878bab06145d3001ba517f7,0.0,0.0,0.0,0.0,4.0,3.7,4.0,3.7,0.293115
2026-01-03 01:58:30,56df81d8c062921100c143de,0.0,0.0,0.0,0.0,4.0,3.7,4.0,3.7,0.293115
2026-01-03 01:58:30,63ae73cebfd3d90017e8f00d,0.0,0.0,0.0,0.0,4.0,3.7,4.0,3.7,0.293115
2026-01-03 01:58:30,662a8a661afb9c00172d2762,0.0,0.0,0.0,0.0,4.0,3.7,4.0,3.7,0.293115
2026-01-03 01:58:30,6623e7526f998a001b252407,0.0,0.0,0.0,0.0,4.0,3.7,4.0,3.7,0.293115
2026-01-03 01:58:30,5a6084898576340017d06680,0.0,0.0,0.0,0.0,4.0,3.7,4.0,3.7,0.293115
2026-01-03 01:58:30,56de42f611f398ec0c48129b,0.0,0.0,0.0,0.0,4.0,3.7,4.0,3.7,0.293115
2026-01-03 01:58:30,586e2492f9fab7001111b0ab,0.0,0.0,0.0,0.0,4.0,3.7,4.0,3.7,0.293115
2026-01-03 01:58:30,68edd621230ee50017d031c5,0.0,0.0,0.0,0.0,4.0,3.7,4.0,3.7,0.293115
2026-01-03 01:58:30,68ede0cf230ee50017d04657,0.0,0.0,0.0,0.0,4.0,3.7,4.0,3.7,0.293115
2026-01-03 01:58:30,662b571d1afb9c00172d9083,0.0,0.0,0.0,0.0,4.0,3.7,4.0,3.7,0.3
2026-01-03 01:58:30,587479b1b807da0011e33cf9,0.0,0.0,0.0,0.0,4.0,3.7,4.0,3.7,0.293115
2026-01-03 01:58:30,62da3e620637a10017d70720,0.0,0.0,0.0,0.0,4.0,3.7,4.0,3.7,0.3
2026-01-03 01:58:30,63b54909bfd3d90017ea77e4,0.0,0.0,0.0,0.0,4.0,3.7,4.0,3.7,0.293115
2026-01-03 01:58:30,595ddbbf3dcfc400106f28b8,0.0,0.0,0.0,0.0,4.0,3.7,4.0,3.7,0.293115
2026-01-03 01:58:30,5d9de43b766c880017188cb6,0.0,0.0,0.0,0.0,4.0,3.7,4.0,3.7,0.293115
2026-01-03 01:58:30,5a8250cc5058170011f6eaba,0.0,0.0,0.0,0.0,4.0,3.7,4.0,3.7,0.3
2026-01-03 01:58:30,6818868b6dfb4b0018f8f298,0.0,0.0,0.0,0.0,4.0,3.7,4.0,3.7,0.293115
2026-01-03 01:58:30,5b0b7e1c0e517b00119fd80b,0.0,0.0,0.0,0.0,4.0,3.7,4.0,3.7,0.3
2026-01-03 01:58:30,56de42f611f398ec0c48129a,0.0,0.0,0.0,0.0,4.0,3.7,4.0,3.7,0.293115
2026-01-03 01:58:30,662b57711afb9c00172d90a7,0.0,0.0,0.0,0.0,4.0,3.7,4.0,3.7,0.293115
2026-01-03 01:58:30,63b54968bfd3d90017ea7808,0.0,0.0,0.0,0.0,4.0,3.7,4.0,3.7,0.293115
2026-01-03 01:58:30,56de42f611f398ec0c48127f,0.0,0.0,0.0,0.0,4.0,3.7,4.0,3.7,0.293115
2026-01-03 01:58:30,58df5016dc195800111e04bd,0.0,0.0,0.0,0.0,4.0,3.7,4.0,3.7,0.293115
2026-01-03 01:58:30,681887836dfb4b0018f8f3d1,0.0,0.0,0.0,0.0,4.0,3.7,4.0,3.7,0.293115
2026-01-03 01:58:30,681884726dfb4b0018f8f035,0.0,0.0,0.0,0.0,4.0,3.7,4.0,3.7,0.293115
2026-01-03 01:58:30,5d8cdac3766c880017188962,0.0,0.0,0.0,0.0,4.0,3.7,4.0,3.7,0.293115
2026-01-03 01:58:30,587ef5dfb807da0011e33d59,0.0,0.0,0.0,0.0,4.0,3.7,4.0,3.7,0.293115
2026-01-03 01:58:30,68fae32b6b936b001721878b,0.0,0.0,0.0,0.0,4.0,3.7,4.0,3.7,0.293115
2026-01-03 01:58:30,595dc2f03dcfc400106f2896,0.0,0.0,0.0,0.0,4.0,3.7,4.0,3.7,0.293115
2026-01-03 01:58:30,662b85f51afb9c00172dd1c2,0.0,0.0,0.0,0.0,4.0,3.7,4.0,3.7,0.293115
2026-01-03 01:58:30,692293f044912200174bc856,0.0,0.0,0.0,0.0,4.0,3.7,4.0,3.7,0.293115
2026-01-03 01:58:30,68a588c04e89b100173b616b,0.0,0.0,0.0,0.0,4.0,3.7,4.0,3.7,0.293115
2026-01-03 01:58:30,5d8cdbdc766c88001718896a,0.0,0.0,0.0,0.0,4.0,3.7,4.0,3.7,0.293115
2026-01-03 01:58:30,63b54d5abfd3d90017ea7afe,0.0,0.0,0.0,0.0,4.0,3.7,4.0,3.7,0.293115
2026-01-03 01:58:30,5deb576d1dc17d7c5515ad13,0.0,0.0,0.0,0.0,4.0,3.7,4.0,3.7,0.293115
2026-01-03 01:58:30,662b862a1afb9c00172dd1ff,0.0,0.0,0.0,0.0,4.0,3.7,4.0,3.7,0.293115
2026-01-03 01:58:30,5deb576d1dc17d7c5515acf2,0.0,0.0,0.0,0.0,4.0,3.7,4.0,3.7,0.293115
2026-01-03 01:58:30,5a824e465058170011f6eab4,0.0,0.0,0.0,0.0,4.0,3.7,4.0,3.7,0.293115
2026-01-03 01:58:30,662b57471afb9c00172d9095,0.0,0.0,0.0,0.0,4.0,3.7,4.0,3.7,0.293115
2026-01-03 01:58:30,56de42f611f398ec0c481291,0.0,0.0,0.0,0.0,4.0,3.7,4.0,3.7,0.293115
2026-01-03 01:58:30,584e71cb61cfea0012cf694b,0.0,0.0,0.0,0.0,4.0,3.7,4.0,3.7,0.3
2026-01-03 01:58:30,595f874d3dcfc400106f28ec,0.0,0.0,0.0,0.0,4.0,3.7,4.0,3.7,0.293115
2026-01-03 01:58:30,5b19d34faf4ff60011d6ea52,0.0,0.0,0.0,0.0,4.0,3.7,4.0,3.7,0.293115
2026-01-03 01:58:30,63b3c9bfbfd3d90017e9b039,0.0,0.0,0.0,0.0,4.0,3.7,4.0,3.7,0.293115
2026-01-03 01:58:30,5deb576d1dc17d7c5515acf4,0.0,0.0,0.0,0.0,4.0,3.7,4.0,3.7,0.3
2026-01-03 01:58:30,6922944044912200174bc883,0.0,0.0,0.0,0.0,4.0,3.7,4.0,3.7,0.293115
2026-01-03 01:58:30,58af99abbd82540010390c39,0.0,0.0,0.0,0.0,4.0,3.7,4.0,3.7,0.293115
2026-01-03 01:58:30,68a5894a4e89b100173b6202,0.0,0.0,0.0,0.0,4.0,3.7,4.0,3.7,0.293115
2026-01-03 01:58:30,6623ecc16f998a001b25269e,0.0,0.0,0.0,0.0,4.0,3.7,4.0,3.7,0.293115
2026-01-03 01:58:30,6623e3ea6f998a001b2522ae,0.0,0.0,0.0,0.0,4.0,3.7,4.0,3.7,0.293115
2026-01-03 01:58:30,662b7d0c1afb9c00172dc6a6,0.0,0.0,0.0,0.0,4.0,3.7,4.0,3.7,0.293115
2026-01-03 01:58:30,662b54bb1afb9c00172d8dbb,0.0,0.0,0.0,0.0,4.0,3.7,4.0,3.7,0.293115
2026-01-03 01:58:30,662b58bd1afb9c00172d9119,0.0,0.0,0.0,0.0,4.0,3.7,4.0,3.7,0.293115
2026-01-03 01:58:30,595f86c43dcfc400106f28ea,0.0,0.0,0.0,0.0,4.0,3.7,4.0,3.7,0.293115
2026-01-03 01:58:30,59ca321b02eb490011a0a40d,0.0,0.0,0.0,0.0,4.0,3.7,4.0,3.7,0.293115
2026-01-03 01:58:30,5a82439f5058170011f6eaa9,0.0,0.0,0.0,0.0,4.0,3.7,4.0,3.7,0.293115
2026-01-03 01:58:30,6623e5d66f998a001b25235a,0.0,0.0,0.0,0.0,4.0,3.7,4.0,3.7,0.293115
2026-01-03 01:58:30,58d7c20ac1e33c00112b321c,0.0,0.0,0.0,0.0,4.0,3.7,4.0,3.7,0.293115
2026-01-03 01:58:30,589d0b74b3bf7600110283d4,0.0,0.0,0.0,0.0,4.0,3.7,4.0,3.7,0.293115
2026-01-03 01:58:30,56df807bc062921100c143da,0.0,0.0,0.0,0.0,4.0,3.7,4.0,3.7,0.293115
2026-01-03 01:58:30,662b82a61afb9c00172dcdfd,0.0,0.0,0.0,0.0,4.0,3.7,4.0,3.7,0.293115
2026-01-03 01:58:30,586e266ef9fab7001111b0b0,0.0,0.0,0.0,0.0,4.0,3.7,4.0,3.7,0.293115
2026-01-03 01:58:30,63ae7a74bfd3d90017e8f2c7,0.0,0.0,0.0,0.0,4.0,3.7,4.0,3.7,0.293115
2026-01-03 01:58:30,59d3414302eb490011a0a610,0.0,0.0,0.0,0.0,4.0,3.7,4.0,3.7,0.293115
2026-01-03 01:58:30,6623e9e96f998a001b2525ce,0.0,0.0,0.0,0.0,4.0,3.7,4.0,3.7,0.293115
2026-01-03 01:58:30,63ae7a9cbfd3d90017e8f303,0.0,0.0,0.0,0.0,4.0,3.7,4.0,3.7,0.293115
2026-01-03 01:58:30,5a6085188576340017d06682,0.0,0.0,0.0,0.0,4.0,3.7,4.0,3.7,0.3
2026-01-03 01:58:30,56de42f611f398ec0c481286,0.0,0.0,0.0,0.0,4.0,3.7,4.0,3.7,0.293115
2026-01-03 01:58:30,6623f14b6f998a001b2527f0,0.0,0.0,0.0,0.0,4.0,3.7,4.0,3.7,0.293115
2026-01-03 01:58:30,662b4f411afb9c00172d86fc,0.0,0.0,0.0,0.0,4.0,3.7,4.0,3.7,0.293115
2026-01-03 01:58:30,6792f9c88c5ed4001b27fb3d,0.0,0.0,0.0,0.0,4.0,3.7,4.0,3.7,0.293115
2026-01-03 01:58:30,662b843d1afb9c00172dd02d,0.0,0.0,0.0,0.0,4.0,3.7,4.0,3.7,0.293115
2026-01-03 01:58:30,595d9b3b3dcfc400106f287e,0.0,0.0,0.0,0.0,4.0,3.7,4.0,3.7,0.293115
2026-01-03 01:58:30,5deb576d1dc17d7c5515ad0b,0.0,0.0,0.0,0.0,4.0,3.7,4.0,3.7,0.293115
2026-01-03 01:58:30,5a6087858576340017d0668e,0.0,0.0,0.0,0.0,4.0,3.7,4.0,3.7,0.293115
2026-01-03 01:58:30,662b4e581afb9c00172d862f,0.0,0.0,0.0,0.0,4.0,3.7,4.0,3.7,0.293115
2026-01-03 01:58:30,587464e2b807da0011e33cd9,0.0,0.0,0.0,0.0,4.0,3.7,4.0,3.7,0.293115
2026-01-03 01:58:30,58afdbaebd82540010390c48,0.0,0.0,0.0,0.0,4.0,3.7,4.0,3.7,0.293115
2026-01-03 01:58:30,63b54c51bfd3d90017ea7aa0,0.0,0.0,0.0,0.0,4.0,3.7,4.0,3.7,0.293115
2026-01-03 01:58:30,58ad6214bd82540010390be2,0.0,0.0,0.0,0.0,4.0,3.7,4.0,3.7,0.293115
2026-01-03 01:58:30,5deb576d1dc17d7c5515ad09,0.0,0.0,0.0,0.0,4.0,3.7,4.0,3.7,0.293115
2026-01-03 01:58:30,58af8a0bbd82540010390c25,0.0,0.0,0.0,0.0,4.0,3.7,4.0,3.7,0.293115
2026-01-03 01:58:30,5b0b74280e517b00119fd7f9,0.0,0.0,0.0,0.0,4.0,3.7,4.0,3.7,0.3
2026-01-03 01:58:30,587ef859b807da0011e33d5b,0.0,0.0,0.0,0.0,4.0,3.7,4.0,3.7,0.293115
2026-01-03 01:58:30,58744e97b807da0011e33cb9,0.0,0.0,0.0,0.0,4.0,3.7,4.0,3.7,0.293115
2026-01-03 01:58:30,692293c644912200174bc83b,0.0,0.0,0.0,0.0,4.0,3.7,4.0,3.7,0.293115
2026-01-03 01:58:30,63b54a48bfd3d90017ea7850,0.0,0.0,0.0,0.0,4.0,3.7,4.0,3.7,0.293115
2026-01-03 01:58:30,58c2717ed56e930010a39ac0,0.0,0.0,0.0,0.0,4.0,3.7,4.0,3.7,0.293115
2026-01-03 01:58:30,58afcd9bbd82540010390c41,0.0,0.0,0.0,0.0,4.0,3.7,4.0,3.7,0.293115
2026-01-03 01:58:30,63b54a9ebfd3d90017ea7911,0.0,0.0,0.0,0.0,4.0,3.7,4.0,3.7,0.293115
2026-01-03 01:58:30,5bbc7163ca0577001164127f,0.0,0.0,0.0,0.0,4.0,3.7,4.0,3.7,0.293115
2026-01-03 01:58:30,6623f3d66f998a001b252890,0.0,0.0,0.0,0.0,4.0,3.7,4.0,3.7,0.293115
2026-01-03 01:58:30,5b6005b6fd4edb0019c7db25,0.0,0.0,0.0,0.0,4.0,3.7,4.0,3.7,0.293115
2026-01-03 01:58:30,662a902a1afb9c00172d2bed,0.0,0.0,0.0,0.0,4.0,3.7,4.0,3.7,0.293115
2026-01-03 01:58:30,662b85481afb9c00172dd0f1,0.0,0.0,0.0,0.0,4.0,3.7,4.0,3.7,0.293115
2026-01-03 01:58:30,6623ef2b6f998a001b252753,0.0,0.0,0.0,0.0,4.0,3.7,4.0,3.7,0.293115
2026-01-03 01:58:30,66b1c4e7779f7400186741e4,0.0,0.0,0.0,0.0,4.0,3.7,4.0,3.7,0.293115
2026-01-03 01:58:30,56de42f611f398ec0c48129c,0.0,0.0,0.0,0.0,4.0,3.7,4.0,3.7,0.293115
2026-01-03 01:58:30,587c8661b807da0011e33d43,0.0,0.0,0.0,0.0,4.0,3.7,4.0,3.7,0.3
2026-01-03 01:58:30,5b632a79fd4edb0019c7dc0f,0.0,0.0,0.0,0.0,4.0,3.7,4.0,3.7,0.3
2026-01-03 01:58:30,662a87a41afb9c00172d24e9,0.0,0.0,0.0,0.0,4.0,3.7,4.0,3.7,0.293115
2026-01-03 01:58:30,595dd4133dcfc400106f28a9,0.0,0.0,0.0,0.0,4.0,3.7,4.0,3.7,0.293115
2026-01-03 01:58:30,662b5b8c1afb9c00172d92ca,0.0,0.0,0.0,0.0,4.0,3.7,4.0,3.7,0.293115
2026-01-03 01:58:30,5d8cd7bb766c880017188952,0.0,0.0,0.0,0.0,4.0,3.7,4.0,3.7,0.3
2026-01-03 01:58:30,56df857fc062921100c143e7,0.0,0.0,0.0,0.0,4.0,3.7,4.0,3.7,0.3
2026-01-03 01:58:30,63ae75debfd3d90017e8f082,0.0,0.0,0.0,0.0,4.0,3.7,4.0,3.7,0.293115
2026-01-03 01:58:30,6623eb466f998a001b252632,0.0,0.0,0.0,0.0,4.0,3.7,4.0,3.7,0.293115
2026-01-03 01:58:30,5a824dc05058170011f6eab2,0.0,0.0,0.0,0.0,4.0,3.7,4.0,3.7,0.293115
2026-01-03 01:58:30,5d8cd49f766c880017188944,0.0,0.0,0.0,0.0,4.0,3.7,4.0,3.7,0.3
2026-01-03 01:58:30,5a606c078576340017d06624,0.0,0.0,0.0,0.0,4.0,3.7,4.0,3.7,0.293115
2026-01-03 01:58:30,5deb576d1dc17d7c5515acf3,0.0,0.0,0.0,0.0,4.0,3.7,4.0,3.7,0.293115
2026-01-03 01:58:30,5a8254b05058170011f6eac3,0.0,0.0,0.0,0.0,4.0,3.7,4.0,3.7,0.293115
2026-01-03 01:58:30,662b50c11afb9c00172d8843,0.0,0.0,0.0,0.0,4.0,3.7,4.0,3.7,0.293115
2026-01-03 01:58:30,6623f51a6f998a001b252900,0.0,0.0,0.0,0.0,4.0,3.7,4.0,3.7,0.293115
2026-01-03 01:58:30,5deb576d1dc17d7c5515ad1b,0.0,0.0,0.0,0.0,4.0,3.7,4.0,3.7,0.3
2026-01-03 01:58:30,58744e3eb807da0011e33cb7,0.0,0.0,0.0,0.0,4.0,3.7,4.0,3.7,0.293115
2026-01-03 01:58:30,58744dd9b807da0011e33cb5,0.0,0.0,0.0,0.0,4.0,3.7,4.0,3.7,0.293115
2026-01-03 01:58:30,56df8416c062921100c143e4,0.0,0.0,0.0,0.0,4.0,3.7,4.0,3.7,0.3
2026-01-03 01:58:30,681883b46dfb4b0018f8ef39,0.0,0.0,0.0,0.0,4.0,3.7,4.0,3.7,0.293115
2026-01-03 01:58:30,58af8b69bd82540010390c28,0.0,0.0,0.0,0.0,4.0,3.7,4.0,3.7,0.293115
2026-01-03 01:58:30,6623e3a26f998a001b252291,0.0,0.0,0.0,0.0,4.0,3.7,4.0,3.7,0.293115
2026-01-03 01:58:30,589b3ceeb3bf7600110283c3,0.0,0.0,0.0,0.0,4.0,3.7,4.0,3.7,0.293115
2026-01-03 01:58:30,595dcab53dcfc400106f289d,0.0,0.0,0.0,0.0,4.0,3.7,4.0,3.7,0.293115
2026-01-03 01:58:30,662a89211afb9c00172d2636,0.0,0.0,0.0,0.0,4.0,3.7,4.0,3.7,0.293115
2026-01-03 01:58:30,5deb576d1dc17d7c5515ad05,0.0,0.0,0.0,0.0,4.0,3.7,4.0,3.7,0.293115
2026-01-03 01:58:30,595dd4f43dcfc400106f28ab,0.0,0.0,0.0,0.0,4.0,3.7,4.0,3.7,0.293115
2026-01-03 01:58:30,6792ef4f8c5ed4001b27f2c0,0.0,0.0,0.0,0.0,4.0,3.7,4.0,3.7,0.293115
2026-01-03 01:58:30,662b84771afb9c00172dd076,0.0,0.0,0.0,0.0,4.0,3.7,4.0,3.7,0.293115
2026-01-03 01:58:30,6623f0b46f998a001b2527c3,0.0,0.0,0.0,0.0,4.0,3.7,4.0,3.7,0.293115
2026-01-03 01:58:30,6922928544912200174bc755,0.0,0.0,0.0,0.0,4.0,3.7,4.0,3.7,0.293115
2026-01-03 01:58:30,665861d864f11e00173c73a9,0.0,0.0,0.0,0.0,4.0,3.7,4.0,3.7,0.293115
2026-01-03 01:58:30,5a607f078576340017d0666f,0.0,0.0,0.0,0.0,4.0,3.7,4.0,3.7,0.293115
2026-01-03 01:58:30,68ede112230ee50017d046a6,0.0,0.0,0.0,0.0,4.0,3.7,4.0,3.7,0.293115
2026-01-03 01:58:30,5a824ee15058170011f6eab6,0.0,0.0,0.0,0.0,4.0,3.7,4.0,3.7,0.293115
2026-01-03 01:58:30,6623ed396f998a001b2526b8,0.0,0.0,0.0,0.0,4.0,3.7,4.0,3.7,0.293115
2026-01-03 01:58:30,5b632b60fd4edb0019c7dc12,0.0,0.0,0.0,0.0,4.0,3.7,4.0,3.7,0.3
2026-01-03 01:58:30,587c8d97b807da0011e33d49,0.0,0.0,0.0,0.0,4.0,3.7,4.0,3.7,0.293115
2026-01-03 01:58:30,59414c883dcfc400106f260b,0.0,0.0,0.0,0.0,4.0,3.7,4.0,3.7,0.293115
2026-01-03 01:58:30,56df82d4c062921100c143e0,0.0,0.0,0.0,0.0,4.0,3.7,4.0,3.7,0.293115
2026-01-03 01:58:30,6792f1008c5ed4001b27f41f,0.0,0.0,0.0,0.0,4.0,3.7,4.0,3.7,0.293115
2026-01-03 01:58:30,58affc6017139d0010f35cc8,0.0,0.0,0.0,0.0,4.0,3.7,4.0,3.7,0.293115
2026-01-03 01:58:30,587463bab807da0011e33cd3,0.0,0.0,0.0,0.0,4.0,3.7,4.0,3.7,0.293115
2026-01-03 01:58:30,5deb576d1dc17d7c5515ad1c,0.0,0.0,0.0,0.0,4.0,3.7,4.0,3.7,0.293115
2026-01-03 01:58:30,56de42f611f398ec0c481287,0.0,0.0,0.0,0.0,4.0,3.7,4.0,3.7,0.293115
2026-01-03 01:58:30,662b5c981afb9c00172d94c0,0.0,0.0,0.0,0.0,4.0,3.7,4.0,3.7,0.293115
2026-01-03 01:58:30,662a861e1afb9c00172d23ad,0.0,0.0,0.0,0.0,4.0,3.7,4.0,3.7,0.293115
2026-01-03 01:58:30,662b5a9c1afb9c00172d9240,0.0,0.0,0.0,0.0,4.0,3.7,4.0,3.7,0.293115
2026-01-03 01:58:30,662a88a01afb9c00172d25d1,0.0,0.0,0.0,0.0,4.0,3.7,4.0,3.7,0.293115
2026-01-03 01:58:30,68a587fc4e89b100173b6054,0.0,0.0,0.0,0.0,4.0,3.7,4.0,3.7,0.293115
2026-01-03 01:58:30,662b4e201afb9c00172d85f9,0.0,0.0,0.0,0.0,4.0,3.7,4.0,3.7,0.293115
2026-01-03 01:58:30,5d8cdb4b766c880017188966,0.0,0.0,0.0,0.0,4.0,3.7,4.0,3.7,0.293115
2026-01-03 01:58:30,58b57a6c17139d0010f35d65,0.0,0.0,0.0,0.0,4.0,3.7,4.0,3.7,0.3
2026-01-03 01:58:30,62da3e390637a10017d706ff,0.0,0.0,0.0,0.0,4.0,3.7,4.0,3.7,0.293115
2026-01-03 01:58:30,5deb576d1dc17d7c5515ad10,0.0,0.0,0.0,0.0,4.0,3.7,4.0,3.7,0.293115
2026-01-03 01:58:30,66b1c4a2779f74001867418c,0.0,0.0,0.0,0.0,4.0,3.7,4.0,3.7,0.293115
2026-01-03 01:58:30,631813ebc9eae60017a196b0,0.0,0.0,0.0,0.0,4.0,3.7,4.0,3.7,0.293115
2026-01-03 01:58:30,68188cfa6dfb4b0018f9013c,0.0,0.0,0.0,0.0,4.0,3.7,4.0,3.7,0.293115
2026-01-03 01:58:30,587475abb807da0011e33cea,0.0,0.0,0.0,0.0,4.0,3.7,4.0,3.7,0.293115
2026-01-03 01:58:30,5deb576d1dc17d7c5515ad0e,0.0,0.0,0.0,0.0,4.0,3.7,4.0,3.7,0.293115
2026-01-03 01:58:30,68ede227230ee50017d0480b,0.0,0.0,0.0,0.0,4.0,3.7,4.0,3.7,0.293115
2026-01-03 01:58:30,5deb576d1dc17d7c5515ad11,0.0,0.0,0.0,0.0,4.0,3.7,4.0,3.7,0.293115
2026-01-03 01:58:30,68ede25b230ee50017d0484d,0.0,0.0,0.0,0.0,4.0,3.7,4.0,3.7,0.293115
2026-01-03 01:58:30,587478d8b807da0011e33cf3,0.0,0.0,0.0,0.0,4.0,3.7,4.0,3.7,0.293115
2026-01-03 01:58:30,5deb576d1dc17d7c5515acf8,0.0,0.0,0.0,0.0,4.0,3.7,4.0,3.7,0.293115
2026-01-03 01:58:30,591c6833a6bfb500119400a3,0.0,0.0,0.0,0.0,4.0,3.7,4.0,3.7,0.293115
2026-01-03 01:58:30,63ae7938bfd3d90017e8f226,0.0,0.0,0.0,0.0,4.0,3.7,4.0,3.7,0.293115
2026-01-03 01:58:30,63b664edbfd3d90017eaaa24,0.0,0.0,0.0,0.0,4.0,3.7,4.0,3.7,0.293115
2026-01-03 01:58:30,56df83d8c062921100c143e3,0.0,0.0,0.0,0.0,4.0,3.7,4.0,3.7,0.293115
2026-01-03 01:58:30,6623e5776f998a001b252337,0.0,0.0,0.0,0.0,4.0,3.7,4.0,3.7,0.293115
2026-01-03 01:58:30,59ca308302eb490011a0a403,0.0,0.0,0.0,0.0,4.0,3.7,4.0,3.7,0.293115
2026-01-03 01:58:30,5deb576d1dc17d7c5515acfd,0.0,0.0,0.0,0.0,4.0,3.7,4.0,3.7,0.293115
2026-01-03 01:58:30,56df8159c062921100c143dc,0.0,0.0,0.0,0.0,4.0,3.7,4.0,3.7,0.293115
2026-01-03 01:58:30,587ef2e4b807da0011e33d57,0.0,0.0,0.0,0.0,4.0,3.7,4.0,3.7,0.293115
2026-01-03 01:58:30,589b3f7db3bf7600110283c6,0.0,0.0,0.0,0.0,4.0,3.7,4.0,3.7,0.293115
2026-01-03 01:58:30,68188c876dfb4b0018f9007b,0.0,0.0,0.0,0.0,4.0,3.7,4.0,3.7,0.293115
2026-01-03 01:58:30,6623e6706f998a001b25239b,0.0,0.0,0.0,0.0,4.0,3.7,4.0,3.7,0.293115
2026-01-03 01:58:30,662b86551afb9c00172dd227,0.0,0.0,0.0,0.0,4.0,3.7,4.0,3.7,0.293115
2026-01-03 01:58:30,662a88521afb9c00172d2592,0.0,0.0,0.0,0.0,4.0,3.7,4.0,3.7,0.293115
2026-01-03 01:58:30,649da77ea6068200171a6dd4,0.0,0.0,0.0,0.0,4.0,3.7,4.0,3.7,0.293115
2026-01-03 01:58:30,63b3c59fbfd3d90017e9ace8,0.0,0.0,0.0,0.0,4.0,3.7,4.0,3.7,0.293115
2026-01-03 01:58:30,58b5510817139d0010f35d4e,0.0,0.0,0.0,0.0,4.0,3.7,4.0,3.7,0.293115
2026-01-03 01:58:30,5a824c905058170011f6eab0,0.0,0.0,0.0,0.0,4.0,3.7,4.0,3.7,0.293115
2026-01-03 01:58:30,5deb576d1dc17d7c5515ad16,0.0,0.0,0.0,0.0,4.0,3.7,4.0,3.7,0.293115
2026-01-03 01:58:30,63ae7c73bfd3d90017e8f3ed,0.0,0.0,0.0,0.0,4.0,3.7,4.0,3.7,0.293115
2026-01-03 01:58:30,586e1d4ef9fab7001111b0a2,0.0,0.0,0.0,0.0,4.0,3.7,4.0,3.7,0.293115
2026-01-03 01:58:30,63195512c9eae60017a1c279,0.0,0.0,0.0,0.0,4.0,3.7,4.0,3.7,0.293115
2026-01-03 01:58:30,59ca2ecb02eb490011a0a3f6,0.0,0.0,0.0,0.0,4.0,3.7,4.0,3.7,0.3
2026-01-03 01:58:30,5d8cdc9d766c880017188970,0.0,0.0,0.0,0.0,4.0,3.7,4.0,3.7,0.293115
2026-01-03 01:58:30,6792f1b78c5ed4001b27f4a9,0.0,0.0,0.0,0.0,4.0,3.7,4.0,3.7,0.293115
2026-01-03 01:58:30,58d8ec0adc195800111e042b,0.0,0.0,0.0,0.0,4.0,3.7,4.0,3.7,0.293115
2026-01-03 01:58:30,5a8254f25058170011f6eac5,0.0,0.0,0.0,0.0,4.0,3.7,4.0,3.7,0.293115
2026-01-03 01:58:30,63ae7c53bfd3d90017e8f3d8,0.0,0.0,0.0,0.0,4.0,3.7,4.0,3.7,0.293115
2026-01-03 01:58:30,5deb576d1dc17d7c5515ad20,0.0,0.0,0.0,0.0,4.0,3.7,4.0,3.7,0.293115
2026-01-03 01:58:30,5874796db807da0011e33cf7,0.0,0.0,0.0,0.0,4.0,3.7,4.0,3.7,0.293115
2026-01-03 01:58:30,5deb576d1dc17d7c5515acfa,0.0,0.0,0.0,0.0,4.0,3.7,4.0,3.7,0.293115
2026-01-03 01:58:30,58746536b807da0011e33cdc,0.0,0.0,0.0,0.0,4.0,3.7,4.0,3.7,0.293115
2026-01-03 01:58:30,5a8251575058170011f6eabc,0.0,0.0,0.0,0.0,4.0,3.7,4.0,3.7,0.3
2026-01-03 01:58:30,662b59291afb9c00172d912b,0.0,0.0,0.0,0.0,4.0,3.7,4.0,3.7,0.293115
2026-01-03 01:58:30,5a6060a88576340017d0660d,0.0,0.0,0.0,0.0,4.0,3.7,4.0,3.7,0.293115
2026-01-03 01:58:30,63b65f33bfd3d90017eaa405,0.0,0.0,0.0,0.0,4.0,3.7,4.0,3.7,0.293115
2026-01-03 01:58:30,5deb576d1dc17d7c5515ad1e,0.0,0.0,0.0,0.0,4.0,3.7,4.0,3.7,0.293115
2026-01-03 01:58:30,5a6061868576340017d06611,0.0,0.0,0.0,0.0,4.0,3.7,4.0,3.7,0.293115
2026-01-03 01:58:30,589b3705b3bf7600110283bd,0.0,0.0,0.0,0.0,4.0,3.7,4.0,3.7,0.293115
2026-01-03 01:58:30,63ae7759bfd3d90017e8f162,0.0,0.0,0.0,0.0,4.0,3.7,4.0,3.7,0.293115
2026-01-03 01:58:30,63ae7709bfd3d90017e8f135,0.0,0.0,0.0,0.0,4.0,3.7,4.0,3.7,0.293115
2026-01-03 01:58:30,662b55111afb9c00172d8e2e,0.0,0.0,0.0,0.0,4.0,3.7,4.0,3.7,0.293115
2026-01-03 01:58:30,649da419a6068200171a6c90,0.0,0.0,0.0,0.0,4.0,3.7,4.0,3.7,0.293115
2026-01-03 01:58:30,58afccadbd82540010390c3f,0.0,0.0,0.0,0.0,4.0,3.7,4.0,3.7,0.293115
2026-01-03 01:58:30,662b82761afb9c00172dcda3,0.0,0.0,0.0,0.0,4.0,3.7,4.0,3.7,0.293115
2026-01-03 01:58:30,5deb576d1dc17d7c5515acf7,0.0,0.0,0.0,0.0,4.0,3.7,4.0,3.7,0.293115
2026-01-03 01:58:30,5d9ddd49766c880017188c94,0.0,0.0,0.0,0.0,4.0,3.7,4.0,3.7,0.293115
2026-01-03 01:58:30,5d8cd767766c880017188950,0.0,0.0,0.0,0.0,4.0,3.7,4.0,3.7,0.293115
2026-01-03 01:58:30,6922931044912200174bc7cf,0.0,0.0,0.0,0.0,4.0,3.7,4.0,3.7,0.293115
2026-01-03 01:58:30,6792f16e8c5ed4001b27f482,0.0,0.0,0.0,0.0,4.0,3.7,4.0,3.7,0.293115
2026-01-03 01:58:30,595f8d813dcfc400106f28f2,0.0,0.0,0.0,0.0,4.0,3.7,4.0,3.7,0.293115
2026-01-03 01:58:30,5874656eb807da0011e33cde,0.0,0.0,0.0,0.0,4.0,3.7,4.0,3.7,0.293115
2026-01-03 01:58:30,6623e3566f998a001b25226d,0.0,0.0,0.0,0.0,4.0,3.7,4.0,3.7,0.293115
2026-01-03 01:58:30,5abbb6d698d8fc001102dfc8,0.0,0.0,0.0,0.0,4.0,3.7,4.0,3.7,0.3
2026-01-03 01:58:30,5d8cdd26766c880017188974,0.0,0.0,0.0,0.0,4.0,3.7,4.0,3.7,0.3
2026-01-03 01:58:30,5deb576d1dc17d7c5515ad03,0.0,0.0,0.0,0.0,4.0,3.7,4.0,3.7,0.293115
2026-01-03 01:58:30,63ae777cbfd3d90017e8f177,0.0,0.0,0.0,0.0,4.0,3.7,4.0,3.7,0.293115
2026-01-03 01:58:30,631828cac9eae60017a19f50,0.0,0.0,0.0,0.0,4.0,3.7,4.0,3.7,0.293115
2026-01-03 01:58:30,63b3c2fbbfd3d90017e9abbf,0.0,0.0,0.0,0.0,4.0,3.7,4.0,3.7,0.293115
2026-01-03 01:58:30,58d7c2e6c1e33c00112b321e,0.0,0.0,0.0,0.0,4.0,3.7,4.0,3.7,0.293115
2026-01-03 01:58:30,63b54ad1bfd3d90017ea7974,0.0,0.0,0.0,0.0,4.0,3.7,4.0,3.7,0.293115
2026-01-03 01:58:30,662b5b481afb9c00172d92a8,0.0,0.0,0.0,0.0,4.0,3.7,4.0,3.7,0.293115
2026-01-03 01:58:30,681885376dfb4b0018f8f0f2,0.0,0.0,0.0,0.0,4.0,3.7,4.0,3.7,0.293115
2026-01-03 01:58:30,56de42f611f398ec0c48129e,0.0,0.0,0.0,0.0,4.0,3.7,4.0,3.7,0.293115
2026-01-03 01:58:30,5d9dddb9766c880017188c96,0.0,0.0,0.0,0.0,4.0,3.7,4.0,3.7,0.293115
2026-01-03 01:58:30,5d8cd372766c880017188940,0.0,0.0,0.0,0.0,4.0,3.7,4.0,3.7,0.3
2026-01-03 01:58:30,5a60839c8576340017d0667c,0.0,0.0,0.0,0.0,4.0,3.7,4.0,3.7,0.293115
2026-01-03 01:58:30,68188c236dfb4b0018f8ff8f,0.0,0.0,0.0,0.0,4.0,3.7,4.0,3.7,0.293115
2026-01-03 01:58:30,63b65f64bfd3d90017eaa41f,0.0,0.0,0.0,0.0,4.0,3.7,4.0,3.7,0.293115
2026-01-03 01:58:30,58746371b807da0011e33cd1,0.0,0.0,0.0,0.0,4.0,3.7,4.0,3.7,0.3
2026-01-03 01:58:30,63bd1e95bfd3d90017ec3cd5,0.0,0.0,0.0,0.0,4.0,3.7,4.0,3.7,0.293115
2026-01-03 01:58:30,63ae7cd3bfd3d90017e8f408,0.0,0.0,0.0,0.0,4.0,3.7,4.0,3.7,0.293115
2026-01-03 01:58:30,5d8cd70e766c88001718894e,0.0,0.0,0.0,0.0,4.0,3.7,4.0,3.7,0.293115
2026-01-03 01:58:30,58b555ac17139d0010f35d59,0.0,0.0,0.0,0.0,4.0,3.7,4.0,3.7,0.293115
2026-01-03 01:58:30,595ddc123dcfc400106f28ba,0.0,0.0,0.0,0.0,4.0,3.7,4.0,3.7,0.293115
2026-01-03 01:58:30,63b55020bfd3d90017ea7cb7,0.0,0.0,0.0,0.0,4.0,3.7,4.0,3.7,0.293115
2026-01-03 01:58:30,68ede746230ee50017d04dcc,0.0,0.0,0.0,0.0,4.0,3.7,4.0,3.7,0.293115
2026-01-03 01:58:30,5b19d2f9af4ff60011d6ea4f,0.0,0.0,0.0,0.0,4.0,3.7,4.0,3.7,0.3
2026-01-03 01:58:30,662b4d781afb9c00172d8571,0.0,0.0,0.0,0.0,4.0,3.7,4.0,3.7,0.293115
2026-01-03 01:58:30,5a606a958576340017d06621,0.0,0.0,0.0,0.0,4.0,3.7,4.0,3.7,0.293115
2026-01-03 01:58:30,662a8c381afb9c00172d28b6,0.0,0.0,0.0,0.0,4.0,3.7,4.0,3.7,0.293115
2026-01-03 01:58:30,63b6617ebfd3d90017eaa50b,0.0,0.0,0.0,0.0,4.0,3.7,4.0,3.7,0.293115
2026-01-03 01:58:30,595f91653dcfc400106f28f6,0.0,0.0,0.0,0.0,4.0,3.7,4.0,3.7,0.3
2026-01-03 01:58:30,56de42f611f398ec0c481292,0.0,0.0,0.0,0.0,4.0,3.7,4.0,3.7,0.293115
2026-01-03 01:58:30,681888066dfb4b0018f8f4c2,0.0,0.0,0.0,0.0,4.0,3.7,4.0,3.7,0.293115
2026-01-03 01:58:30,5deb576d1dc17d7c5515acff,0.0,0.0,0.0,0.0,4.0,3.7,4.0,3.7,0.293115
2026-01-03 01:58:30,662b58791afb9c00172d9107,0.0,0.0,0.0,0.0,4.0,3.7,4.0,3.7,0.293115
2026-01-03 01:58:30,662b811d1afb9c00172dcc1d,0.0,0.0,0.0,0.0,4.0,3.7,4.0,3.7,0.293115
2026-01-03 01:58:30,662a8eb41afb9c00172d2aba,0.0,0.0,0.0,0.0,4.0,3.7,4.0,3.7,0.293115
2026-01-03 01:58:30,63b548ecbfd3d90017ea77d2,0.0,0.0,0.0,0.0,4.0,3.7,4.0,3.7,0.293115
2026-01-03 01:58:30,5deb576d1dc17d7c5515acfb,0.0,0.0,0.0,0.0,4.0,3.7,4.0,3.7,0.293115
2026-01-03 01:58:30,56de42f611f398ec0c48127d,0.0,0.0,0.0,0.0,4.0,3.7,4.0,3.7,0.293115
2026-01-03 01:58:30,56de42f611f398ec0c48128d,0.0,0.0,0.0,0.0,4.0,3.7,4.0,3.7,0.293115
2026-01-03 01:58:30,6792f03d8c5ed4001b27f378,0.0,0.0,0.0,0.0,4.0,3.7,4.0,3.7,0.293115
2026-01-03 01:58:30,68ede490230ee50017d04ae5,0.0,0.0,0.0,0.0,4.0,3.7,4.0,3.7,0.293115
2026-01-03 01:58:30,6623e7076f998a001b2523ea,0.0,0.0,0.0,0.0,4.0,3.7,4.0,3.7,0.293115
2026-01-03 01:58:30,59ca2cac02eb490011a0a3e9,0.0,0.0,0.0,0.0,4.0,3.7,4.0,3.7,0.293115
2026-01-03 01:58:30,586e25e1f9fab7001111b0ae,0.0,0.0,0.0,0.0,4.0,3.7,4.0,3.7,0.293115
2026-01-03 01:58:30,681889ec6dfb4b0018f8f6cb,0.0,0.0,0.0,0.0,4.0,3.7,4.0,3.7,0.293115
2026-01-03 01:58:30,5d9dde8e766c880017188c9a,0.0,0.0,0.0,0.0,4.0,3.7,4.0,3.7,0.3
2026-01-03 01:58:30,5d9ddf0f766c880017188c9e,0.0,0.0,0.0,0.0,4.0,3.7,4.0,3.7,0.293115
2026-01-03 01:58:30,681883866dfb4b0018f8eef6,0.0,0.0,0.0,0.0,4.0,3.7,4.0,3.7,0.293115
2026-01-03 01:58:30,63ae76ddbfd3d90017e8f11b,0.0,0.0,0.0,0.0,4.0,3.7,4.0,3.7,0.293115
2026-01-03 01:58:30,5deb576d1dc17d7c5515ad14,0.0,0.0,0.0,0.0,4.0,3.7,4.0,3.7,0.293115
2026-01-03 01:58:30,63b66035bfd3d90017eaa48e,0.0,0.0,0.0,0.0,4.0,3.7,4.0,3.7,0.293115
2026-01-03 01:58:30,585b284ac3f96200127dc500,0.0,0.0,0.0,0.0,4.0,3.7,4.0,3.7,0.293115
2026-01-03 01:58:30,56de42f611f398ec0c481295,0.0,0.0,0.0,0.0,4.0,3.7,4.0,3.7,0.293115
2026-01-03 01:58:30,5deb576d1dc17d7c5515ad04,0.0,0.0,0.0,0.0,4.0,3.7,4.0,3.7,0.293115
2026-01-03 01:58:30,5a8278f35058170011f6eaed,0.0,0.0,0.0,0.0,4.0,3.7,4.0,3.7,0.293115
2026-01-03 01:58:30,662b830e1afb9c00172dcf50,0.0,0.0,0.0,0.0,4.0,3.7,4.0,3.7,0.293115
2026-01-03 01:58:30,5a6084208576340017d0667e,0.0,0.0,0.0,0.0,4.0,3.7,4.0,3.7,0.3
2026-01-03 01:58:30,5a825ab55058170011f6ead2,0.0,0.0,0.0,0.0,4.0,3.7,4.0,3.7,0.3
2026-01-03 01:58:30,586e20a0f9fab7001111b0a7,0.0,0.0,0.0,0.0,4.0,3.7,4.0,3.7,0.3
2026-01-03 01:58:30,6623edd26f998a001b2526f7,0.0,0.0,0.0,0.0,4.0,3.7,4.0,3.7,0.293115
2026-01-03 01:58:30,5a8255a55058170011f6eac7,0.0,0.0,0.0,0.0,4.0,3.7,4.0,3.7,0.293115
2026-01-03 01:58:30,56de42f611f398ec0c481294,0.0,0.0,0.0,0.0,4.0,3.7,4.0,3.7,0.3
2026-01-03 01:58:30,587ed91db807da0011e33d4e,0.0,0.0,0.0,0.0,4.0,3.7,4.0,3.7,0.293115
2026-01-03 01:58:30,63b54dcbbfd3d90017ea7ba8,0.0,0.0,0.0,0.0,4.0,3.7,4.0,3.7,0.293115
2026-01-03 01:58:30,56de42f611f398ec0c48128a,0.0,0.0,0.0,0.0,4.0,3.7,4.0,3.7,0.293115
2026-01-03 01:58:30,6623ed9b6f998a001b2526cd,0.0,0.0,0.0,0.0,4.0,3.7,4.0,3.7,0.293115
2026-01-03 01:58:30,58b5752e17139d0010f35d5f,0.0,0.0,0.0,0.0,4.0,3.7,4.0,3.7,0.293115
2026-01-03 01:58:30,58175c81edeb6c0012a2d5c2,0.0,0.0,0.0,0.0,4.0,3.7,4.0,3.7,0.293115
2026-01-03 01:58:30,631812e6c9eae60017a19567,0.0,0.0,0.0,0.0,4.0,3.7,4.0,3.7,0.293115
2026-01-03 01:58:30,6623e7b76f998a001b25242d,0.0,0.0,0.0,0.0,4.0,3.7,4.0,3.7,0.293115
2026-01-03 01:58:30,5ad068b198d8fc001102e278,0.0,0.0,0.0,0.0,4.0,3.7,4.0,3.7,0.3
2026-01-03 01:58:30,63ae75a3bfd3d90017e8f051,0.0,0.0,0.0,0.0,4.0,3.7,4.0,3.7,0.293115
2026-01-03 01:58:30,662b7d8a1afb9c00172dc71f,0.0,0.0,0.0,0.0,4.0,3.7,4.0,3.7,0.293115
2026-01-03 01:58:30,5abbb77298d8fc001102dfce,0.0,0.0,0.0,0.0,4.0,3.7,4.0,3.7,0.293115
2026-01-03 01:58:30,63bd1f48bfd3d90017ec3d19,0.0,0.0,0.0,0.0,4.0,3.7,4.0,3.7,0.293115
2026-01-03 01:58:30,58aff2c6bd82540010390c55,0.0,0.0,0.0,0.0,4.0,3.7,4.0,3.7,0.293115
2026-01-03 01:58:30,5b25a1dcf13cba001124e710,0.0,0.0,0.0,0.0,4.0,3.7,4.0,3.7,0.3
2026-01-03 01:58:30,5deb576d1dc17d7c5515ad18,0.0,0.0,0.0,0.0,4.0,3.7,4.0,3.7,0.293115
2026-01-03 01:58:30,66b1c1bf779f740018673ef2,0.0,0.0,0.0,0.0,4.0,3.7,4.0,3.7,0.293115
2026-01-03 01:58:30,56de42f611f398ec0c4812a0,0.0,0.0,0.0,0.0,4.0,3.7,4.0,3.7,0.293115
2026-01-03 01:58:30,6623efc26f998a001b25277f,0.0,0.0,0.0,0.0,4.0,3.7,4.0,3.7,0.293115
2026-01-03 01:58:30,662b50841afb9c00172d880d,0.0,0.0,0.0,0.0,4.0,3.7,4.0,3.7,0.293115
2026-01-03 01:58:30,58abc0cbbd82540010390ba6,0.0,0.0,0.0,0.0,4.0,3.7,4.0,3.7,0.293115
2026-01-03 01:58:30,58afea5dbd82540010390c4d,0.0,0.0,0.0,0.0,4.0,3.7,4.0,3.7,0.293115
2026-01-03 01:58:30,5deb576d1dc17d7c5515ad07,0.0,0.0,0.0,0.0,4.0,3.7,4.0,3.7,0.293115
2026-01-03 01:58:30,5d8cdc1d766c88001718896c,0.0,0.0,0.0,0.0,4.0,3.7,4.0,3.7,0.293115
2026-01-03 01:58:30,5a606c758576340017d06626,0.0,0.0,0.0,0.0,4.0,3.7,4.0,3.7,0.293115
2026-01-03 01:58:30,68fae2966b936b00172186a6,0.0,0.0,0.0,0.0,4.0,3.7,4.0,3.7,0.293115
2026-01-03 01:58:30,63b66008bfd3d90017eaa476,0.0,0.0,0.0,0.0,4.0,3.7,4.0,3.7,0.3
2026-01-03 01:58:30,5a82628e5058170011f6eadb,0.0,0.0,0.0,0.0,4.0,3.7,4.0,3.7,0.293115
2026-01-03 01:58:30,589b46b3b3bf7600110283d0,0.0,0.0,0.0,0.0,4.0,3.7,4.0,3.7,0.3
2026-01-03 01:58:30,5d8cd653766c88001718894c,0.0,0.0,0.0,0.0,4.0,3.7,4.0,3.7,0.293115
2026-01-03 01:58:30,662b4de41afb9c00172d85c5,0.0,0.0,0.0,0.0,4.0,3.7,4.0,3.7,0.293115
2026-01-03 01:58:30,58af8eb2bd82540010390c30,0.0,0.0,0.0,0.0,4.0,3.7,4.0,3.7,0.293115
2026-01-03 01:58:30,6623ee176f998a001b25270c,0.0,0.0,0.0,0.0,4.0,3.7,4.0,3.7,0.293115
2026-01-03 01:58:30,5b0b7d240e517b00119fd809,0.0,0.0,0.0,0.0,4.0,3.7,4.0,3.7,0.3
2026-01-03 01:58:30,595f8d233dcfc400106f28f0,0.0,0.0,0.0,0.0,4.0,3.7,4.0,3.7,0.293115
2026-01-03 01:58:30,5deb576d1dc17d7c5515ad1d,0.0,0.0,0.0,0.0,4.0,3.7,4.0,3.7,0.3
2026-01-03 01:58:30,68ae7e997d735d00173c7445,0.0,0.0,0.0,0.0,4.0,3.7,4.0,3.7,0.293115
2026-01-03 01:58:30,5b0b835b0e517b00119fd80d,0.0,0.0,0.0,0.0,4.0,3.7,4.0,3.7,0.293115
2026-01-03 01:58:30,5b6c155aca0577001163fe36,0.0,0.0,0.0,0.0,4.0,3.7,4.0,3.7,0.3
2026-01-03 01:58:30,5d8cd2a3766c88001718893c,0.0,0.0,0.0,0.0,4.0,3.7,4.0,3.7,0.293115
2026-01-03 01:58:30,662b4e8e1afb9c00172d865c,0.0,0.0,0.0,0.0,4.0,3.7,4.0,3.7,0.293115
2026-01-03 01:58:30,66b1c190779f740018673ed4,0.0,0.0,0.0,0.0,4.0,3.7,4.0,3.7,0.293115
2026-01-03 01:58:30,662b7f9f1afb9c00172dca50,0.0,0.0,0.0,0.0,4.0,3.7,4.0,3.7,0.293115
2026-01-03 01:58:30,68a589294e89b100173b61d9,0.0,0.0,0.0,0.0,4.0,3.7,4.0,3.7,0.293115
2026-01-03 01:58:30,58747923b807da0011e33cf5,0.0,0.0,0.0,0.0,4.0,3.7,4.0,3.7,0.293115
2026-01-03 01:58:30,63ae7af4bfd3d90017e8f32c,0.0,0.0,0.0,0.0,4.0,3.7,4.0,3.7,0.293115
2026-01-03 01:58:30,5875d4f8b807da0011e33d1a,0.0,0.0,0.0,0.0,4.0,3.7,4.0,3.7,0.293115
2026-01-03 01:58:30,595d92013dcfc400106f2877,0.0,0.0,0.0,0.0,4.0,3.7,4.0,3.7,0.293115
2026-01-03 01:58:30,681886f26dfb4b0018f8f31a,0.0,0.0,0.0,0.0,4.0,3.7,4.0,3.7,0.293115
2026-01-03 01:58:30,662b80721afb9c00172dcb28,0.0,0.0,0.0,0.0,4.0,3.7,4.0,3.7,0.293115
2026-01-03 01:58:30,59ca2f4402eb490011a0a3f9,0.0,0.0,0.0,0.0,4.0,3.7,4.0,3.7,0.293115
2026-01-03 01:58:30,586e1f18f9fab7001111b0a5,0.0,0.0,0.0,0.0,4.0,3.7,4.0,3.7,0.293115
2026-01-03 01:58:30,681891e26dfb4b0018f90a69,0.0,0.0,0.0,0.0,4.0,3.7,4.0,3.7,0.293115
2026-01-03 01:58:30,5d9de3c2766c880017188cb3,0.0,0.0,0.0,0.0,4.0,3.7,4.0,3.7,0.293115
2026-01-03 01:58:30,63ae7cfcbfd3d90017e8f422,0.0,0.0,0.0,0.0,4.0,3.7,4.0,3.7,0.3
2026-01-03 01:58:30,5b0e1faacddcc80011ceb449,0.0,0.0,0.0,0.0,4.0,3.7,4.0,3.7,0.293115
2026-01-03 01:58:30,63b65fa9bfd3d90017eaa449,0.0,0.0,0.0,0.0,4.0,3.7,4.0,3.7,0.3
2026-01-03 01:58:30,6623e5066f998a001b252317,0.0,0.0,0.0,0.0,4.0,3.7,4.0,3.7,0.293115
2026-01-03 01:58:30,662b5c141afb9c00172d93d7,0.0,0.0,0.0,0.0,4.0,3.7,4.0,3.7,0.293115
2026-01-03 01:58:30,66b1c158779f740018673eb4,0.0,0.0,0.0,0.0,4.0,3.7,4.0,3.7,0.293115
2026-01-03 01:58:30,56df8381c062921100c143e2,0.0,0.0,0.0,0.0,4.0,3.7,4.0,3.7,0.293115
2026-01-03 01:58:30,5d8cd1f9766c880017188938,0.0,0.0,0.0,0.0,4.0,3.7,4.0,3.7,0.3
2026-01-03 01:58:30,595da2dd3dcfc400106f2885,0.0,0.0,0.0,0.0,4.0,3.7,4.0,3.7,0.293115
2026-01-03 01:58:30,595f80e83dcfc400106f28e4,0.0,0.0,0.0,0.0,4.0,3.7,4.0,3.7,0.293115
2026-01-03 01:58:30,631955e7c9eae60017a1c30a,0.0,0.0,0.0,0.0,4.0,3.7,4.0,3.7,0.293115
2026-01-03 01:58:30,5a6060e08576340017d0660f,0.0,0.0,0.0,0.0,4.0,3.7,4.0,3.7,0.293115
2026-01-03 01:58:30,5a607ea98576340017d0666d,0.0,0.0,0.0,0.0,4.0,3.7,4.0,3.7,0.3
2026-01-03 01:58:30,63b548c3bfd3d90017ea77c0,0.0,0.0,0.0,0.0,4.0,3.7,4.0,3.7,0.293115
2026-01-03 01:58:30,662a8c931afb9c00172d2901,0.0,0.0,0.0,0.0,4.0,3.7,4.0,3.7,0.293115
2026-01-03 01:58:30,63195556c9eae60017a1c2ba,0.0,0.0,0.0,0.0,4.0,3.7,4.0,3.7,0.293115
2026-01-03 01:58:30,58df4adedc195800111e04b4,0.0,0.0,0.0,0.0,4.0,3.7,4.0,3.7,0.293115
2026-01-03 01:58:30,59ca301902eb490011a0a400,0.0,0.0,0.0,0.0,4.0,3.7,4.0,3.7,0.293115
2026-01-03 01:58:30,584e738361cfea0012cf6951,0.0,0.0,0.0,0.0,4.0,3.7,4.0,3.7,0.293115
2026-01-03 01:58:30,583f958161cfea0012cf68f5,0.0,0.0,0.0,0.0,4.0,3.7,4.0,3.7,0.293115
2026-01-03 01:58:30,6922921744912200174bc71d,0.0,0.0,0.0,0.0,4.0,3.7,4.0,3.7,0.293115
2026-01-03 01:58:30,5a8253615058170011f6eabf,0.0,0.0,0.0,0.0,4.0,3.7,4.0,3.7,0.293115
2026-01-03 01:58:30,5deb576d1dc17d7c5515ad0f,0.0,0.0,0.0,0.0,4.0,3.7,4.0,3.7,0.293115
2026-01-03 01:58:30,68fae2b66b936b00172186e5,0.0,0.0,0.0,0.0,4.0,3.7,4.0,3.7,0.293115
2026-01-03 01:58:30,662b51761afb9c00172d88ef,0.0,0.0,0.0,0.0,4.0,3.7,4.0,3.7,0.293115
2026-01-03 01:58:30,68a5873d4e89b100173b5f60,0.0,0.0,0.0,0.0,4.0,3.7,4.0,3.7,0.293115
2026-01-03 01:58:30,66b1c370779f7400186740b3,0.0,0.0,0.0,0.0,4.0,3.7,4.0,3.7,0.293115
2026-01-03 01:58:30,6623ec376f998a001b252671,0.0,0.0,0.0,0.0,4.0,3.7,4.0,3.7,0.293115
2026-01-03 01:58:30,59ca2e6002eb490011a0a3f3,0.0,0.0,0.0,0.0,4.0,3.7,4.0,3.7,0.3
2026-01-03 01:58:30,5b6c1618ca0577001163fe3c,0.0,0.0,0.0,0.0,4.0,3.7,4.0,3.7,0.3
2026-01-03 01:58:30,5deb576d1dc17d7c5515ad22,0.0,0.0,0.0,0.0,4.0,3.7,4.0,3.7,0.293115
2026-01-03 01:58:30,63b664d2bfd3d90017eaaa0f,0.0,0.0,0.0,0.0,4.0,3.7,4.0,3.7,0.293115
2026-01-03 01:58:30,56df85bdc062921100c143e8,0.0,0.0,0.0,0.0,4.0,3.7,4.0,3.7,0.3
2026-01-03 01:58:30,662b85031afb9c00172dd0dc,0.0,0.0,0.0,0.0,4.0,3.7,4.0,3.7,0.293115
2026-01-03 01:58:30,58d7b5a7c1e33c00112b320a,0.0,0.0,0.0,0.0,4.0,3.7,4.0,3.7,0.293115
2026-01-03 01:58:30,662a8f3a1afb9c00172d2b31,0.0,0.0,0.0,0.0,4.0,3.7,4.0,3.7,0.293115
2026-01-03 01:58:30,58aff01fbd82540010390c50,0.0,0.0,0.0,0.0,4.0,3.7,4.0,3.7,0.293115
2026-01-03 01:58:30,5d8cdb9f766c880017188968,0.0,0.0,0.0,0.0,4.0,3.7,4.0,3.7,0.293115
2026-01-03 01:58:30,5a6085fb8576340017d06686,0.0,0.0,0.0,0.0,4.0,3.7,4.0,3.7,0.293115
2026-01-03 01:58:30,59ca31d602eb490011a0a40b,0.0,0.0,0.0,0.0,4.0,3.7,4.0,3.7,0.293115
2026-01-03 01:58:30,587c782db807da0011e33d3b,0.0,0.0,0.0,0.0,4.0,3.7,4.0,3.7,0.293115
2026-01-03 01:58:30,662a8d821afb9c00172d29c8,0.0,0.0,0.0,0.0,4.0,3.7,4.0,3.7,0.293115
2026-01-03 01:58:30,63ae7d29bfd3d90017e8f437,0.0,0.0,0.0,0.0,4.0,3.7,4.0,3.7,0.293115
2026-01-03 01:58:30,68ae7ee47d735d00173c7492,0.0,0.0,0.0,0.0,4.0,3.7,4.0,3.7,0.293115
2026-01-03 01:58:30,56de42f611f398ec0c48129f,0.0,0.0,0.0,0.0,4.0,3.7,4.0,3.7,0.293115
2026-01-03 01:58:30,68188b296dfb4b0018f8f9a3,0.0,0.0,0.0,0.0,4.0,3.7,4.0,3.7,0.293115
2026-01-03 01:58:30,662b80b91afb9c00172dcb5b,0.0,0.0,0.0,0.0,4.0,3.7,4.0,3.7,0.293115
2026-01-03 01:58:30,692292c044912200174bc76d,0.0,0.0,0.0,0.0,4.0,3.7,4.0,3.7,0.293115
2026-01-03 01:58:30,68188d586dfb4b0018f9018d,0.0,0.0,0.0,0.0,4.0,3.7,4.0,3.7,0.293115
2026-01-03 01:58:30,662b50261afb9c00172d87b2,0.0,0.0,0.0,0.0,4.0,3.7,4.0,3.7,0.293115
2026-01-03 01:58:30,59ca2d9d02eb490011a0a3f0,0.0,0.0,0.0,0.0,4.0,3.7,4.0,3.7,0.293115
2026-01-03 01:58:30,68a588984e89b100173b6138,0.0,0.0,0.0,0.0,4.0,3.7,4.0,3.7,0.293115
2026-01-03 01:58:30,5a8256df5058170011f6eacb,0.0,0.0,0.0,0.0,4.0,3.7,4.0,3.7,0.293115
2026-01-03 01:58:30,5deb576d1dc17d7c5515acfc,0.0,0.0,0.0,0.0,4.0,3.7,4.0,3.7,0.293115
2026-01-03 01:58:30,587c8c20b807da0011e33d47,0.0,0.0,0.0,0.0,4.0,3.7,4.0,3.7,0.293115
2026-01-03 01:58:30,58744fb0b807da0011e33cc0,0.0,0.0,0.0,0.0,4.0,3.7,4.0,3.7,0.293115
2026-01-03 01:58:30,5822f23aedeb6c0012a2d6a8,0.0,0.0,0.0,0.0,4.0,3.7,4.0,3.7,0.3
2026-01-03 01:58:30,649da495a6068200171a6cb6,0.0,0.0,0.0,0.0,4.0,3.7,4.0,3.7,0.293115
2026-01-03 10:53:34,59d3524f02eb490011a0a61b,0.0,0.0,0.0,0.0,0.6,1.1,0.8,2.3,0.3
2026-01-03 10:53:34,5a6065c58576340017d06615,0.0,0.0,0.0,0.0,0.6,1.1,0.8,2.3,0.293115
2026-01-03 10:53:34,6623f4df6f998a001b2528eb,0.0,0.0,0.0,0.0,0.6,1.1,0.8,2.3,0.293115
2026-01-03 10:53:34,662b7ce71afb9c00172dc676,0.0,0.0,0.0,0.0,0.6,1.1,0.8,2.3,0.293115
2026-01-03 10:53:34,583f969161cfea0012cf68f7,0.0,0.0,0.0,0.0,0.6,1.1,0.8,2.3,0.293115
2026-01-03 10:53:34,59ca317602eb490011a0a408,0.0,0.0,0.0,0.0,0.6,1.1,0.8,2.3,0.293115
2026-01-03 10:53:34,6623e8da6f998a001b2524a6,0.0,0.0,0.0,0.0,0.6,1.1,0.8,2.3,0.293115
2026-01-03 10:53:34,56de42f611f398ec0c481299,0.0,0.0,0.0,0.0,0.6,1.1,0.8,2.3,0.293115
2026-01-03 10:53:34,66b1c426779f74001867415e,0.0,0.0,0.0,0.0,0.6,1.1,0.8,2.3,0.293115
2026-01-03 10:53:34,595dc29c3dcfc400106f2894,0.0,0.0,0.0,0.0,0.6,1.1,0.8,2.3,0.293115
2026-01-03 10:53:34,5d9de4de766c880017188cbb,0.0,0.0,0.0,0.0,0.6,1.1,0.8,2.3,0.293115
2026-01-03 10:53:34,6623f44f6f998a001b2528aa,0.0,0.0,0.0,0.0,0.6,1.1,0.8,2.3,0.293115
2026-01-03 10:53:34,662a881a1afb9c00172d2559,0.0,0.0,0.0,0.0,0.6,1.1,0.8,2.3,0.293115
2026-01-03 10:53:34,5a605f828576340017d06608,0.0,0.0,0.0,0.0,0.6,1.1,0.8,2.3,0.3
2026-01-03 10:53:34,68188fe36dfb4b0018f90520,0.0,0.0,0.0,0.0,0.6,1.1,0.8,2.3,0.3
2026-01-03 10:53:34,5deb576d1dc17d7c5515ad15,0.0,0.0,0.0,0.0,0.6,1.1,0.8,2.3,0.293115
2026-01-03 10:53:34,5b8b2323ca057700116405d0,0.0,0.0,0.0,0.0,0.6,1.1,0.8,2.3,0.293115
2026-01-03 10:53:34,68188a226dfb4b0018f8f70a,0.0,0.0,0.0,0.0,0.6,1.1,0.8,2.3,0.293115
2026-01-03 10:53:34,681889a96dfb4b0018f8f67e,0.0,0.0,0.0,0.0,0.6,1.1,0.8,2.3,0.293115
2026-01-03 10:53:34,63ae7a50bfd3d90017e8f2b2,0.0,0.0,0.0,0.0,0.6,1.1,0.8,2.3,0.293115
2026-01-03 10:53:34,587ee0ecb807da0011e33d50,0.0,0.0,0.0,0.0,0.6,1.1,0.8,2.3,0.3066149999999999
2026-01-03 10:53:34,56de42f611f398ec0c48128f,0.0,0.0,0.0,0.0,0.6,1.1,0.8,2.3,0.293115
2026-01-03 10:53:34,56de42f611f398ec0c4812a2,0.0,0.0,0.0,0.0,0.6,1.1,0.8,2.3,0.293115
2026-01-03 10:53:34,6922934b44912200174bc7ec,0.0,0.0,0.0,0.0,0.6,1.1,0.8,2.3,0.293115
2026-01-03 10:53:34,63bd1f21bfd3d90017ec3d04,0.0,0.0,0.0,0.0,0.6,1.1,0.8,2.3,0.293115
2026-01-03 10:53:34,58df4d95dc195800111e04b9,0.0,0.0,0.0,0.0,0.6,1.1,0.8,2.3,0.293115
2026-01-03 10:53:34,586e28a0f9fab7001111b0b3,0.0,0.0,0.0,0.0,0.6,1.1,0.8,2.3,0.293115
2026-01-03 10:53:34,595dd8463dcfc400106f28b2,0.0,0.0,0.0,0.0,0.6,1.1,0.8,2.3,0.293115
2026-01-03 10:53:34,662b81721afb9c00172dcc44,0.0,0.0,0.0,0.0,0.6,1.1,0.8,2.3,0.293115
2026-01-03 10:53:34,67e217c43215f90017863bc8,0.0,0.0,0.0,0.0,0.6,1.1,0.8,2.3,0.293115
2026-01-03 10:53:34,66b1c3c2779f740018674125,0.0,0.0,0.0,0.0,0.6,1.1,0.8,2.3,0.293115
2026-01-03 10:53:34,5a8269c45058170011f6eae4,0.0,0.0,0.0,0.0,0.6,1.1,0.8,2.3,0.293115
2026-01-03 10:53:34,56de42f611f398ec0c481297,0.0,0.0,0.0,0.0,0.6,1.1,0.8,2.3,0.293115
2026-01-03 10:53:34,5822adbbedeb6c0012a2d65f,0.0,0.0,0.0,0.0,0.6,1.1,0.8,2.3,0.293115
2026-01-03 10:53:34,5deb576d1dc17d7c5515ad00,0.0,0.0,0.0,0.0,0.6,1.1,0.8,2.3,0.3
2026-01-03 10:53:34,5a823e425058170011f6eaa4,0.0,0.0,0.0,0.0,0.6,1.1,0.8,2.3,0.293115
2026-01-03 10:53:34,649da72ca6068200171a6dbb,0.0,0.0,0.0,0.0,0.6,1.1,0.8,2.3,0.293115
2026-01-03 10:53:34,5a6088218576340017d06693,0.0,0.0,0.0,0.0,0.6,1.1,0.8,2.3,0.293115
2026-01-03 10:53:34,63b65fd8bfd3d90017eaa461,0.0,0.0,0.0,0.0,0.6,1.1,0.8,2.3,0.293115
2026-01-03 10:53:34,5deb576d1dc17d7c5515ad08,0.0,0.0,0.0,0.0,0.6,1.1,0.8,2.3,0.293115
2026-01-03 10:53:34,595dc70d3dcfc400106f289a,0.0,0.0,0.0,0.0,0.6,1.1,0.8,2.3,0.3
2026-01-03 10:53:34,63b65ebebfd3d90017eaa3ae,0.0,0.0,0.0,0.0,0.6,1.1,0.8,2.3,0.293115
2026-01-03 10:53:34,5874769eb807da0011e33cec,0.0,0.0,0.0,0.0,0.6,1.1,0.8,2.3,0.293115
2026-01-03 10:53:34,63b660f8bfd3d90017eaa4ea,0.0,0.0,0.0,0.0,0.6,1.1,0.8,2.3,0.293115
2026-01-03 10:53:34,58af994abd82540010390c37,0.0,0.0,0.0,0.0,0.6,1.1,0.8,2.3,0.293115
2026-01-03 10:53:34,56df8108c062921100c143db,0.0,0.0,0.0,0.0,0.6,1.1,0.8,2.3,0.293115
2026-01-03 10:53:34,63ae7903bfd3d90017e8f211,0.0,0.0,0.0,0.0,0.6,1.1,0.8,2.3,0.293115
2026-01-03 10:53:34,63ae7727bfd3d90017e8f14a,0.0,0.0,0.0,0.0,0.6,1.1,0.8,2.3,0.293115
2026-01-03 10:53:34,6623f36e6f998a001b252878,0.0,0.0,0.0,0.0,0.6,1.1,0.8,2.3,0.293115
2026-01-03 10:53:34,5d9ddec9766c880017188c9c,0.0,0.0,0.0,0.0,0.6,1.1,0.8,2.3,0.293115
2026-01-03 10:53:34,5deb576d1dc17d7c5515ad02,0.0,0.0,0.0,0.0,0.6,1.1,0.8,2.3,0.293115
2026-01-03 10:53:34,681885ff6dfb4b0018f8f1ee,0.0,0.0,0.0,0.0,0.6,1.1,0.8,2.3,0.293115
2026-01-03 10:53:34,63ae79aabfd3d90017e8f26a,0.0,0.0,0.0,0.0,0.6,1.1,0.8,2.3,0.293115
2026-01-03 10:53:34,5d8cd7fb766c880017188954,0.0,0.0,0.0,0.0,0.6,1.1,0.8,2.3,0.293115
2026-01-03 10:53:34,56de42f611f398ec0c481293,0.0,0.0,0.0,0.0,0.6,1.1,0.8,2.3,0.293115
2026-01-03 10:53:34,63b66089bfd3d90017eaa4bd,0.0,0.0,0.0,0.0,0.6,1.1,0.8,2.3,0.293115
2026-01-03 10:53:34,63ae798abfd3d90017e8f255,0.0,0.0,0.0,0.0,0.6,1.1,0.8,2.3,0.293115
2026-01-03 10:53:34,662a89f51afb9c00172d26ef,0.0,0.0,0.0,0.0,0.6,1.1,0.8,2.3,0.293115
2026-01-03 10:53:34,6318287ec9eae60017a19f36,0.0,0.0,0.0,0.0,0.6,1.1,0.8,2.3,0.293115
2026-01-03 10:53:34,6792f3058c5ed4001b27f58e,0.0,0.0,0.0,0.0,0.6,1.1,0.8,2.3,0.293115
2026-01-03 10:53:34,587476e3b807da0011e33cee,0.0,0.0,0.0,0.0,0.6,1.1,0.8,2.3,0.293115
2026-01-03 10:53:34,597bf277faa7ea0011c7c29f,0.0,0.0,0.0,0.0,0.6,1.1,0.8,2.3,0.293115
2026-01-03 10:53:34,5d9de49d766c880017188cb9,0.0,0.0,0.0,0.0,0.6,1.1,0.8,2.3,0.293115
2026-01-03 10:53:34,5d9ddf49766c880017188ca0,0.0,0.0,0.0,0.0,0.6,1.1,0.8,2.3,0.293115
2026-01-03 10:53:34,63ae763bbfd3d90017e8f0c4,0.0,0.0,0.0,0.0,0.6,1.1,0.8,2.3,0.293115
2026-01-03 10:53:34,5d8cda6a766c880017188960,0.0,0.0,0.0,0.0,0.6,1.1,0.8,2.3,0.293115
2026-01-03 10:53:34,662b80e81afb9c00172dcbec,0.0,0.0,0.0,0.0,0.6,1.1,0.8,2.3,0.293115
2026-01-03 10:53:34,681826506dfb4b0018f83e64,0.0,0.0,0.0,0.0,0.6,1.1,0.8,2.3,0.3
2026-01-03 10:53:34,662a86a11afb9c00172d2410,0.0,0.0,0.0,0.0,0.6,1.1,0.8,2.3,0.293115
2026-01-03 10:53:34,5a6083198576340017d0667a,0.0,0.0,0.0,0.0,0.6,1.1,0.8,2.3,0.293115
2026-01-03 10:53:34,56de42f611f398ec0c48128b,0.0,0.0,0.0,0.0,0.6,1.1,0.8,2.3,0.293115
2026-01-03 10:53:34,58e49ff8d9d6200011e0b9d4,0.0,0.0,0.0,0.0,0.6,1.1,0.8,2.3,0.293115
2026-01-03 10:53:34,6922924644912200174bc737,0.0,0.0,0.0,0.0,0.6,1.1,0.8,2.3,0.293115
2026-01-03 10:53:34,681885a26dfb4b0018f8f176,0.0,0.0,0.0,0.0,0.6,1.1,0.8,2.3,0.293115
2026-01-03 10:53:34,5a8241105058170011f6eaa6,0.0,0.0,0.0,0.0,0.6,1.1,0.8,2.3,0.293115
2026-01-03 10:53:34,65e054fb6b18080018db6632,0.0,0.0,0.0,0.0,0.6,1.1,0.8,2.3,0.293115
2026-01-03 10:53:34,5a825ded5058170011f6ead7,0.0,0.0,0.0,0.0,0.6,1.1,0.8,2.3,0.293115
2026-01-03 10:53:34,5d8cdb0a766c880017188964,0.0,0.0,0.0,0.0,0.6,1.1,0.8,2.3,0.293115
2026-01-03 10:53:34,68188bb96dfb4b0018f8fdbf,0.0,0.0,0.0,0.0,0.6,1.1,0.8,2.3,0.293115
2026-01-03 10:53:34,56df833ac062921100c143e1,0.0,0.0,0.0,0.0,0.6,1.1,0.8,2.3,0.3
2026-01-03 10:53:34,6792efe48c5ed4001b27f336,0.0,0.0,0.0,0.0,0.6,1.1,0.8,2.3,0.293115
2026-01-03 10:53:34,63b5503bbfd3d90017ea7ccc,0.0,0.0,0.0,0.0,0.6,1.1,0.8,2.3,0.293115
2026-01-03 10:53:34,662a873b1afb9c00172d2483,0.0,0.0,0.0,0.0,0.6,1.1,0.8,2.3,0.293115
2026-01-03 10:53:34,66b1c3fa779f740018674146,0.0,0.0,0.0,0.0,0.6,1.1,0.8,2.3,0.293115
2026-01-03 10:53:34,5ad0621c98d8fc001102e268,0.0,0.0,0.0,0.0,0.6,1.1,0.8,2.3,0.293115
2026-01-03 10:53:34,66b1c34d779f74001867409e,0.0,0.0,0.0,0.0,0.6,1.1,0.8,2.3,0.293115
2026-01-03 10:53:34,595f89323dcfc400106f28ee,0.0,0.0,0.0,0.0,0.6,1.1,0.8,2.3,0.293115
2026-01-03 10:53:34,56de42f611f398ec0c48128c,0.0,0.0,0.0,0.0,0.6,1.1,0.8,2.3,0.293115
2026-01-03 10:53:34,662b558c1afb9c00172d8ed2,0.0,0.0,0.0,0.0,0.6,1.1,0.8,2.3,0.293115
2026-01-03 10:53:34,6623f4836f998a001b2528bf,0.0,0.0,0.0,0.0,0.6,1.1,0.8,2.3,0.293115
2026-01-03 10:53:34,662b85bf1afb9c00172dd149,0.0,0.0,0.0,0.0,0.6,1.1,0.8,2.3,0.293115
2026-01-03 10:53:34,595d98fc3dcfc400106f287b,0.0,0.0,0.0,0.0,0.6,1.1,0.8,2.3,0.3
2026-01-03 10:53:34,6818887f6dfb4b0018f8f54c,0.0,0.0,0.0,0.0,0.6,1.1,0.8,2.3,0.293115
2026-01-03 10:53:34,63b54bcdbfd3d90017ea7a82,0.0,0.0,0.0,0.0,0.6,1.1,0.8,2.3,0.293115
2026-01-03 10:53:34,68eddd0a230ee50017d040b2,0.0,0.0,0.0,0.0,0.6,1.1,0.8,2.3,0.293115
2026-01-03 10:53:34,68a587d54e89b100173b6021,0.0,0.0,0.0,0.0,0.6,1.1,0.8,2.3,0.293115
2026-01-03 10:53:34,5b5995a3fd4edb0019c7d9ab,0.0,0.0,0.0,0.0,0.6,1.1,0.8,2.3,0.293115
2026-01-03 10:53:34,692291f044912200174bc703,0.0,0.0,0.0,0.0,0.6,1.1,0.8,2.3,0.293115
2026-01-03 10:53:34,662b81a31afb9c00172dcc65,0.0,0.0,0.0,0.0,0.6,1.1,0.8,2.3,0.3
2026-01-03 10:53:34,5deb576d1dc17d7c5515acf6,0.0,0.0,0.0,0.0,0.6,1.1,0.8,2.3,0.293115
2026-01-03 10:53:34,58746488b807da0011e33cd7,0.0,0.0,0.0,0.0,0.6,1.1,0.8,2.3,0.293115
2026-01-03 10:53:34,662b83381afb9c00172dcf88,0.0,0.0,0.0,0.0,0.6,1.1,0.8,2.3,0.293115
2026-01-03 10:53:34,5822b5ededeb6c0012a2d66a,0.0,0.0,0.0,0.0,0.6,1.1,0.8,2.3,0.293115
2026-01-03 10:53:34,63b660d8bfd3d90017eaa4d5,0.0,0.0,0.0,0.0,0.6,1.1,0.8,2.3,0.293115
2026-01-03 10:53:34,63ae7be0bfd3d90017e8f3a8,0.0,0.0,0.0,0.0,0.6,1.1,0.8,2.3,0.293115
2026-01-03 10:53:34,63b54a04bfd3d90017ea783e,0.0,0.0,0.0,0.0,0.6,1.1,0.8,2.3,0.3
2026-01-03 10:53:34,63b54f70bfd3d90017ea7c86,0.0,0.0,0.0,0.0,0.6,1.1,0.8,2.3,0.293115
2026-01-03 10:53:34,5a8267fe5058170011f6eae1,0.0,0.0,0.0,0.0,0.6,1.1,0.8,2.3,0.293115
2026-01-03 10:53:34,595d984b3dcfc400106f2879,0.0,0.0,0.0,0.0,0.6,1.1,0.8,2.3,0.293115
2026-01-03 10:53:34,5b25a268f13cba001124e713,0.0,0.0,0.0,0.0,0.6,1.1,0.8,2.3,0.3
2026-01-03 10:53:34,63ae768dbfd3d90017e8f0f1,0.0,0.0,0.0,0.0,0.6,1.1,0.8,2.3,0.293115
2026-01-03 10:53:34,6818884f6dfb4b0018f8f50f,0.0,0.0,0.0,0.0,0.6,1.1,0.8,2.3,0.293115
2026-01-03 10:53:34,662a89ae1afb9c00172d26ad,0.0,0.0,0.0,0.0,0.6,1.1,0.8,2.3,0.293115
2026-01-03 10:53:34,63b54a70bfd3d90017ea7862,0.0,0.0,0.0,0.0,0.6,1.1,0.8,2.3,0.293115
2026-01-03 10:53:34,58e49783d9d6200011e0b9ce,0.0,0.0,0.0,0.0,0.6,1.1,0.8,2.3,0.293115
2026-01-03 10:53:34,5deb576d1dc17d7c5515ad0c,0.0,0.0,0.0,0.0,0.6,1.1,0.8,2.3,0.293115
2026-01-03 10:53:34,6623ef776f998a001b252768,0.0,0.0,0.0,0.0,0.6,1.1,0.8,2.3,0.293115
2026-01-03 10:53:34,58d7bbf2c1e33c00112b3216,0.0,0.0,0.0,0.0,0.6,1.1,0.8,2.3,0.293115
2026-01-03 10:53:34,662b51d21afb9c00172d89bf,0.0,0.0,0.0,0.0,0.6,1.1,0.8,2.3,0.293115
2026-01-03 10:53:34,58746295b807da0011e33ccb,0.0,0.0,0.0,0.0,0.6,1.1,0.8,2.3,0.293115
2026-01-03 10:53:34,585b2baec3f96200127dc508,0.0,0.0,0.0,0.0,0.6,1.1,0.8,2.3,0.293115
2026-01-03 10:53:34,5a606cd08576340017d06628,0.0,0.0,0.0,0.0,0.6,1.1,0.8,2.3,0.293115
2026-01-03 10:53:34,662b80051afb9c00172dcaf6,0.0,0.0,0.0,0.0,0.6,1.1,0.8,2.3,0.293115
2026-01-03 10:53:34,5d8cd253766c88001718893a,0.0,0.0,0.0,0.0,0.6,1.1,0.8,2.3,0.3
2026-01-03 10:53:34,662b5bc31afb9c00172d92e2,0.0,0.0,0.0,0.0,0.6,1.1,0.8,2.3,0.293115
2026-01-03 10:53:34,662b58401afb9c00172d90f5,0.0,0.0,0.0,0.0,0.6,1.1,0.8,2.3,0.293115
2026-01-03 10:53:34,5874644cb807da0011e33cd5,0.0,0.0,0.0,0.0,0.6,1.1,0.8,2.3,0.293115
2026-01-03 10:53:34,662b867b1afb9c00172dd250,0.0,0.0,0.0,0.0,0.6,1.1,0.8,2.3,0.293115
2026-01-03 10:53:34,597bf0b8faa7ea0011c7c293,0.0,0.0,0.0,0.0,0.6,1.1,0.8,2.3,0.293115
2026-01-03 10:53:34,5a10c79f02eb490011a0b0dd,0.0,0.0,0.0,0.0,0.6,1.1,0.8,2.3,0.293115
2026-01-03 10:53:34,68188af96dfb4b0018f8f8e4,0.0,0.0,0.0,0.0,0.6,1.1,0.8,2.3,0.293115
2026-01-03 10:53:34,662b83ff1afb9c00172dcffb,0.0,0.0,0.0,0.0,0.6,1.1,0.8,2.3,0.293115
2026-01-03 10:53:34,5deb576d1dc17d7c5515ad19,0.0,0.0,0.0,0.0,0.6,1.1,0.8,2.3,0.293115
2026-01-03 10:53:34,5b6329fdfd4edb0019c7dc0b,0.0,0.0,0.0,0.0,0.6,1.1,0.8,2.3,0.3
2026-01-03 10:53:34,589add0fb3bf7600110283ae,0.0,0.0,0.0,0.0,0.6,1.1,0.8,2.3,0.293115
2026-01-03 10:53:34,5deb576d1dc17d7c5515ad01,0.0,0.0,0.0,0.0,0.6,1.1,0.8,2.3,0.293115
2026-01-03 10:53:34,58abbf72bd82540010390ba4,0.0,0.0,0.0,0.0,0.6,1.1,0.8,2.3,0.293115
2026-01-03 10:53:34,6623f1f16f998a001b25281f,0.0,0.0,0.0,0.0,0.6,1.1,0.8,2.3,0.293115
2026-01-03 10:53:34,58ad6961bd82540010390be5,0.0,0.0,0.0,0.0,0.6,1.1,0.8,2.3,0.293115
2026-01-03 10:53:34,59ca2fa302eb490011a0a3fd,0.0,0.0,0.0,0.0,0.6,1.1,0.8,2.3,0.3
2026-01-03 10:53:34,5a606dbc8576340017d0662b,0.0,0.0,0.0,0.0,0.6,1.1,0.8,2.3,0.293115
2026-01-03 10:53:34,662b52a31afb9c00172d8b01,0.0,0.0,0.0,0.0,0.6,1.1,0.8,2.3,0.293115
2026-01-03 10:53:34,58abbee5bd82540010390ba2,0.0,0.0,0.0,0.0,0.6,1.1,0.8,2.3,0.293115
2026-01-03 10:53:34,662a8ef41afb9c00172d2af2,0.0,0.0,0.0,0.0,0.6,1.1,0.8,2.3,0.293115
2026-01-03 10:53:34,6623f5b56f998a001b25292f,0.0,0.0,0.0,0.0,0.6,1.1,0.8,2.3,0.293115
2026-01-03 10:53:34,66b1c398779f7400186740e3,0.0,0.0,0.0,0.0,0.6,1.1,0.8,2.3,0.293115
2026-01-03 10:53:34,58d7b756c1e33c00112b320d,0.0,0.0,0.0,0.0,0.6,1.1,0.8,2.3,0.293115
2026-01-03 10:53:34,6623e31e6f998a001b252250,0.0,0.0,0.0,0.0,0.6,1.1,0.8,2.3,0.293115
2026-01-03 10:53:34,5deb576d1dc17d7c5515acfe,0.0,0.0,0.0,0.0,0.6,1.1,0.8,2.3,0.293115
2026-01-03 10:53:34,6792f3cf8c5ed4001b27f61e,0.0,0.0,0.0,0.0,0.6,1.1,0.8,2.3,0.293115
2026-01-03 10:53:34,58df4e22dc195800111e04bb,0.0,0.0,0.0,0.0,0.6,1.1,0.8,2.3,0.293115
2026-01-03 10:53:34,58d7b3e8c1e33c00112b3207,0.0,0.0,0.0,0.0,0.6,1.1,0.8,2.3,0.3
2026-01-03 10:53:34,5d8cdc57766c88001718896e,0.0,0.0,0.0,0.0,0.6,1.1,0.8,2.3,0.293115
2026-01-03 10:53:34,66f1266f538c780017c93579,0.0,0.0,0.0,0.0,0.6,1.1,0.8,2.3,0.293115
2026-01-03 10:53:34,5ad0679598d8fc001102e274,0.0,0.0,0.0,0.0,0.6,1.1,0.8,2.3,0.293115
2026-01-03 10:53:34,5a824b6c5058170011f6eaab,0.0,0.0,0.0,0.0,0.6,1.1,0.8,2.3,0.3
2026-01-03 10:53:34,62da3e840637a10017d7073d,0.0,0.0,0.0,0.0,0.6,1.1,0.8,2.3,0.293115
2026-01-03 10:53:34,56de42f611f398ec0c481288,0.0,0.0,0.0,0.0,0.6,1.1,0.8,2.3,0.293115
2026-01-03 10:53:34,5d8cd614766c88001718894a,0.0,0.0,0.0,0.0,0.6,1.1,0.8,2.3,0.293115
2026-01-03 10:53:34,5a824f975058170011f6eab8,0.0,0.0,0.0,0.0,0.6,1.1,0.8,2.3,0.293115
2026-01-03 10:53:34,5a824c3e5058170011f6eaae,0.0,0.0,0.0,0.0,0.6,1.1,0.8,2.3,0.293115
2026-01-03 10:53:34,5deb576d1dc17d7c5515acf9,0.0,0.0,0.0,0.0,0.6,1.1,0.8,2.3,0.293115
2026-01-03 10:53:34,587470c2b807da0011e33ce4,0.0,0.0,0.0,0.0,0.6,1.1,0.8,2.3,0.293115
2026-01-03 10:53:34,68188cbf6dfb4b0018f900e9,0.0,0.0,0.0,0.0,0.6,1.1,0.8,2.3,0.293115
2026-01-03 10:53:34,67e217ea3215f90017863bf1,0.0,0.0,0.0,0.0,0.6,1.1,0.8,2.3,0.293115
2026-01-03 10:53:34,68ede6d0230ee50017d04d4c,0.0,0.0,0.0,0.0,0.6,1.1,0.8,2.3,0.293115
2026-01-03 10:53:34,584e734a61cfea0012cf694f,0.0,0.0,0.0,0.0,0.6,1.1,0.8,2.3,0.293115
2026-01-03 10:53:34,662b7f251afb9c00172dc8bc,0.0,0.0,0.0,0.0,0.6,1.1,0.8,2.3,0.293115
2026-01-03 10:53:34,6623ec826f998a001b252686,0.0,0.0,0.0,0.0,0.6,1.1,0.8,2.3,0.293115
2026-01-03 10:53:34,5deb576d1dc17d7c5515ad23,0.0,0.0,0.0,0.0,0.6,1.1,0.8,2.3,0.293115
2026-01-03 10:53:34,6922939144912200174bc80c,0.0,0.0,0.0,0.0,0.6,1.1,0.8,2.3,0.293115
2026-01-03 10:53:34,595d9ba43dcfc400106f2880,0.0,0.0,0.0,0.0,0.6,1.1,0.8,2.3,0.3
2026-01-03 10:53:34,6818863c6dfb4b0018f8f235,0.0,0.0,0.0,0.0,0.6,1.1,0.8,2.3,0.293115
2026-01-03 10:53:34,589ad89eb3bf7600110283ac,0.0,0.0,0.0,0.0,0.6,1.1,0.8,2.3,0.293115
2026-01-03 10:53:34,662b5adc1afb9c00172d925b,0.0,0.0,0.0,0.0,0.6,1.1,0.8,2.3,0.293115
2026-01-03 10:53:34,5701e22bc4350a1100e26f6c,0.0,0.0,0.0,0.0,0.6,1.1,0.8,2.3,0.3
2026-01-03 10:53:34,5b87c386ca057700116404a6,0.0,0.0,0.0,0.0,0.6,1.1,0.8,2.3,0.293115
2026-01-03 10:53:34,5d8cd542766c880017188948,0.0,0.0,0.0,0.0,0.6,1.1,0.8,2.3,0.293115
2026-01-03 10:53:34,6623e8406f998a001b252465,0.0,0.0,0.0,0.0,0.6,1.1,0.8,2.3,0.293115
2026-01-03 10:53:34,5875cef0b807da0011e33d14,0.0,0.0,0.0,0.0,0.6,1.1,0.8,2.3,0.3
2026-01-03 10:53:34,5a823d555058170011f6eaa2,0.0,0.0,0.0,0.0,0.6,1.1,0.8,2.3,0.3
2026-01-03 10:53:34,595da2853dcfc400106f2883,0.0,0.0,0.0,0.0,0.6,1.1,0.8,2.3,0.293115
2026-01-03 10:53:34,5b632950fd4edb0019c7dc07,0.0,0.0,0.0,0.0,0.6,1.1,0.8,2.3,0.293115
2026-01-03 10:53:34,5deb576d1dc17d7c5515ad06,0.0,0.0,0.0,0.0,0.6,1.1,0.8,2.3,0.293115
2026-01-03 10:53:34,662b54711afb9c00172d8d4f,0.0,0.0,0.0,0.0,0.6,1.1,0.8,2.3,0.293115
2026-01-03 10:53:34,5a8279865058170011f6eaef,0.0,0.0,0.0,0.0,0.6,1.1,0.8,2.3,0.293115
2026-01-03 10:53:34,662b4faa1afb9c00172d875e,0.0,0.0,0.0,0.0,0.6,1.1,0.8,2.3,0.293115
2026-01-03 10:53:34,662a87641afb9c00172d24b0,0.0,0.0,0.0,0.0,0.6,1.1,0.8,2.3,0.293115
2026-01-03 10:53:34,56de42f611f398ec0c4812a1,0.0,0.0,0.0,0.0,0.6,1.1,0.8,2.3,0.293115
2026-01-03 10:53:34,63ae7669bfd3d90017e8f0d9,0.0,0.0,0.0,0.0,0.6,1.1,0.8,2.3,0.293115
2026-01-03 10:53:34,63b65e6abfd3d90017eaa361,0.0,0.0,0.0,0.0,0.6,1.1,0.8,2.3,0.293115
2026-01-03 10:53:34,662a8fd41afb9c00172d2bac,0.0,0.0,0.0,0.0,0.6,1.1,0.8,2.3,0.293115
2026-01-03 10:53:34,56f11afc3ac17b11001c504e,0.0,0.0,0.0,0.0,0.6,1.1,0.8,2.3,0.293115
2026-01-03 10:53:34,585b2b1ec3f96200127dc505,0.0,0.0,0.0,0.0,0.6,1.1,0.8,2.3,0.293115
2026-01-03 10:53:34,5a825b7d5058170011f6ead4,0.0,0.0,0.0,0.0,0.6,1.1,0.8,2.3,0.293115
2026-01-03 10:53:34,5a6069238576340017d0661c,0.0,0.0,0.0,0.0,0.6,1.1,0.8,2.3,0.293115
2026-01-03 10:53:34,662b857b1afb9c00172dd106,0.0,0.0,0.0,0.0,0.6,1.1,0.8,2.3,0.293115
2026-01-03 10:53:34,56de42f611f398ec0c481298,0.0,0.0,0.0,0.0,0.6,1.1,0.8,2.3,0.293115
2026-01-03 10:53:34,63ae75f9bfd3d90017e8f097,0.0,0.0,0.0,0.0,0.6,1.1,0.8,2.3,0.293115
2026-01-03 10:53:34,63ae7829bfd3d90017e8f1ac,0.0,0.0,0.0,0.0,0.6,1.1,0.8,2.3,0.293115
2026-01-03 10:53:34,65e0556b6b18080018db665e,0.0,0.0,0.0,0.0,0.6,1.1,0.8,2.3,0.293115
2026-01-03 10:53:34,662b81eb1afb9c00172dcc85,0.0,0.0,0.0,0.0,0.6,1.1,0.8,2.3,0.293115
2026-01-03 10:53:34,595dd9ac3dcfc400106f28b4,0.0,0.0,0.0,0.0,0.6,1.1,0.8,2.3,0.293115
2026-01-03 10:53:34,662a8cc51afb9c00172d2938,0.0,0.0,0.0,0.0,0.6,1.1,0.8,2.3,0.293115
2026-01-03 10:53:34,587654d3b807da0011e33d36,0.0,0.0,0.0,0.0,0.6,1.1,0.8,2.3,0.293115
2026-01-03 10:53:34,5990ffdbbec3b90016d2ad2d,0.0,0.0,0.0,0.0,0.6,1.1,0.8,2.3,0.293115
2026-01-03 10:53:34,5a8259035058170011f6eacf,0.0,0.0,0.0,0.0,0.6,1.1,0.8,2.3,0.3
2026-01-03 10:53:34,63b54cffbfd3d90017ea7ad0,0.0,0.0,0.0,0.0,0.6,1.1,0.8,2.3,0.293115
2026-01-03 10:53:34,589b4644b3bf7600110283ce,0.0,0.0,0.0,0.0,0.6,1.1,0.8,2.3,0.293115
2026-01-03 10:53:34,5d8cd8e2766c880017188958,0.0,0.0,0.0,0.0,0.6,1.1,0.8,2.3,0.293115
2026-01-03 10:53:34,63b54fe4bfd3d90017ea7ca2,0.0,0.0,0.0,0.0,0.6,1.1,0.8,2.3,0.3
2026-01-03 10:53:34,6623ebd76f998a001b25264d,0.0,0.0,0.0,0.0,0.6,1.1,0.8,2.3,0.293115
2026-01-03 10:53:34,5a6086e88576340017d0668a,0.0,0.0,0.0,0.0,0.6,1.1,0.8,2.3,0.293115
2026-01-03 10:53:34,681888b66dfb4b0018f8f58c,0.0,0.0,0.0,0.0,0.6,1.1,0.8,2.3,0.293115
2026-01-03 10:53:34,5b6c15b8ca0577001163fe39,0.0,0.0,0.0,0.0,0.6,1.1,0.8,2.3,0.3
2026-01-03 10:53:34,5d8cd98d766c88001718895a,0.0,0.0,0.0,0.0,0.6,1.1,0.8,2.3,0.293115
2026-01-03 10:53:34,6623ee666f998a001b252726,0.0,0.0,0.0,0.0,0.6,1.1,0.8,2.3,0.293115
2026-01-03 10:53:34,662b84c11afb9c00172dd0b5,0.0,0.0,0.0,0.0,0.6,1.1,0.8,2.3,0.293115
2026-01-03 10:53:34,662b51201afb9c00172d889a,0.0,0.0,0.0,0.0,0.6,1.1,0.8,2.3,0.293115
2026-01-03 10:53:34,56df8198c062921100c143dd,0.0,0.0,0.0,0.0,0.6,1.1,0.8,2.3,0.293115
2026-01-03 10:53:34,56de42f611f398ec0c481282,0.0,0.0,0.0,0.0,0.6,1.1,0.8,2.3,0.293115
2026-01-03 10:53:34,58df4c2bdc195800111e04b7,0.0,0.0,0.0,0.0,0.6,1.1,0.8,2.3,0.3
2026-01-03 10:53:34,6623ea416f998a001b25260a,0.0,0.0,0.0,0.0,0.6,1.1,0.8,2.3,0.293115
2026-01-03 10:53:34,662b872d1afb9c00172dd36a,0.0,0.0,0.0,0.0,0.6,1.1,0.8,2.3,0.293115
2026-01-03 10:53:34,6623e4b06f998a001b2522f1,0.0,0.0,0.0,0.0,0.6,1.1,0.8,2.3,0.293115
2026-01-03 10:53:34,56de42f611f398ec0c48127e,0.0,0.0,0.0,0.0,0.6,1.1,0.8,2.3,0.293115
2026-01-03 10:53:34,595dd3a63dcfc400106f28a7,0.0,0.0,0.0,0.0,0.6,1.1,0.8,2.3,0.293115
2026-01-03 10:53:34,68ede5d4230ee50017d04c24,0.0,0.0,0.0,0.0,0.6,1.1,0.8,2.3,0.293115
2026-01-03 10:53:34,5a8266105058170011f6eadf,0.0,0.0,0.0,0.0,0.6,1.1,0.8,2.3,0.293115
2026-01-03 10:53:34,662b5afe1afb9c00172d9284,0.0,0.0,0.0,0.0,0.6,1.1,0.8,2.3,0.293115
2026-01-03 10:53:34,5a82602c5058170011f6ead9,0.0,0.0,0.0,0.0,0.6,1.1,0.8,2.3,0.293115
2026-01-03 10:53:34,585b2980c3f96200127dc502,0.0,0.0,0.0,0.0,0.6,1.1,0.8,2.3,0.293115
2026-01-03 10:53:34,56de42f611f398ec0c481284,0.0,0.0,0.0,0.0,0.6,1.1,0.8,2.3,0.3
2026-01-03 10:53:34,662b56c51afb9c00172d9071,0.0,0.0,0.0,0.0,0.6,1.1,0.8,2.3,0.293115
2026-01-03 10:53:34,63ae7a08bfd3d90017e8f285,0.0,0.0,0.0,0.0,0.6,1.1,0.8,2.3,0.293115
2026-01-03 10:53:34,662a8b061afb9c00172d27d7,0.0,0.0,0.0,0.0,0.6,1.1,0.8,2.3,0.293115
2026-01-03 10:53:34,587ee7d7b807da0011e33d55,0.0,0.0,0.0,0.0,0.6,1.1,0.8,2.3,0.293115
2026-01-03 10:53:34,5deb576d1dc17d7c5515ad12,0.0,0.0,0.0,0.0,0.6,1.1,0.8,2.3,0.3
2026-01-03 10:53:34,662b51a41afb9c00172d8926,0.0,0.0,0.0,0.0,0.6,1.1,0.8,2.3,0.3
2026-01-03 10:53:34,63ae7893bfd3d90017e8f1e1,0.0,0.0,0.0,0.0,0.6,1.1,0.8,2.3,0.293115
2026-01-03 10:53:34,662a8b9e1afb9c00172d284d,0.0,0.0,0.0,0.0,0.6,1.1,0.8,2.3,0.293115
2026-01-03 10:53:34,5a823ba75058170011f6ea9e,0.0,0.0,0.0,0.0,0.6,1.1,0.8,2.3,0.293115
2026-01-03 10:53:34,681887346dfb4b0018f8f36a,0.0,0.0,0.0,0.0,0.6,1.1,0.8,2.3,0.293115
2026-01-03 10:53:34,662b5a401afb9c00172d91fc,0.0,0.0,0.0,0.0,0.6,1.1,0.8,2.3,0.293115
2026-01-03 10:53:34,56df8544c062921100c143e6,0.0,0.0,0.0,0.0,0.6,1.1,0.8,2.3,0.293115
2026-01-03 10:53:34,595ddb493dcfc400106f28b6,0.0,0.0,0.0,0.0,0.6,1.1,0.8,2.3,0.3
2026-01-03 10:53:34,66b1c1f2779f740018673f0d,0.0,0.0,0.0,0.0,0.6,1.1,0.8,2.3,0.293115
2026-01-03 10:53:34,589b4379b3bf7600110283c9,0.0,0.0,0.0,0.0,0.6,1.1,0.8,2.3,0.293115
2026-01-03 10:53:34,5a60604f8576340017d0660b,0.0,0.0,0.0,0.0,0.6,1.1,0.8,2.3,0.293115
2026-01-03 10:53:34,5d8cd9cb766c88001718895c,0.0,0.0,0.0,0.0,0.6,1.1,0.8,2.3,0.293115
2026-01-03 10:53:34,6623e6b86f998a001b2523b8,0.0,0.0,0.0,0.0,0.6,1.1,0.8,2.3,0.293115
2026-01-03 10:53:34,5a8256315058170011f6eac9,0.0,0.0,0.0,0.0,0.6,1.1,0.8,2.3,0.293115
2026-01-03 10:53:34,5ad064b498d8fc001102e26f,0.0,0.0,0.0,0.0,0.6,1.1,0.8,2.3,0.293115
2026-01-03 10:53:34,58af8d68bd82540010390c2e,0.0,0.0,0.0,0.0,0.6,1.1,0.8,2.3,0.293115
2026-01-03 10:53:34,65e0552f6b18080018db6647,0.0,0.0,0.0,0.0,0.6,1.1,0.8,2.3,0.293115
2026-01-03 10:53:34,595da7783dcfc400106f2888,0.0,0.0,0.0,0.0,0.6,1.1,0.8,2.3,0.293115
2026-01-03 10:53:34,662a8e121afb9c00172d2a3f,0.0,0.0,0.0,0.0,0.6,1.1,0.8,2.3,0.293115
2026-01-03 10:53:34,662b5be91afb9c00172d939b,0.0,0.0,0.0,0.0,0.6,1.1,0.8,2.3,0.293115
2026-01-03 10:53:34,5b728aafca0577001163ff7e,0.0,0.0,0.0,0.0,0.6,1.1,0.8,2.3,0.3
2026-01-03 10:53:34,6818901a6dfb4b0018f9058a,0.0,0.0,0.0,0.0,0.6,1.1,0.8,2.3,0.293115
2026-01-03 10:53:34,63ae7966bfd3d90017e8f240,0.0,0.0,0.0,0.0,0.6,1.1,0.8,2.3,0.3
2026-01-03 10:53:34,5a607fa38576340017d06671,0.0,0.0,0.0,0.0,0.6,1.1,0.8,2.3,0.293115
2026-01-03 10:53:34,662b87551afb9c00172dd43a,0.0,0.0,0.0,0.0,0.6,1.1,0.8,2.3,0.293115
2026-01-03 10:53:34,5deb576d1dc17d7c5515ad21,0.0,0.0,0.0,0.0,0.6,1.1,0.8,2.3,0.293115
2026-01-03 10:53:34,68188bf46dfb4b0018f8ff12,0.0,0.0,0.0,0.0,0.6,1.1,0.8,2.3,0.293115
2026-01-03 10:53:34,68a589a54e89b100173b6267,0.0,0.0,0.0,0.0,0.6,1.1,0.8,2.3,0.293115
2026-01-03 10:53:34,56de42f611f398ec0c481289,0.0,0.0,0.0,0.0,0.6,1.1,0.8,2.3,0.293115
2026-01-03 10:53:34,58ad69c4bd82540010390be7,0.0,0.0,0.0,0.0,0.6,1.1,0.8,2.3,0.293115
2026-01-03 10:53:34,6623f5876f998a001b25291a,0.0,0.0,0.0,0.0,0.6,1.1,0.8,2.3,0.293115
2026-01-03 10:53:34,6623e2e16f998a001b252233,0.0,0.0,0.0,0.0,0.6,1.1,0.8,2.3,0.293115
2026-01-03 10:53:34,63b54898bfd3d90017ea77ae,0.0,0.0,0.0,0.0,0.6,1.1,0.8,2.3,0.293115
2026-01-03 10:53:34,63b549b8bfd3d90017ea782c,0.0,0.0,0.0,0.0,0.6,1.1,0.8,2.3,0.293115
2026-01-03 10:53:34,662b5b271afb9c00172d9296,0.0,0.0,0.0,0.0,0.6,1.1,0.8,2.3,0.293115
2026-01-03 10:53:34,662a87df1afb9c00172d2522,0.0,0.0,0.0,0.0,0.6,1.1,0.8,2.3,0.293115
2026-01-03 10:53:34,68ede60a230ee50017d04c69,0.0,0.0,0.0,0.0,0.6,1.1,0.8,2.3,0.293115
2026-01-03 10:53:34,5a823bd55058170011f6eaa0,0.0,0.0,0.0,0.0,0.6,1.1,0.8,2.3,0.293115
2026-01-03 10:53:34,5a6085688576340017d06684,0.0,0.0,0.0,0.0,0.6,1.1,0.8,2.3,0.293115
2026-01-03 10:53:34,595dd7693dcfc400106f28b0,0.0,0.0,0.0,0.0,0.6,1.1,0.8,2.3,0.293115
2026-01-03 10:53:34,6623e88c6f998a001b25248b,0.0,0.0,0.0,0.0,0.6,1.1,0.8,2.3,0.293115
2026-01-03 10:53:34,63b54996bfd3d90017ea781a,0.0,0.0,0.0,0.0,0.6,1.1,0.8,2.3,0.293115
2026-01-03 10:53:34,56de42f611f398ec0c481283,0.0,0.0,0.0,0.0,0.6,1.1,0.8,2.3,0.293115
2026-01-03 10:53:34,5d8cdcf0766c880017188972,0.0,0.0,0.0,0.0,0.6,1.1,0.8,2.3,0.293115
2026-01-03 10:53:34,67e217643215f90017863b73,0.0,0.0,0.0,0.0,0.6,1.1,0.8,2.3,0.293115
2026-01-03 10:53:34,662b57ec1afb9c00172d90e3,0.0,0.0,0.0,0.0,0.6,1.1,0.8,2.3,0.3
2026-01-03 10:53:34,662b50571afb9c00172d87df,0.0,0.0,0.0,0.0,0.6,1.1,0.8,2.3,0.293115
2026-01-03 10:53:34,56df8274c062921100c143df,0.0,0.0,0.0,0.0,0.6,1.1,0.8,2.3,0.293115
2026-01-03 10:53:34,662b52131afb9c00172d8a23,0.0,0.0,0.0,0.0,0.6,1.1,0.8,2.3,0.3
2026-01-03 10:53:34,68188b786dfb4b0018f8face,0.0,0.0,0.0,0.0,0.6,1.1,0.8,2.3,0.293115
2026-01-03 10:53:34,5a6061fd8576340017d06613,0.0,0.0,0.0,0.0,0.6,1.1,0.8,2.3,0.293115
2026-01-03 10:53:34,6623f0246f998a001b252797,0.0,0.0,0.0,0.0,0.6,1.1,0.8,2.3,0.293115
2026-01-03 10:53:34,595da7d93dcfc400106f288a,0.0,0.0,0.0,0.0,0.6,1.1,0.8,2.3,0.293115
2026-01-03 10:53:34,66b1c311779f740018674083,0.0,0.0,0.0,0.0,0.6,1.1,0.8,2.3,0.293115
2026-01-03 10:53:34,68ae7f327d735d00173c74e4,0.0,0.0,0.0,0.0,0.6,1.1,0.8,2.3,0.293115
2026-01-03 10:53:34,59ca30fd02eb490011a0a406,0.0,0.0,0.0,0.0,0.6,1.1,0.8,2.3,0.293115
2026-01-03 10:53:34,662a8cfe1afb9c00172d296e,0.0,0.0,0.0,0.0,0.6,1.1,0.8,2.3,0.293115
2026-01-03 10:53:34,589b39d9b3bf7600110283c1,0.0,0.0,0.0,0.0,0.6,1.1,0.8,2.3,0.293115
2026-01-03 10:53:34,5d8cd326766c88001718893e,0.0,0.0,0.0,0.0,0.6,1.1,0.8,2.3,0.293115
2026-01-03 10:53:34,587461c1b807da0011e33cc8,0.0,0.0,0.0,0.0,0.6,1.1,0.8,2.3,0.293115
2026-01-03 10:53:34,63ae76afbfd3d90017e8f106,0.0,0.0,0.0,0.0,0.6,1.1,0.8,2.3,0.293115
2026-01-03 10:53:34,63b661a3bfd3d90017eaa520,0.0,0.0,0.0,0.0,0.6,1.1,0.8,2.3,0.293115
2026-01-03 10:53:34,583f926761cfea0012cf68f1,0.0,0.0,0.0,0.0,0.6,1.1,0.8,2.3,0.293115
2026-01-03 10:53:34,6878bab06145d3001ba517f7,0.0,0.0,0.0,0.0,0.6,1.1,0.8,2.3,0.293115
2026-01-03 10:53:34,56df81d8c062921100c143de,0.0,0.0,0.0,0.0,0.6,1.1,0.8,2.3,0.293115
2026-01-03 10:53:34,63ae73cebfd3d90017e8f00d,0.0,0.0,0.0,0.0,0.6,1.1,0.8,2.3,0.293115
2026-01-03 10:53:34,662a8a661afb9c00172d2762,0.0,0.0,0.0,0.0,0.6,1.1,0.8,2.3,0.293115
2026-01-03 10:53:34,6623e7526f998a001b252407,0.0,0.0,0.0,0.0,0.6,1.1,0.8,2.3,0.293115
2026-01-03 10:53:34,5a6084898576340017d06680,0.0,0.0,0.0,0.0,0.6,1.1,0.8,2.3,0.293115
2026-01-03 10:53:34,56de42f611f398ec0c48129b,0.0,0.0,0.0,0.0,0.6,1.1,0.8,2.3,0.293115
2026-01-03 10:53:34,586e2492f9fab7001111b0ab,0.0,0.0,0.0,0.0,0.6,1.1,0.8,2.3,0.293115
2026-01-03 10:53:34,68edd621230ee50017d031c5,0.0,0.0,0.0,0.0,0.6,1.1,0.8,2.3,0.293115
2026-01-03 10:53:34,68ede0cf230ee50017d04657,0.0,0.0,0.0,0.0,0.6,1.1,0.8,2.3,0.293115
2026-01-03 10:53:34,662b571d1afb9c00172d9083,0.0,0.0,0.0,0.0,0.6,1.1,0.8,2.3,0.3
2026-01-03 10:53:34,587479b1b807da0011e33cf9,0.0,0.0,0.0,0.0,0.6,1.1,0.8,2.3,0.293115
2026-01-03 10:53:34,62da3e620637a10017d70720,0.0,0.0,0.0,0.0,0.6,1.1,0.8,2.3,0.3
2026-01-03 10:53:34,63b54909bfd3d90017ea77e4,0.0,0.0,0.0,0.0,0.6,1.1,0.8,2.3,0.293115
2026-01-03 10:53:34,595ddbbf3dcfc400106f28b8,0.0,0.0,0.0,0.0,0.6,1.1,0.8,2.3,0.293115
2026-01-03 10:53:34,5d9de43b766c880017188cb6,0.0,0.0,0.0,0.0,0.6,1.1,0.8,2.3,0.293115
2026-01-03 10:53:34,5a8250cc5058170011f6eaba,0.0,0.0,0.0,0.0,0.6,1.1,0.8,2.3,0.3
2026-01-03 10:53:34,6818868b6dfb4b0018f8f298,0.0,0.0,0.0,0.0,0.6,1.1,0.8,2.3,0.293115
2026-01-03 10:53:34,5b0b7e1c0e517b00119fd80b,0.0,0.0,0.0,0.0,0.6,1.1,0.8,2.3,0.3
2026-01-03 10:53:34,56de42f611f398ec0c48129a,0.0,0.0,0.0,0.0,0.6,1.1,0.8,2.3,0.293115
2026-01-03 10:53:34,662b57711afb9c00172d90a7,0.0,0.0,0.0,0.0,0.6,1.1,0.8,2.3,0.293115
2026-01-03 10:53:34,63b54968bfd3d90017ea7808,0.0,0.0,0.0,0.0,0.6,1.1,0.8,2.3,0.293115
2026-01-03 10:53:34,56de42f611f398ec0c48127f,0.0,0.0,0.0,0.0,0.6,1.1,0.8,2.3,0.293115
2026-01-03 10:53:34,58df5016dc195800111e04bd,0.0,0.0,0.0,0.0,0.6,1.1,0.8,2.3,0.293115
2026-01-03 10:53:34,681887836dfb4b0018f8f3d1,0.0,0.0,0.0,0.0,0.6,1.1,0.8,2.3,0.293115
2026-01-03 10:53:34,681884726dfb4b0018f8f035,0.0,0.0,0.0,0.0,0.6,1.1,0.8,2.3,0.293115
2026-01-03 10:53:34,5d8cdac3766c880017188962,0.0,0.0,0.0,0.0,0.6,1.1,0.8,2.3,0.293115
2026-01-03 10:53:34,587ef5dfb807da0011e33d59,0.0,0.0,0.0,0.0,0.6,1.1,0.8,2.3,0.293115
2026-01-03 10:53:34,68fae32b6b936b001721878b,0.0,0.0,0.0,0.0,0.6,1.1,0.8,2.3,0.293115
2026-01-03 10:53:34,595dc2f03dcfc400106f2896,0.0,0.0,0.0,0.0,0.6,1.1,0.8,2.3,0.293115
2026-01-03 10:53:34,662b85f51afb9c00172dd1c2,0.0,0.0,0.0,0.0,0.6,1.1,0.8,2.3,0.293115
2026-01-03 10:53:34,692293f044912200174bc856,0.0,0.0,0.0,0.0,0.6,1.1,0.8,2.3,0.293115
2026-01-03 10:53:34,68a588c04e89b100173b616b,0.0,0.0,0.0,0.0,0.6,1.1,0.8,2.3,0.293115
2026-01-03 10:53:34,5d8cdbdc766c88001718896a,0.0,0.0,0.0,0.0,0.6,1.1,0.8,2.3,0.293115
2026-01-03 10:53:34,63b54d5abfd3d90017ea7afe,0.0,0.0,0.0,0.0,0.6,1.1,0.8,2.3,0.293115
2026-01-03 10:53:34,5deb576d1dc17d7c5515ad13,0.0,0.0,0.0,0.0,0.6,1.1,0.8,2.3,0.293115
2026-01-03 10:53:34,662b862a1afb9c00172dd1ff,0.0,0.0,0.0,0.0,0.6,1.1,0.8,2.3,0.293115
2026-01-03 10:53:34,5deb576d1dc17d7c5515acf2,0.0,0.0,0.0,0.0,0.6,1.1,0.8,2.3,0.293115
2026-01-03 10:53:34,5a824e465058170011f6eab4,0.0,0.0,0.0,0.0,0.6,1.1,0.8,2.3,0.293115
2026-01-03 10:53:34,662b57471afb9c00172d9095,0.0,0.0,0.0,0.0,0.6,1.1,0.8,2.3,0.293115
2026-01-03 10:53:34,56de42f611f398ec0c481291,0.0,0.0,0.0,0.0,0.6,1.1,0.8,2.3,0.293115
2026-01-03 10:53:34,584e71cb61cfea0012cf694b,0.0,0.0,0.0,0.0,0.6,1.1,0.8,2.3,0.3
2026-01-03 10:53:34,595f874d3dcfc400106f28ec,0.0,0.0,0.0,0.0,0.6,1.1,0.8,2.3,0.293115
2026-01-03 10:53:34,5b19d34faf4ff60011d6ea52,0.0,0.0,0.0,0.0,0.6,1.1,0.8,2.3,0.293115
2026-01-03 10:53:34,63b3c9bfbfd3d90017e9b039,0.0,0.0,0.0,0.0,0.6,1.1,0.8,2.3,0.293115
2026-01-03 10:53:34,5deb576d1dc17d7c5515acf4,0.0,0.0,0.0,0.0,0.6,1.1,0.8,2.3,0.3
2026-01-03 10:53:34,6922944044912200174bc883,0.0,0.0,0.0,0.0,0.6,1.1,0.8,2.3,0.293115
2026-01-03 10:53:34,58af99abbd82540010390c39,0.0,0.0,0.0,0.0,0.6,1.1,0.8,2.3,0.293115
2026-01-03 10:53:34,68a5894a4e89b100173b6202,0.0,0.0,0.0,0.0,0.6,1.1,0.8,2.3,0.293115
2026-01-03 10:53:34,6623ecc16f998a001b25269e,0.0,0.0,0.0,0.0,0.6,1.1,0.8,2.3,0.293115
2026-01-03 10:53:34,6623e3ea6f998a001b2522ae,0.0,0.0,0.0,0.0,0.6,1.1,0.8,2.3,0.293115
2026-01-03 10:53:34,662b7d0c1afb9c00172dc6a6,0.0,0.0,0.0,0.0,0.6,1.1,0.8,2.3,0.293115
2026-01-03 10:53:34,662b54bb1afb9c00172d8dbb,0.0,0.0,0.0,0.0,0.6,1.1,0.8,2.3,0.293115
2026-01-03 10:53:34,662b58bd1afb9c00172d9119,0.0,0.0,0.0,0.0,0.6,1.1,0.8,2.3,0.293115
2026-01-03 10:53:34,595f86c43dcfc400106f28ea,0.0,0.0,0.0,0.0,0.6,1.1,0.8,2.3,0.293115
2026-01-03 10:53:34,59ca321b02eb490011a0a40d,0.0,0.0,0.0,0.0,0.6,1.1,0.8,2.3,0.293115
2026-01-03 10:53:34,5a82439f5058170011f6eaa9,0.0,0.0,0.0,0.0,0.6,1.1,0.8,2.3,0.293115
2026-01-03 10:53:34,6623e5d66f998a001b25235a,0.0,0.0,0.0,0.0,0.6,1.1,0.8,2.3,0.293115
2026-01-03 10:53:34,58d7c20ac1e33c00112b321c,0.0,0.0,0.0,0.0,0.6,1.1,0.8,2.3,0.293115
2026-01-03 10:53:34,589d0b74b3bf7600110283d4,0.0,0.0,0.0,0.0,0.6,1.1,0.8,2.3,0.293115
2026-01-03 10:53:34,56df807bc062921100c143da,0.0,0.0,0.0,0.0,0.6,1.1,0.8,2.3,0.293115
2026-01-03 10:53:34,662b82a61afb9c00172dcdfd,0.0,0.0,0.0,0.0,0.6,1.1,0.8,2.3,0.293115
2026-01-03 10:53:34,586e266ef9fab7001111b0b0,0.0,0.0,0.0,0.0,0.6,1.1,0.8,2.3,0.293115
2026-01-03 10:53:34,63ae7a74bfd3d90017e8f2c7,0.0,0.0,0.0,0.0,0.6,1.1,0.8,2.3,0.293115
2026-01-03 10:53:34,59d3414302eb490011a0a610,0.0,0.0,0.0,0.0,0.6,1.1,0.8,2.3,0.293115
2026-01-03 10:53:34,6623e9e96f998a001b2525ce,0.0,0.0,0.0,0.0,0.6,1.1,0.8,2.3,0.293115
2026-01-03 10:53:34,63ae7a9cbfd3d90017e8f303,0.0,0.0,0.0,0.0,0.6,1.1,0.8,2.3,0.293115
2026-01-03 10:53:34,5a6085188576340017d06682,0.0,0.0,0.0,0.0,0.6,1.1,0.8,2.3,0.3
2026-01-03 10:53:34,56de42f611f398ec0c481286,0.0,0.0,0.0,0.0,0.6,1.1,0.8,2.3,0.293115
2026-01-03 10:53:34,6623f14b6f998a001b2527f0,0.0,0.0,0.0,0.0,0.6,1.1,0.8,2.3,0.293115
2026-01-03 10:53:34,662b4f411afb9c00172d86fc,0.0,0.0,0.0,0.0,0.6,1.1,0.8,2.3,0.293115
2026-01-03 10:53:34,6792f9c88c5ed4001b27fb3d,0.0,0.0,0.0,0.0,0.6,1.1,0.8,2.3,0.293115
2026-01-03 10:53:34,662b843d1afb9c00172dd02d,0.0,0.0,0.0,0.0,0.6,1.1,0.8,2.3,0.293115
2026-01-03 10:53:34,595d9b3b3dcfc400106f287e,0.0,0.0,0.0,0.0,0.6,1.1,0.8,2.3,0.293115
2026-01-03 10:53:34,5deb576d1dc17d7c5515ad0b,0.0,0.0,0.0,0.0,0.6,1.1,0.8,2.3,0.293115
2026-01-03 10:53:34,5a6087858576340017d0668e,0.0,0.0,0.0,0.0,0.6,1.1,0.8,2.3,0.293115
2026-01-03 10:53:34,662b4e581afb9c00172d862f,0.0,0.0,0.0,0.0,0.6,1.1,0.8,2.3,0.293115
2026-01-03 10:53:34,587464e2b807da0011e33cd9,0.0,0.0,0.0,0.0,0.6,1.1,0.8,2.3,0.293115
2026-01-03 10:53:34,58afdbaebd82540010390c48,0.0,0.0,0.0,0.0,0.6,1.1,0.8,2.3,0.293115
2026-01-03 10:53:34,63b54c51bfd3d90017ea7aa0,0.0,0.0,0.0,0.0,0.6,1.1,0.8,2.3,0.293115
2026-01-03 10:53:34,58ad6214bd82540010390be2,0.0,0.0,0.0,0.0,0.6,1.1,0.8,2.3,0.293115
2026-01-03 10:53:34,5deb576d1dc17d7c5515ad09,0.0,0.0,0.0,0.0,0.6,1.1,0.8,2.3,0.293115
2026-01-03 10:53:34,58af8a0bbd82540010390c25,0.0,0.0,0.0,0.0,0.6,1.1,0.8,2.3,0.293115
2026-01-03 10:53:34,5b0b74280e517b00119fd7f9,0.0,0.0,0.0,0.0,0.6,1.1,0.8,2.3,0.3
2026-01-03 10:53:34,587ef859b807da0011e33d5b,0.0,0.0,0.0,0.0,0.6,1.1,0.8,2.3,0.293115
2026-01-03 10:53:34,58744e97b807da0011e33cb9,0.0,0.0,0.0,0.0,0.6,1.1,0.8,2.3,0.293115
2026-01-03 10:53:34,692293c644912200174bc83b,0.0,0.0,0.0,0.0,0.6,1.1,0.8,2.3,0.293115
2026-01-03 10:53:34,63b54a48bfd3d90017ea7850,0.0,0.0,0.0,0.0,0.6,1.1,0.8,2.3,0.293115
2026-01-03 10:53:34,58c2717ed56e930010a39ac0,0.0,0.0,0.0,0.0,0.6,1.1,0.8,2.3,0.293115
2026-01-03 10:53:34,58afcd9bbd82540010390c41,0.0,0.0,0.0,0.0,0.6,1.1,0.8,2.3,0.293115
2026-01-03 10:53:34,63b54a9ebfd3d90017ea7911,0.0,0.0,0.0,0.0,0.6,1.1,0.8,2.3,0.293115
2026-01-03 10:53:34,5bbc7163ca0577001164127f,0.0,0.0,0.0,0.0,0.6,1.1,0.8,2.3,0.293115
2026-01-03 10:53:34,6623f3d66f998a001b252890,0.0,0.0,0.0,0.0,0.6,1.1,0.8,2.3,0.293115
2026-01-03 10:53:34,5b6005b6fd4edb0019c7db25,0.0,0.0,0.0,0.0,0.6,1.1,0.8,2.3,0.293115
2026-01-03 10:53:34,662a902a1afb9c00172d2bed,0.0,0.0,0.0,0.0,0.6,1.1,0.8,2.3,0.293115
2026-01-03 10:53:34,662b85481afb9c00172dd0f1,0.0,0.0,0.0,0.0,0.6,1.1,0.8,2.3,0.293115
2026-01-03 10:53:34,6623ef2b6f998a001b252753,0.0,0.0,0.0,0.0,0.6,1.1,0.8,2.3,0.293115
2026-01-03 10:53:34,66b1c4e7779f7400186741e4,0.0,0.0,0.0,0.0,0.6,1.1,0.8,2.3,0.293115
2026-01-03 10:53:34,56de42f611f398ec0c48129c,0.0,0.0,0.0,0.0,0.6,1.1,0.8,2.3,0.293115
2026-01-03 10:53:34,587c8661b807da0011e33d43,0.0,0.0,0.0,0.0,0.6,1.1,0.8,2.3,0.3
2026-01-03 10:53:34,5b632a79fd4edb0019c7dc0f,0.0,0.0,0.0,0.0,0.6,1.1,0.8,2.3,0.3
2026-01-03 10:53:34,662a87a41afb9c00172d24e9,0.0,0.0,0.0,0.0,0.6,1.1,0.8,2.3,0.293115
2026-01-03 10:53:34,595dd4133dcfc400106f28a9,0.0,0.0,0.0,0.0,0.6,1.1,0.8,2.3,0.293115
2026-01-03 10:53:34,662b5b8c1afb9c00172d92ca,0.0,0.0,0.0,0.0,0.6,1.1,0.8,2.3,0.293115
2026-01-03 10:53:34,5d8cd7bb766c880017188952,0.0,0.0,0.0,0.0,0.6,1.1,0.8,2.3,0.3
2026-01-03 10:53:34,56df857fc062921100c143e7,0.0,0.0,0.0,0.0,0.6,1.1,0.8,2.3,0.3
2026-01-03 10:53:34,63ae75debfd3d90017e8f082,0.0,0.0,0.0,0.0,0.6,1.1,0.8,2.3,0.293115
2026-01-03 10:53:34,6623eb466f998a001b252632,0.0,0.0,0.0,0.0,0.6,1.1,0.8,2.3,0.293115
2026-01-03 10:53:34,5a824dc05058170011f6eab2,0.0,0.0,0.0,0.0,0.6,1.1,0.8,2.3,0.293115
2026-01-03 10:53:34,5d8cd49f766c880017188944,0.0,0.0,0.0,0.0,0.6,1.1,0.8,2.3,0.3
2026-01-03 10:53:34,5a606c078576340017d06624,0.0,0.0,0.0,0.0,0.6,1.1,0.8,2.3,0.293115
2026-01-03 10:53:34,5deb576d1dc17d7c5515acf3,0.0,0.0,0.0,0.0,0.6,1.1,0.8,2.3,0.293115
2026-01-03 10:53:34,5a8254b05058170011f6eac3,0.0,0.0,0.0,0.0,0.6,1.1,0.8,2.3,0.293115
2026-01-03 10:53:34,662b50c11afb9c00172d8843,0.0,0.0,0.0,0.0,0.6,1.1,0.8,2.3,0.293115
2026-01-03 10:53:34,6623f51a6f998a001b252900,0.0,0.0,0.0,0.0,0.6,1.1,0.8,2.3,0.293115
2026-01-03 10:53:34,5deb576d1dc17d7c5515ad1b,0.0,0.0,0.0,0.0,0.6,1.1,0.8,2.3,0.3
2026-01-03 10:53:34,58744e3eb807da0011e33cb7,0.0,0.0,0.0,0.0,0.6,1.1,0.8,2.3,0.293115
2026-01-03 10:53:34,58744dd9b807da0011e33cb5,0.0,0.0,0.0,0.0,0.6,1.1,0.8,2.3,0.293115
2026-01-03 10:53:34,56df8416c062921100c143e4,0.0,0.0,0.0,0.0,0.6,1.1,0.8,2.3,0.3
2026-01-03 10:53:34,681883b46dfb4b0018f8ef39,0.0,0.0,0.0,0.0,0.6,1.1,0.8,2.3,0.293115
2026-01-03 10:53:34,58af8b69bd82540010390c28,0.0,0.0,0.0,0.0,0.6,1.1,0.8,2.3,0.293115
2026-01-03 10:53:34,6623e3a26f998a001b252291,0.0,0.0,0.0,0.0,0.6,1.1,0.8,2.3,0.293115
2026-01-03 10:53:34,589b3ceeb3bf7600110283c3,0.0,0.0,0.0,0.0,0.6,1.1,0.8,2.3,0.293115
2026-01-03 10:53:34,595dcab53dcfc400106f289d,0.0,0.0,0.0,0.0,0.6,1.1,0.8,2.3,0.293115
2026-01-03 10:53:34,662a89211afb9c00172d2636,0.0,0.0,0.0,0.0,0.6,1.1,0.8,2.3,0.293115
2026-01-03 10:53:34,5deb576d1dc17d7c5515ad05,0.0,0.0,0.0,0.0,0.6,1.1,0.8,2.3,0.293115
2026-01-03 10:53:34,595dd4f43dcfc400106f28ab,0.0,0.0,0.0,0.0,0.6,1.1,0.8,2.3,0.293115
2026-01-03 10:53:34,6792ef4f8c5ed4001b27f2c0,0.0,0.0,0.0,0.0,0.6,1.1,0.8,2.3,0.293115
2026-01-03 10:53:34,662b84771afb9c00172dd076,0.0,0.0,0.0,0.0,0.6,1.1,0.8,2.3,0.293115
2026-01-03 10:53:34,6623f0b46f998a001b2527c3,0.0,0.0,0.0,0.0,0.6,1.1,0.8,2.3,0.293115
2026-01-03 10:53:34,6922928544912200174bc755,0.0,0.0,0.0,0.0,0.6,1.1,0.8,2.3,0.293115
2026-01-03 10:53:34,665861d864f11e00173c73a9,0.0,0.0,0.0,0.0,0.6,1.1,0.8,2.3,0.293115
2026-01-03 10:53:34,5a607f078576340017d0666f,0.0,0.0,0.0,0.0,0.6,1.1,0.8,2.3,0.293115
2026-01-03 10:53:34,68ede112230ee50017d046a6,0.0,0.0,0.0,0.0,0.6,1.1,0.8,2.3,0.293115
2026-01-03 10:53:34,5a824ee15058170011f6eab6,0.0,0.0,0.0,0.0,0.6,1.1,0.8,2.3,0.293115
2026-01-03 10:53:34,6623ed396f998a001b2526b8,0.0,0.0,0.0,0.0,0.6,1.1,0.8,2.3,0.293115
2026-01-03 10:53:34,5b632b60fd4edb0019c7dc12,0.0,0.0,0.0,0.0,0.6,1.1,0.8,2.3,0.3
2026-01-03 10:53:34,587c8d97b807da0011e33d49,0.0,0.0,0.0,0.0,0.6,1.1,0.8,2.3,0.293115
2026-01-03 10:53:34,59414c883dcfc400106f260b,0.0,0.0,0.0,0.0,0.6,1.1,0.8,2.3,0.293115
2026-01-03 10:53:34,56df82d4c062921100c143e0,0.0,0.0,0.0,0.0,0.6,1.1,0.8,2.3,0.293115
2026-01-03 10:53:34,6792f1008c5ed4001b27f41f,0.0,0.0,0.0,0.0,0.6,1.1,0.8,2.3,0.293115
2026-01-03 10:53:34,58affc6017139d0010f35cc8,0.0,0.0,0.0,0.0,0.6,1.1,0.8,2.3,0.293115
2026-01-03 10:53:34,587463bab807da0011e33cd3,0.0,0.0,0.0,0.0,0.6,1.1,0.8,2.3,0.293115
2026-01-03 10:53:34,5deb576d1dc17d7c5515ad1c,0.0,0.0,0.0,0.0,0.6,1.1,0.8,2.3,0.293115
2026-01-03 10:53:34,56de42f611f398ec0c481287,0.0,0.0,0.0,0.0,0.6,1.1,0.8,2.3,0.293115
2026-01-03 10:53:34,662b5c981afb9c00172d94c0,0.0,0.0,0.0,0.0,0.6,1.1,0.8,2.3,0.293115
2026-01-03 10:53:34,662a861e1afb9c00172d23ad,0.0,0.0,0.0,0.0,0.6,1.1,0.8,2.3,0.293115
2026-01-03 10:53:34,662b5a9c1afb9c00172d9240,0.0,0.0,0.0,0.0,0.6,1.1,0.8,2.3,0.293115
2026-01-03 10:53:34,662a88a01afb9c00172d25d1,0.0,0.0,0.0,0.0,0.6,1.1,0.8,2.3,0.293115
2026-01-03 10:53:34,68a587fc4e89b100173b6054,0.0,0.0,0.0,0.0,0.6,1.1,0.8,2.3,0.293115
2026-01-03 10:53:34,662b4e201afb9c00172d85f9,0.0,0.0,0.0,0.0,0.6,1.1,0.8,2.3,0.293115
2026-01-03 10:53:34,5d8cdb4b766c880017188966,0.0,0.0,0.0,0.0,0.6,1.1,0.8,2.3,0.293115
2026-01-03 10:53:34,58b57a6c17139d0010f35d65,0.0,0.0,0.0,0.0,0.6,1.1,0.8,2.3,0.3
2026-01-03 10:53:34,62da3e390637a10017d706ff,0.0,0.0,0.0,0.0,0.6,1.1,0.8,2.3,0.293115
2026-01-03 10:53:34,5deb576d1dc17d7c5515ad10,0.0,0.0,0.0,0.0,0.6,1.1,0.8,2.3,0.293115
2026-01-03 10:53:34,66b1c4a2779f74001867418c,0.0,0.0,0.0,0.0,0.6,1.1,0.8,2.3,0.293115
2026-01-03 10:53:34,631813ebc9eae60017a196b0,0.0,0.0,0.0,0.0,0.6,1.1,0.8,2.3,0.293115
2026-01-03 10:53:34,68188cfa6dfb4b0018f9013c,0.0,0.0,0.0,0.0,0.6,1.1,0.8,2.3,0.293115
2026-01-03 10:53:34,587475abb807da0011e33cea,0.0,0.0,0.0,0.0,0.6,1.1,0.8,2.3,0.293115
2026-01-03 10:53:34,5deb576d1dc17d7c5515ad0e,0.0,0.0,0.0,0.0,0.6,1.1,0.8,2.3,0.293115
2026-01-03 10:53:34,68ede227230ee50017d0480b,0.0,0.0,0.0,0.0,0.6,1.1,0.8,2.3,0.293115
2026-01-03 10:53:34,5deb576d1dc17d7c5515ad11,0.0,0.0,0.0,0.0,0.6,1.1,0.8,2.3,0.293115
2026-01-03 10:53:34,68ede25b230ee50017d0484d,0.0,0.0,0.0,0.0,0.6,1.1,0.8,2.3,0.293115
2026-01-03 10:53:34,587478d8b807da0011e33cf3,0.0,0.0,0.0,0.0,0.6,1.1,0.8,2.3,0.293115
2026-01-03 10:53:34,5deb576d1dc17d7c5515acf8,0.0,0.0,0.0,0.0,0.6,1.1,0.8,2.3,0.293115
2026-01-03 10:53:34,591c6833a6bfb500119400a3,0.0,0.0,0.0,0.0,0.6,1.1,0.8,2.3,0.293115
2026-01-03 10:53:34,63ae7938bfd3d90017e8f226,0.0,0.0,0.0,0.0,0.6,1.1,0.8,2.3,0.293115
2026-01-03 10:53:34,63b664edbfd3d90017eaaa24,0.0,0.0,0.0,0.0,0.6,1.1,0.8,2.3,0.293115
2026-01-03 10:53:34,56df83d8c062921100c143e3,0.0,0.0,0.0,0.0,0.6,1.1,0.8,2.3,0.293115
2026-01-03 10:53:34,6623e5776f998a001b252337,0.0,0.0,0.0,0.0,0.6,1.1,0.8,2.3,0.293115
2026-01-03 10:53:34,59ca308302eb490011a0a403,0.0,0.0,0.0,0.0,0.6,1.1,0.8,2.3,0.293115
2026-01-03 10:53:34,5deb576d1dc17d7c5515acfd,0.0,0.0,0.0,0.0,0.6,1.1,0.8,2.3,0.293115
2026-01-03 10:53:34,56df8159c062921100c143dc,0.0,0.0,0.0,0.0,0.6,1.1,0.8,2.3,0.293115
2026-01-03 10:53:34,587ef2e4b807da0011e33d57,0.0,0.0,0.0,0.0,0.6,1.1,0.8,2.3,0.293115
2026-01-03 10:53:34,589b3f7db3bf7600110283c6,0.0,0.0,0.0,0.0,0.6,1.1,0.8,2.3,0.293115
2026-01-03 10:53:34,68188c876dfb4b0018f9007b,0.0,0.0,0.0,0.0,0.6,1.1,0.8,2.3,0.293115
2026-01-03 10:53:34,6623e6706f998a001b25239b,0.0,0.0,0.0,0.0,0.6,1.1,0.8,2.3,0.293115
2026-01-03 10:53:34,662b86551afb9c00172dd227,0.0,0.0,0.0,0.0,0.6,1.1,0.8,2.3,0.293115
2026-01-03 10:53:34,662a88521afb9c00172d2592,0.0,0.0,0.0,0.0,0.6,1.1,0.8,2.3,0.293115
2026-01-03 10:53:34,649da77ea6068200171a6dd4,0.0,0.0,0.0,0.0,0.6,1.1,0.8,2.3,0.293115
2026-01-03 10:53:34,63b3c59fbfd3d90017e9ace8,0.0,0.0,0.0,0.0,0.6,1.1,0.8,2.3,0.293115
2026-01-03 10:53:34,58b5510817139d0010f35d4e,0.0,0.0,0.0,0.0,0.6,1.1,0.8,2.3,0.293115
2026-01-03 10:53:34,5a824c905058170011f6eab0,0.0,0.0,0.0,0.0,0.6,1.1,0.8,2.3,0.293115
2026-01-03 10:53:34,5deb576d1dc17d7c5515ad16,0.0,0.0,0.0,0.0,0.6,1.1,0.8,2.3,0.293115
2026-01-03 10:53:34,63ae7c73bfd3d90017e8f3ed,0.0,0.0,0.0,0.0,0.6,1.1,0.8,2.3,0.293115
2026-01-03 10:53:34,586e1d4ef9fab7001111b0a2,0.0,0.0,0.0,0.0,0.6,1.1,0.8,2.3,0.293115
2026-01-03 10:53:34,63195512c9eae60017a1c279,0.0,0.0,0.0,0.0,0.6,1.1,0.8,2.3,0.293115
2026-01-03 10:53:34,59ca2ecb02eb490011a0a3f6,0.0,0.0,0.0,0.0,0.6,1.1,0.8,2.3,0.3
2026-01-03 10:53:34,5d8cdc9d766c880017188970,0.0,0.0,0.0,0.0,0.6,1.1,0.8,2.3,0.293115
2026-01-03 10:53:34,6792f1b78c5ed4001b27f4a9,0.0,0.0,0.0,0.0,0.6,1.1,0.8,2.3,0.293115
2026-01-03 10:53:34,58d8ec0adc195800111e042b,0.0,0.0,0.0,0.0,0.6,1.1,0.8,2.3,0.293115
2026-01-03 10:53:34,5a8254f25058170011f6eac5,0.0,0.0,0.0,0.0,0.6,1.1,0.8,2.3,0.293115
2026-01-03 10:53:34,63ae7c53bfd3d90017e8f3d8,0.0,0.0,0.0,0.0,0.6,1.1,0.8,2.3,0.293115
2026-01-03 10:53:34,5deb576d1dc17d7c5515ad20,0.0,0.0,0.0,0.0,0.6,1.1,0.8,2.3,0.293115
2026-01-03 10:53:34,5874796db807da0011e33cf7,0.0,0.0,0.0,0.0,0.6,1.1,0.8,2.3,0.293115
2026-01-03 10:53:34,5deb576d1dc17d7c5515acfa,0.0,0.0,0.0,0.0,0.6,1.1,0.8,2.3,0.293115
2026-01-03 10:53:34,58746536b807da0011e33cdc,0.0,0.0,0.0,0.0,0.6,1.1,0.8,2.3,0.293115
2026-01-03 10:53:34,5a8251575058170011f6eabc,0.0,0.0,0.0,0.0,0.6,1.1,0.8,2.3,0.3
2026-01-03 10:53:34,662b59291afb9c00172d912b,0.0,0.0,0.0,0.0,0.6,1.1,0.8,2.3,0.293115
2026-01-03 10:53:34,5a6060a88576340017d0660d,0.0,0.0,0.0,0.0,0.6,1.1,0.8,2.3,0.293115
2026-01-03 10:53:34,63b65f33bfd3d90017eaa405,0.0,0.0,0.0,0.0,0.6,1.1,0.8,2.3,0.293115
2026-01-03 10:53:34,5deb576d1dc17d7c5515ad1e,0.0,0.0,0.0,0.0,0.6,1.1,0.8,2.3,0.293115
2026-01-03 10:53:34,5a6061868576340017d06611,0.0,0.0,0.0,0.0,0.6,1.1,0.8,2.3,0.293115
2026-01-03 10:53:34,589b3705b3bf7600110283bd,0.0,0.0,0.0,0.0,0.6,1.1,0.8,2.3,0.293115
2026-01-03 10:53:34,63ae7759bfd3d90017e8f162,0.0,0.0,0.0,0.0,0.6,1.1,0.8,2.3,0.293115
2026-01-03 10:53:34,63ae7709bfd3d90017e8f135,0.0,0.0,0.0,0.0,0.6,1.1,0.8,2.3,0.293115
2026-01-03 10:53:34,662b55111afb9c00172d8e2e,0.0,0.0,0.0,0.0,0.6,1.1,0.8,2.3,0.293115
2026-01-03 10:53:34,649da419a6068200171a6c90,0.0,0.0,0.0,0.0,0.6,1.1,0.8,2.3,0.293115
2026-01-03 10:53:34,58afccadbd82540010390c3f,0.0,0.0,0.0,0.0,0.6,1.1,0.8,2.3,0.293115
2026-01-03 10:53:34,662b82761afb9c00172dcda3,0.0,0.0,0.0,0.0,0.6,1.1,0.8,2.3,0.293115
2026-01-03 10:53:34,5deb576d1dc17d7c5515acf7,0.0,0.0,0.0,0.0,0.6,1.1,0.8,2.3,0.293115
2026-01-03 10:53:34,5d9ddd49766c880017188c94,0.0,0.0,0.0,0.0,0.6,1.1,0.8,2.3,0.293115
2026-01-03 10:53:34,5d8cd767766c880017188950,0.0,0.0,0.0,0.0,0.6,1.1,0.8,2.3,0.293115
2026-01-03 10:53:34,6922931044912200174bc7cf,0.0,0.0,0.0,0.0,0.6,1.1,0.8,2.3,0.293115
2026-01-03 10:53:34,6792f16e8c5ed4001b27f482,0.0,0.0,0.0,0.0,0.6,1.1,0.8,2.3,0.293115
2026-01-03 10:53:34,595f8d813dcfc400106f28f2,0.0,0.0,0.0,0.0,0.6,1.1,0.8,2.3,0.293115
2026-01-03 10:53:34,5874656eb807da0011e33cde,0.0,0.0,0.0,0.0,0.6,1.1,0.8,2.3,0.293115
2026-01-03 10:53:34,6623e3566f998a001b25226d,0.0,0.0,0.0,0.0,0.6,1.1,0.8,2.3,0.293115
2026-01-03 10:53:34,5abbb6d698d8fc001102dfc8,0.0,0.0,0.0,0.0,0.6,1.1,0.8,2.3,0.3
2026-01-03 10:53:34,5d8cdd26766c880017188974,0.0,0.0,0.0,0.0,0.6,1.1,0.8,2.3,0.3
2026-01-03 10:53:34,5deb576d1dc17d7c5515ad03,0.0,0.0,0.0,0.0,0.6,1.1,0.8,2.3,0.293115
2026-01-03 10:53:34,63ae777cbfd3d90017e8f177,0.0,0.0,0.0,0.0,0.6,1.1,0.8,2.3,0.293115
2026-01-03 10:53:34,631828cac9eae60017a19f50,0.0,0.0,0.0,0.0,0.6,1.1,0.8,2.3,0.293115
2026-01-03 10:53:34,63b3c2fbbfd3d90017e9abbf,0.0,0.0,0.0,0.0,0.6,1.1,0.8,2.3,0.293115
2026-01-03 10:53:34,58d7c2e6c1e33c00112b321e,0.0,0.0,0.0,0.0,0.6,1.1,0.8,2.3,0.293115
2026-01-03 10:53:34,63b54ad1bfd3d90017ea7974,0.0,0.0,0.0,0.0,0.6,1.1,0.8,2.3,0.293115
2026-01-03 10:53:34,662b5b481afb9c00172d92a8,0.0,0.0,0.0,0.0,0.6,1.1,0.8,2.3,0.293115
2026-01-03 10:53:34,681885376dfb4b0018f8f0f2,0.0,0.0,0.0,0.0,0.6,1.1,0.8,2.3,0.293115
2026-01-03 10:53:34,56de42f611f398ec0c48129e,0.0,0.0,0.0,0.0,0.6,1.1,0.8,2.3,0.293115
2026-01-03 10:53:34,5d9dddb9766c880017188c96,0.0,0.0,0.0,0.0,0.6,1.1,0.8,2.3,0.293115
2026-01-03 10:53:34,5d8cd372766c880017188940,0.0,0.0,0.0,0.0,0.6,1.1,0.8,2.3,0.3
2026-01-03 10:53:34,5a60839c8576340017d0667c,0.0,0.0,0.0,0.0,0.6,1.1,0.8,2.3,0.293115
2026-01-03 10:53:34,68188c236dfb4b0018f8ff8f,0.0,0.0,0.0,0.0,0.6,1.1,0.8,2.3,0.293115
2026-01-03 10:53:34,63b65f64bfd3d90017eaa41f,0.0,0.0,0.0,0.0,0.6,1.1,0.8,2.3,0.293115
2026-01-03 10:53:34,58746371b807da0011e33cd1,0.0,0.0,0.0,0.0,0.6,1.1,0.8,2.3,0.3
2026-01-03 10:53:34,63bd1e95bfd3d90017ec3cd5,0.0,0.0,0.0,0.0,0.6,1.1,0.8,2.3,0.293115
2026-01-03 10:53:34,63ae7cd3bfd3d90017e8f408,0.0,0.0,0.0,0.0,0.6,1.1,0.8,2.3,0.293115
2026-01-03 10:53:34,5d8cd70e766c88001718894e,0.0,0.0,0.0,0.0,0.6,1.1,0.8,2.3,0.293115
2026-01-03 10:53:34,58b555ac17139d0010f35d59,0.0,0.0,0.0,0.0,0.6,1.1,0.8,2.3,0.293115
2026-01-03 10:53:34,595ddc123dcfc400106f28ba,0.0,0.0,0.0,0.0,0.6,1.1,0.8,2.3,0.293115
2026-01-03 10:53:34,63b55020bfd3d90017ea7cb7,0.0,0.0,0.0,0.0,0.6,1.1,0.8,2.3,0.293115
2026-01-03 10:53:34,68ede746230ee50017d04dcc,0.0,0.0,0.0,0.0,0.6,1.1,0.8,2.3,0.293115
2026-01-03 10:53:34,5b19d2f9af4ff60011d6ea4f,0.0,0.0,0.0,0.0,0.6,1.1,0.8,2.3,0.3
2026-01-03 10:53:34,662b4d781afb9c00172d8571,0.0,0.0,0.0,0.0,0.6,1.1,0.8,2.3,0.293115
2026-01-03 10:53:34,5a606a958576340017d06621,0.0,0.0,0.0,0.0,0.6,1.1,0.8,2.3,0.293115
2026-01-03 10:53:34,662a8c381afb9c00172d28b6,0.0,0.0,0.0,0.0,0.6,1.1,0.8,2.3,0.293115
2026-01-03 10:53:34,63b6617ebfd3d90017eaa50b,0.0,0.0,0.0,0.0,0.6,1.1,0.8,2.3,0.293115
2026-01-03 10:53:34,595f91653dcfc400106f28f6,0.0,0.0,0.0,0.0,0.6,1.1,0.8,2.3,0.3
2026-01-03 10:53:34,56de42f611f398ec0c481292,0.0,0.0,0.0,0.0,0.6,1.1,0.8,2.3,0.293115
2026-01-03 10:53:34,681888066dfb4b0018f8f4c2,0.0,0.0,0.0,0.0,0.6,1.1,0.8,2.3,0.293115
2026-01-03 10:53:34,5deb576d1dc17d7c5515acff,0.0,0.0,0.0,0.0,0.6,1.1,0.8,2.3,0.293115
2026-01-03 10:53:34,662b58791afb9c00172d9107,0.0,0.0,0.0,0.0,0.6,1.1,0.8,2.3,0.293115
2026-01-03 10:53:34,662b811d1afb9c00172dcc1d,0.0,0.0,0.0,0.0,0.6,1.1,0.8,2.3,0.293115
2026-01-03 10:53:34,662a8eb41afb9c00172d2aba,0.0,0.0,0.0,0.0,0.6,1.1,0.8,2.3,0.293115
2026-01-03 10:53:34,63b548ecbfd3d90017ea77d2,0.0,0.0,0.0,0.0,0.6,1.1,0.8,2.3,0.293115
2026-01-03 10:53:34,5deb576d1dc17d7c5515acfb,0.0,0.0,0.0,0.0,0.6,1.1,0.8,2.3,0.293115
2026-01-03 10:53:34,56de42f611f398ec0c48127d,0.0,0.0,0.0,0.0,0.6,1.1,0.8,2.3,0.293115
2026-01-03 10:53:34,56de42f611f398ec0c48128d,0.0,0.0,0.0,0.0,0.6,1.1,0.8,2.3,0.293115
2026-01-03 10:53:34,6792f03d8c5ed4001b27f378,0.0,0.0,0.0,0.0,0.6,1.1,0.8,2.3,0.293115
2026-01-03 10:53:34,68ede490230ee50017d04ae5,0.0,0.0,0.0,0.0,0.6,1.1,0.8,2.3,0.293115
2026-01-03 10:53:34,6623e7076f998a001b2523ea,0.0,0.0,0.0,0.0,0.6,1.1,0.8,2.3,0.293115
2026-01-03 10:53:34,59ca2cac02eb490011a0a3e9,0.0,0.0,0.0,0.0,0.6,1.1,0.8,2.3,0.293115
2026-01-03 10:53:34,586e25e1f9fab7001111b0ae,0.0,0.0,0.0,0.0,0.6,1.1,0.8,2.3,0.293115
2026-01-03 10:53:34,681889ec6dfb4b0018f8f6cb,0.0,0.0,0.0,0.0,0.6,1.1,0.8,2.3,0.293115
2026-01-03 10:53:34,5d9dde8e766c880017188c9a,0.0,0.0,0.0,0.0,0.6,1.1,0.8,2.3,0.3
2026-01-03 10:53:34,5d9ddf0f766c880017188c9e,0.0,0.0,0.0,0.0,0.6,1.1,0.8,2.3,0.293115
2026-01-03 10:53:34,681883866dfb4b0018f8eef6,0.0,0.0,0.0,0.0,0.6,1.1,0.8,2.3,0.293115
2026-01-03 10:53:34,63ae76ddbfd3d90017e8f11b,0.0,0.0,0.0,0.0,0.6,1.1,0.8,2.3,0.293115
2026-01-03 10:53:34,5deb576d1dc17d7c5515ad14,0.0,0.0,0.0,0.0,0.6,1.1,0.8,2.3,0.293115
2026-01-03 10:53:34,63b66035bfd3d90017eaa48e,0.0,0.0,0.0,0.0,0.6,1.1,0.8,2.3,0.293115
2026-01-03 10:53:34,585b284ac3f96200127dc500,0.0,0.0,0.0,0.0,0.6,1.1,0.8,2.3,0.293115
2026-01-03 10:53:34,56de42f611f398ec0c481295,0.0,0.0,0.0,0.0,0.6,1.1,0.8,2.3,0.293115
2026-01-03 10:53:34,5deb576d1dc17d7c5515ad04,0.0,0.0,0.0,0.0,0.6,1.1,0.8,2.3,0.293115
2026-01-03 10:53:34,5a8278f35058170011f6eaed,0.0,0.0,0.0,0.0,0.6,1.1,0.8,2.3,0.293115
2026-01-03 10:53:34,662b830e1afb9c00172dcf50,0.0,0.0,0.0,0.0,0.6,1.1,0.8,2.3,0.293115
2026-01-03 10:53:34,5a6084208576340017d0667e,0.0,0.0,0.0,0.0,0.6,1.1,0.8,2.3,0.3
2026-01-03 10:53:34,5a825ab55058170011f6ead2,0.0,0.0,0.0,0.0,0.6,1.1,0.8,2.3,0.3
2026-01-03 10:53:34,586e20a0f9fab7001111b0a7,0.0,0.0,0.0,0.0,0.6,1.1,0.8,2.3,0.3
2026-01-03 10:53:34,6623edd26f998a001b2526f7,0.0,0.0,0.0,0.0,0.6,1.1,0.8,2.3,0.293115
2026-01-03 10:53:34,5a8255a55058170011f6eac7,0.0,0.0,0.0,0.0,0.6,1.1,0.8,2.3,0.293115
2026-01-03 10:53:34,56de42f611f398ec0c481294,0.0,0.0,0.0,0.0,0.6,1.1,0.8,2.3,0.3
2026-01-03 10:53:34,587ed91db807da0011e33d4e,0.0,0.0,0.0,0.0,0.6,1.1,0.8,2.3,0.293115
2026-01-03 10:53:34,63b54dcbbfd3d90017ea7ba8,0.0,0.0,0.0,0.0,0.6,1.1,0.8,2.3,0.293115
2026-01-03 10:53:34,56de42f611f398ec0c48128a,0.0,0.0,0.0,0.0,0.6,1.1,0.8,2.3,0.293115
2026-01-03 10:53:34,6623ed9b6f998a001b2526cd,0.0,0.0,0.0,0.0,0.6,1.1,0.8,2.3,0.293115
2026-01-03 10:53:34,58b5752e17139d0010f35d5f,0.0,0.0,0.0,0.0,0.6,1.1,0.8,2.3,0.293115
2026-01-03 10:53:34,58175c81edeb6c0012a2d5c2,0.0,0.0,0.0,0.0,0.6,1.1,0.8,2.3,0.293115
2026-01-03 10:53:34,631812e6c9eae60017a19567,0.0,0.0,0.0,0.0,0.6,1.1,0.8,2.3,0.293115
2026-01-03 10:53:34,6623e7b76f998a001b25242d,0.0,0.0,0.0,0.0,0.6,1.1,0.8,2.3,0.293115
2026-01-03 10:53:34,5ad068b198d8fc001102e278,0.0,0.0,0.0,0.0,0.6,1.1,0.8,2.3,0.3
2026-01-03 10:53:34,63ae75a3bfd3d90017e8f051,0.0,0.0,0.0,0.0,0.6,1.1,0.8,2.3,0.293115
2026-01-03 10:53:34,662b7d8a1afb9c00172dc71f,0.0,0.0,0.0,0.0,0.6,1.1,0.8,2.3,0.293115
2026-01-03 10:53:34,5abbb77298d8fc001102dfce,0.0,0.0,0.0,0.0,0.6,1.1,0.8,2.3,0.293115
2026-01-03 10:53:34,63bd1f48bfd3d90017ec3d19,0.0,0.0,0.0,0.0,0.6,1.1,0.8,2.3,0.293115
2026-01-03 10:53:34,58aff2c6bd82540010390c55,0.0,0.0,0.0,0.0,0.6,1.1,0.8,2.3,0.293115
2026-01-03 10:53:34,5b25a1dcf13cba001124e710,0.0,0.0,0.0,0.0,0.6,1.1,0.8,2.3,0.3
2026-01-03 10:53:34,5deb576d1dc17d7c5515ad18,0.0,0.0,0.0,0.0,0.6,1.1,0.8,2.3,0.293115
2026-01-03 10:53:34,66b1c1bf779f740018673ef2,0.0,0.0,0.0,0.0,0.6,1.1,0.8,2.3,0.293115
2026-01-03 10:53:34,56de42f611f398ec0c4812a0,0.0,0.0,0.0,0.0,0.6,1.1,0.8,2.3,0.293115
2026-01-03 10:53:34,6623efc26f998a001b25277f,0.0,0.0,0.0,0.0,0.6,1.1,0.8,2.3,0.293115
2026-01-03 10:53:34,662b50841afb9c00172d880d,0.0,0.0,0.0,0.0,0.6,1.1,0.8,2.3,0.293115
2026-01-03 10:53:34,58abc0cbbd82540010390ba6,0.0,0.0,0.0,0.0,0.6,1.1,0.8,2.3,0.293115
2026-01-03 10:53:34,58afea5dbd82540010390c4d,0.0,0.0,0.0,0.0,0.6,1.1,0.8,2.3,0.293115
2026-01-03 10:53:34,5deb576d1dc17d7c5515ad07,0.0,0.0,0.0,0.0,0.6,1.1,0.8,2.3,0.293115
2026-01-03 10:53:34,5d8cdc1d766c88001718896c,0.0,0.0,0.0,0.0,0.6,1.1,0.8,2.3,0.293115
2026-01-03 10:53:34,5a606c758576340017d06626,0.0,0.0,0.0,0.0,0.6,1.1,0.8,2.3,0.293115
2026-01-03 10:53:34,68fae2966b936b00172186a6,0.0,0.0,0.0,0.0,0.6,1.1,0.8,2.3,0.293115
2026-01-03 10:53:34,63b66008bfd3d90017eaa476,0.0,0.0,0.0,0.0,0.6,1.1,0.8,2.3,0.3
2026-01-03 10:53:34,5a82628e5058170011f6eadb,0.0,0.0,0.0,0.0,0.6,1.1,0.8,2.3,0.293115
2026-01-03 10:53:34,589b46b3b3bf7600110283d0,0.0,0.0,0.0,0.0,0.6,1.1,0.8,2.3,0.3
2026-01-03 10:53:34,5d8cd653766c88001718894c,0.0,0.0,0.0,0.0,0.6,1.1,0.8,2.3,0.293115
2026-01-03 10:53:34,662b4de41afb9c00172d85c5,0.0,0.0,0.0,0.0,0.6,1.1,0.8,2.3,0.293115
2026-01-03 10:53:34,58af8eb2bd82540010390c30,0.0,0.0,0.0,0.0,0.6,1.1,0.8,2.3,0.293115
2026-01-03 10:53:34,6623ee176f998a001b25270c,0.0,0.0,0.0,0.0,0.6,1.1,0.8,2.3,0.293115
2026-01-03 10:53:34,5b0b7d240e517b00119fd809,0.0,0.0,0.0,0.0,0.6,1.1,0.8,2.3,0.3
2026-01-03 10:53:34,595f8d233dcfc400106f28f0,0.0,0.0,0.0,0.0,0.6,1.1,0.8,2.3,0.293115
2026-01-03 10:53:34,5deb576d1dc17d7c5515ad1d,0.0,0.0,0.0,0.0,0.6,1.1,0.8,2.3,0.3
2026-01-03 10:53:34,68ae7e997d735d00173c7445,0.0,0.0,0.0,0.0,0.6,1.1,0.8,2.3,0.293115
2026-01-03 10:53:34,5b0b835b0e517b00119fd80d,0.0,0.0,0.0,0.0,0.6,1.1,0.8,2.3,0.293115
2026-01-03 10:53:34,5b6c155aca0577001163fe36,0.0,0.0,0.0,0.0,0.6,1.1,0.8,2.3,0.3
2026-01-03 10:53:34,5d8cd2a3766c88001718893c,0.0,0.0,0.0,0.0,0.6,1.1,0.8,2.3,0.293115
2026-01-03 10:53:34,662b4e8e1afb9c00172d865c,0.0,0.0,0.0,0.0,0.6,1.1,0.8,2.3,0.293115
2026-01-03 10:53:34,66b1c190779f740018673ed4,0.0,0.0,0.0,0.0,0.6,1.1,0.8,2.3,0.293115
2026-01-03 10:53:34,662b7f9f1afb9c00172dca50,0.0,0.0,0.0,0.0,0.6,1.1,0.8,2.3,0.293115
2026-01-03 10:53:34,68a589294e89b100173b61d9,0.0,0.0,0.0,0.0,0.6,1.1,0.8,2.3,0.293115
2026-01-03 10:53:34,58747923b807da0011e33cf5,0.0,0.0,0.0,0.0,0.6,1.1,0.8,2.3,0.293115
2026-01-03 10:53:34,63ae7af4bfd3d90017e8f32c,0.0,0.0,0.0,0.0,0.6,1.1,0.8,2.3,0.293115
2026-01-03 10:53:34,5875d4f8b807da0011e33d1a,0.0,0.0,0.0,0.0,0.6,1.1,0.8,2.3,0.293115
2026-01-03 10:53:34,595d92013dcfc400106f2877,0.0,0.0,0.0,0.0,0.6,1.1,0.8,2.3,0.293115
2026-01-03 10:53:34,681886f26dfb4b0018f8f31a,0.0,0.0,0.0,0.0,0.6,1.1,0.8,2.3,0.293115
2026-01-03 10:53:34,662b80721afb9c00172dcb28,0.0,0.0,0.0,0.0,0.6,1.1,0.8,2.3,0.293115
2026-01-03 10:53:34,59ca2f4402eb490011a0a3f9,0.0,0.0,0.0,0.0,0.6,1.1,0.8,2.3,0.293115
2026-01-03 10:53:34,586e1f18f9fab7001111b0a5,0.0,0.0,0.0,0.0,0.6,1.1,0.8,2.3,0.293115
2026-01-03 10:53:34,681891e26dfb4b0018f90a69,0.0,0.0,0.0,0.0,0.6,1.1,0.8,2.3,0.293115
2026-01-03 10:53:34,5d9de3c2766c880017188cb3,0.0,0.0,0.0,0.0,0.6,1.1,0.8,2.3,0.293115
2026-01-03 10:53:34,63ae7cfcbfd3d90017e8f422,0.0,0.0,0.0,0.0,0.6,1.1,0.8,2.3,0.3
2026-01-03 10:53:34,5b0e1faacddcc80011ceb449,0.0,0.0,0.0,0.0,0.6,1.1,0.8,2.3,0.293115
2026-01-03 10:53:34,63b65fa9bfd3d90017eaa449,0.0,0.0,0.0,0.0,0.6,1.1,0.8,2.3,0.3
2026-01-03 10:53:34,6623e5066f998a001b252317,0.0,0.0,0.0,0.0,0.6,1.1,0.8,2.3,0.293115
2026-01-03 10:53:34,662b5c141afb9c00172d93d7,0.0,0.0,0.0,0.0,0.6,1.1,0.8,2.3,0.293115
2026-01-03 10:53:34,66b1c158779f740018673eb4,0.0,0.0,0.0,0.0,0.6,1.1,0.8,2.3,0.293115
2026-01-03 10:53:34,56df8381c062921100c143e2,0.0,0.0,0.0,0.0,0.6,1.1,0.8,2.3,0.293115
2026-01-03 10:53:34,5d8cd1f9766c880017188938,0.0,0.0,0.0,0.0,0.6,1.1,0.8,2.3,0.3
2026-01-03 10:53:34,595da2dd3dcfc400106f2885,0.0,0.0,0.0,0.0,0.6,1.1,0.8,2.3,0.293115
2026-01-03 10:53:34,595f80e83dcfc400106f28e4,0.0,0.0,0.0,0.0,0.6,1.1,0.8,2.3,0.293115
2026-01-03 10:53:34,631955e7c9eae60017a1c30a,0.0,0.0,0.0,0.0,0.6,1.1,0.8,2.3,0.293115
2026-01-03 10:53:34,5a6060e08576340017d0660f,0.0,0.0,0.0,0.0,0.6,1.1,0.8,2.3,0.293115
2026-01-03 10:53:34,5a607ea98576340017d0666d,0.0,0.0,0.0,0.0,0.6,1.1,0.8,2.3,0.3
2026-01-03 10:53:34,63b548c3bfd3d90017ea77c0,0.0,0.0,0.0,0.0,0.6,1.1,0.8,2.3,0.293115
2026-01-03 10:53:34,662a8c931afb9c00172d2901,0.0,0.0,0.0,0.0,0.6,1.1,0.8,2.3,0.293115
2026-01-03 10:53:34,63195556c9eae60017a1c2ba,0.0,0.0,0.0,0.0,0.6,1.1,0.8,2.3,0.293115
2026-01-03 10:53:34,58df4adedc195800111e04b4,0.0,0.0,0.0,0.0,0.6,1.1,0.8,2.3,0.293115
2026-01-03 10:53:34,59ca301902eb490011a0a400,0.0,0.0,0.0,0.0,0.6,1.1,0.8,2.3,0.293115
2026-01-03 10:53:34,584e738361cfea0012cf6951,0.0,0.0,0.0,0.0,0.6,1.1,0.8,2.3,0.293115
2026-01-03 10:53:34,583f958161cfea0012cf68f5,0.0,0.0,0.0,0.0,0.6,1.1,0.8,2.3,0.293115
2026-01-03 10:53:34,6922921744912200174bc71d,0.0,0.0,0.0,0.0,0.6,1.1,0.8,2.3,0.293115
2026-01-03 10:53:34,5a8253615058170011f6eabf,0.0,0.0,0.0,0.0,0.6,1.1,0.8,2.3,0.293115
2026-01-03 10:53:34,5deb576d1dc17d7c5515ad0f,0.0,0.0,0.0,0.0,0.6,1.1,0.8,2.3,0.293115
2026-01-03 10:53:34,68fae2b66b936b00172186e5,0.0,0.0,0.0,0.0,0.6,1.1,0.8,2.3,0.293115
2026-01-03 10:53:34,662b51761afb9c00172d88ef,0.0,0.0,0.0,0.0,0.6,1.1,0.8,2.3,0.293115
2026-01-03 10:53:34,68a5873d4e89b100173b5f60,0.0,0.0,0.0,0.0,0.6,1.1,0.8,2.3,0.293115
2026-01-03 10:53:34,66b1c370779f7400186740b3,0.0,0.0,0.0,0.0,0.6,1.1,0.8,2.3,0.293115
2026-01-03 10:53:34,6623ec376f998a001b252671,0.0,0.0,0.0,0.0,0.6,1.1,0.8,2.3,0.293115
2026-01-03 10:53:34,59ca2e6002eb490011a0a3f3,0.0,0.0,0.0,0.0,0.6,1.1,0.8,2.3,0.3
2026-01-03 10:53:34,5b6c1618ca0577001163fe3c,0.0,0.0,0.0,0.0,0.6,1.1,0.8,2.3,0.3
2026-01-03 10:53:34,5deb576d1dc17d7c5515ad22,0.0,0.0,0.0,0.0,0.6,1.1,0.8,2.3,0.293115
2026-01-03 10:53:34,63b664d2bfd3d90017eaaa0f,0.0,0.0,0.0,0.0,0.6,1.1,0.8,2.3,0.293115
2026-01-03 10:53:34,56df85bdc062921100c143e8,0.0,0.0,0.0,0.0,0.6,1.1,0.8,2.3,0.3
2026-01-03 10:53:34,662b85031afb9c00172dd0dc,0.0,0.0,0.0,0.0,0.6,1.1,0.8,2.3,0.293115
2026-01-03 10:53:34,58d7b5a7c1e33c00112b320a,0.0,0.0,0.0,0.0,0.6,1.1,0.8,2.3,0.293115
2026-01-03 10:53:34,662a8f3a1afb9c00172d2b31,0.0,0.0,0.0,0.0,0.6,1.1,0.8,2.3,0.293115
2026-01-03 10:53:34,58aff01fbd82540010390c50,0.0,0.0,0.0,0.0,0.6,1.1,0.8,2.3,0.293115
2026-01-03 10:53:34,5d8cdb9f766c880017188968,0.0,0.0,0.0,0.0,0.6,1.1,0.8,2.3,0.293115
2026-01-03 10:53:34,5a6085fb8576340017d06686,0.0,0.0,0.0,0.0,0.6,1.1,0.8,2.3,0.293115
2026-01-03 10:53:34,59ca31d602eb490011a0a40b,0.0,0.0,0.0,0.0,0.6,1.1,0.8,2.3,0.293115
2026-01-03 10:53:34,587c782db807da0011e33d3b,0.0,0.0,0.0,0.0,0.6,1.1,0.8,2.3,0.293115
2026-01-03 10:53:34,662a8d821afb9c00172d29c8,0.0,0.0,0.0,0.0,0.6,1.1,0.8,2.3,0.293115
2026-01-03 10:53:34,63ae7d29bfd3d90017e8f437,0.0,0.0,0.0,0.0,0.6,1.1,0.8,2.3,0.293115
2026-01-03 10:53:34,68ae7ee47d735d00173c7492,0.0,0.0,0.0,0.0,0.6,1.1,0.8,2.3,0.293115
2026-01-03 10:53:34,56de42f611f398ec0c48129f,0.0,0.0,0.0,0.0,0.6,1.1,0.8,2.3,0.293115
2026-01-03 10:53:34,68188b296dfb4b0018f8f9a3,0.0,0.0,0.0,0.0,0.6,1.1,0.8,2.3,0.293115
2026-01-03 10:53:34,662b80b91afb9c00172dcb5b,0.0,0.0,0.0,0.0,0.6,1.1,0.8,2.3,0.293115
2026-01-03 10:53:34,692292c044912200174bc76d,0.0,0.0,0.0,0.0,0.6,1.1,0.8,2.3,0.293115
2026-01-03 10:53:34,68188d586dfb4b0018f9018d,0.0,0.0,0.0,0.0,0.6,1.1,0.8,2.3,0.293115
2026-01-03 10:53:34,662b50261afb9c00172d87b2,0.0,0.0,0.0,0.0,0.6,1.1,0.8,2.3,0.293115
2026-01-03 10:53:34,59ca2d9d02eb490011a0a3f0,0.0,0.0,0.0,0.0,0.6,1.1,0.8,2.3,0.293115
2026-01-03 10:53:34,68a588984e89b100173b6138,0.0,0.0,0.0,0.0,0.6,1.1,0.8,2.3,0.293115
2026-01-03 10:53:34,5a8256df5058170011f6eacb,0.0,0.0,0.0,0.0,0.6,1.1,0.8,2.3,0.293115
2026-01-03 10:53:34,5deb576d1dc17d7c5515acfc,0.0,0.0,0.0,0.0,0.6,1.1,0.8,2.3,0.293115
2026-01-03 10:53:34,587c8c20b807da0011e33d47,0.0,0.0,0.0,0.0,0.6,1.1,0.8,2.3,0.293115
2026-01-03 10:53:34,58744fb0b807da0011e33cc0,0.0,0.0,0.0,0.0,0.6,1.1,0.8,2.3,0.293115
2026-01-03 10:53:34,5822f23aedeb6c0012a2d6a8,0.0,0.0,0.0,0.0,0.6,1.1,0.8,2.3,0.3
2026-01-03 10:53:34,649da495a6068200171a6cb6,0.0,0.0,0.0,0.0,0.6,1.1,0.8,2.3,0.293115
2026-01-03 11:53:52,59d3524f02eb490011a0a61b,0.0,0.0,0.0,0.0,0.8,0.6,1.4,3.0,0.3
2026-01-03 11:53:52,5a6065c58576340017d06615,0.0,0.0,0.0,0.0,0.8,0.6,1.4,3.0,0.293115
2026-01-03 11:53:52,6623f4df6f998a001b2528eb,0.0,0.0,0.0,0.0,0.8,0.6,1.4,3.0,0.293115
2026-01-03 11:53:52,662b7ce71afb9c00172dc676,0.0,0.0,0.0,0.0,0.8,0.6,1.4,3.0,0.293115
2026-01-03 11:53:52,583f969161cfea0012cf68f7,0.0,0.0,0.0,0.0,0.8,0.6,1.4,3.0,0.293115
2026-01-03 11:53:52,59ca317602eb490011a0a408,0.0,0.0,0.0,0.0,0.8,0.6,1.4,3.0,0.293115
2026-01-03 11:53:52,6623e8da6f998a001b2524a6,0.0,0.0,0.0,0.0,0.8,0.6,1.4,3.0,0.293115
2026-01-03 11:53:52,56de42f611f398ec0c481299,0.0,0.0,0.0,0.0,0.8,0.6,1.4,3.0,0.293115
2026-01-03 11:53:52,66b1c426779f74001867415e,0.0,0.0,0.0,0.0,0.8,0.6,1.4,3.0,0.293115
2026-01-03 11:53:52,595dc29c3dcfc400106f2894,0.0,0.0,0.0,0.0,0.8,0.6,1.4,3.0,0.293115
2026-01-03 11:53:52,5d9de4de766c880017188cbb,0.0,0.0,0.0,0.0,0.8,0.6,1.4,3.0,0.293115
2026-01-03 11:53:52,6623f44f6f998a001b2528aa,0.0,0.0,0.0,0.0,0.8,0.6,1.4,3.0,0.293115
2026-01-03 11:53:52,662a881a1afb9c00172d2559,0.0,0.0,0.0,0.0,0.8,0.6,1.4,3.0,0.293115
2026-01-03 11:53:52,5a605f828576340017d06608,0.0,0.0,0.0,0.0,0.8,0.6,1.4,3.0,0.3
2026-01-03 11:53:52,68188fe36dfb4b0018f90520,0.0,0.0,0.0,0.0,0.8,0.6,1.4,3.0,0.3
2026-01-03 11:53:52,5deb576d1dc17d7c5515ad15,0.0,0.0,0.0,0.0,0.8,0.6,1.4,3.0,0.293115
2026-01-03 11:53:52,5b8b2323ca057700116405d0,0.0,0.0,0.0,0.0,0.8,0.6,1.4,3.0,0.293115
2026-01-03 11:53:52,68188a226dfb4b0018f8f70a,0.0,0.0,0.0,0.0,0.8,0.6,1.4,3.0,0.293115
2026-01-03 11:53:52,681889a96dfb4b0018f8f67e,0.0,0.0,0.0,0.0,0.8,0.6,1.4,3.0,0.293115
2026-01-03 11:53:52,63ae7a50bfd3d90017e8f2b2,0.0,0.0,0.0,0.0,0.8,0.6,1.4,3.0,0.293115
2026-01-03 11:53:52,587ee0ecb807da0011e33d50,0.0,0.0,0.0,0.0,0.8,0.6,1.4,3.0,0.3066149999999999
2026-01-03 11:53:52,56de42f611f398ec0c48128f,0.0,0.0,0.0,0.0,0.8,0.6,1.4,3.0,0.293115
2026-01-03 11:53:52,56de42f611f398ec0c4812a2,0.0,0.0,0.0,0.0,0.8,0.6,1.4,3.0,0.293115
2026-01-03 11:53:52,6922934b44912200174bc7ec,0.0,0.0,0.0,0.0,0.8,0.6,1.4,3.0,0.293115
2026-01-03 11:53:52,63bd1f21bfd3d90017ec3d04,0.0,0.0,0.0,0.0,0.8,0.6,1.4,3.0,0.293115
2026-01-03 11:53:52,58df4d95dc195800111e04b9,0.0,0.0,0.0,0.0,0.8,0.6,1.4,3.0,0.293115
2026-01-03 11:53:52,586e28a0f9fab7001111b0b3,0.0,0.0,0.0,0.0,0.8,0.6,1.4,3.0,0.293115
2026-01-03 11:53:52,595dd8463dcfc400106f28b2,0.0,0.0,0.0,0.0,0.8,0.6,1.4,3.0,0.293115
2026-01-03 11:53:52,662b81721afb9c00172dcc44,0.0,0.0,0.0,0.0,0.8,0.6,1.4,3.0,0.293115
2026-01-03 11:53:52,67e217c43215f90017863bc8,0.0,0.0,0.0,0.0,0.8,0.6,1.4,3.0,0.293115
2026-01-03 11:53:52,66b1c3c2779f740018674125,0.0,0.0,0.0,0.0,0.8,0.6,1.4,3.0,0.293115
2026-01-03 11:53:52,5a8269c45058170011f6eae4,0.0,0.0,0.0,0.0,0.8,0.6,1.4,3.0,0.293115
2026-01-03 11:53:52,56de42f611f398ec0c481297,0.0,0.0,0.0,0.0,0.8,0.6,1.4,3.0,0.293115
2026-01-03 11:53:52,5822adbbedeb6c0012a2d65f,0.0,0.0,0.0,0.0,0.8,0.6,1.4,3.0,0.293115
2026-01-03 11:53:52,5deb576d1dc17d7c5515ad00,0.0,0.0,0.0,0.0,0.8,0.6,1.4,3.0,0.3
2026-01-03 11:53:52,5a823e425058170011f6eaa4,0.0,0.0,0.0,0.0,0.8,0.6,1.4,3.0,0.293115
2026-01-03 11:53:52,649da72ca6068200171a6dbb,0.0,0.0,0.0,0.0,0.8,0.6,1.4,3.0,0.293115
2026-01-03 11:53:52,5a6088218576340017d06693,0.0,0.0,0.0,0.0,0.8,0.6,1.4,3.0,0.293115
2026-01-03 11:53:52,63b65fd8bfd3d90017eaa461,0.0,0.0,0.0,0.0,0.8,0.6,1.4,3.0,0.293115
2026-01-03 11:53:52,5deb576d1dc17d7c5515ad08,0.0,0.0,0.0,0.0,0.8,0.6,1.4,3.0,0.293115
2026-01-03 11:53:52,595dc70d3dcfc400106f289a,0.0,0.0,0.0,0.0,0.8,0.6,1.4,3.0,0.3
2026-01-03 11:53:52,63b65ebebfd3d90017eaa3ae,0.0,0.0,0.0,0.0,0.8,0.6,1.4,3.0,0.293115
2026-01-03 11:53:52,5874769eb807da0011e33cec,0.0,0.0,0.0,0.0,0.8,0.6,1.4,3.0,0.293115
2026-01-03 11:53:52,63b660f8bfd3d90017eaa4ea,0.0,0.0,0.0,0.0,0.8,0.6,1.4,3.0,0.293115
2026-01-03 11:53:52,58af994abd82540010390c37,0.0,0.0,0.0,0.0,0.8,0.6,1.4,3.0,0.293115
2026-01-03 11:53:52,56df8108c062921100c143db,0.0,0.0,0.0,0.0,0.8,0.6,1.4,3.0,0.293115
2026-01-03 11:53:52,63ae7903bfd3d90017e8f211,0.0,0.0,0.0,0.0,0.8,0.6,1.4,3.0,0.293115
2026-01-03 11:53:52,63ae7727bfd3d90017e8f14a,0.0,0.0,0.0,0.0,0.8,0.6,1.4,3.0,0.293115
2026-01-03 11:53:52,6623f36e6f998a001b252878,0.0,0.0,0.0,0.0,0.8,0.6,1.4,3.0,0.293115
2026-01-03 11:53:52,5d9ddec9766c880017188c9c,0.0,0.0,0.0,0.0,0.8,0.6,1.4,3.0,0.293115
2026-01-03 11:53:52,5deb576d1dc17d7c5515ad02,0.0,0.0,0.0,0.0,0.8,0.6,1.4,3.0,0.293115
2026-01-03 11:53:52,681885ff6dfb4b0018f8f1ee,0.0,0.0,0.0,0.0,0.8,0.6,1.4,3.0,0.293115
2026-01-03 11:53:52,63ae79aabfd3d90017e8f26a,0.0,0.0,0.0,0.0,0.8,0.6,1.4,3.0,0.293115
2026-01-03 11:53:52,5d8cd7fb766c880017188954,0.0,0.0,0.0,0.0,0.8,0.6,1.4,3.0,0.293115
2026-01-03 11:53:52,56de42f611f398ec0c481293,0.0,0.0,0.0,0.0,0.8,0.6,1.4,3.0,0.293115
2026-01-03 11:53:52,63b66089bfd3d90017eaa4bd,0.0,0.0,0.0,0.0,0.8,0.6,1.4,3.0,0.293115
2026-01-03 11:53:52,63ae798abfd3d90017e8f255,0.0,0.0,0.0,0.0,0.8,0.6,1.4,3.0,0.293115
2026-01-03 11:53:52,662a89f51afb9c00172d26ef,0.0,0.0,0.0,0.0,0.8,0.6,1.4,3.0,0.293115
2026-01-03 11:53:52,6318287ec9eae60017a19f36,0.0,0.0,0.0,0.0,0.8,0.6,1.4,3.0,0.293115
2026-01-03 11:53:52,6792f3058c5ed4001b27f58e,0.0,0.0,0.0,0.0,0.8,0.6,1.4,3.0,0.293115
2026-01-03 11:53:52,587476e3b807da0011e33cee,0.0,0.0,0.0,0.0,0.8,0.6,1.4,3.0,0.293115
2026-01-03 11:53:52,597bf277faa7ea0011c7c29f,0.0,0.0,0.0,0.0,0.8,0.6,1.4,3.0,0.293115
2026-01-03 11:53:52,5d9de49d766c880017188cb9,0.0,0.0,0.0,0.0,0.8,0.6,1.4,3.0,0.293115
2026-01-03 11:53:52,5d9ddf49766c880017188ca0,0.0,0.0,0.0,0.0,0.8,0.6,1.4,3.0,0.293115
2026-01-03 11:53:52,63ae763bbfd3d90017e8f0c4,0.0,0.0,0.0,0.0,0.8,0.6,1.4,3.0,0.293115
2026-01-03 11:53:52,5d8cda6a766c880017188960,0.0,0.0,0.0,0.0,0.8,0.6,1.4,3.0,0.293115
2026-01-03 11:53:52,662b80e81afb9c00172dcbec,0.0,0.0,0.0,0.0,0.8,0.6,1.4,3.0,0.293115
2026-01-03 11:53:52,681826506dfb4b0018f83e64,0.0,0.0,0.0,0.0,0.8,0.6,1.4,3.0,0.3
2026-01-03 11:53:52,662a86a11afb9c00172d2410,0.0,0.0,0.0,0.0,0.8,0.6,1.4,3.0,0.293115
2026-01-03 11:53:52,5a6083198576340017d0667a,0.0,0.0,0.0,0.0,0.8,0.6,1.4,3.0,0.293115
2026-01-03 11:53:52,56de42f611f398ec0c48128b,0.0,0.0,0.0,0.0,0.8,0.6,1.4,3.0,0.293115
2026-01-03 11:53:52,58e49ff8d9d6200011e0b9d4,0.0,0.0,0.0,0.0,0.8,0.6,1.4,3.0,0.293115
2026-01-03 11:53:52,6922924644912200174bc737,0.0,0.0,0.0,0.0,0.8,0.6,1.4,3.0,0.293115
2026-01-03 11:53:52,681885a26dfb4b0018f8f176,0.0,0.0,0.0,0.0,0.8,0.6,1.4,3.0,0.293115
2026-01-03 11:53:52,5a8241105058170011f6eaa6,0.0,0.0,0.0,0.0,0.8,0.6,1.4,3.0,0.293115
2026-01-03 11:53:52,65e054fb6b18080018db6632,0.0,0.0,0.0,0.0,0.8,0.6,1.4,3.0,0.293115
2026-01-03 11:53:52,5a825ded5058170011f6ead7,0.0,0.0,0.0,0.0,0.8,0.6,1.4,3.0,0.293115
2026-01-03 11:53:52,5d8cdb0a766c880017188964,0.0,0.0,0.0,0.0,0.8,0.6,1.4,3.0,0.293115
2026-01-03 11:53:52,68188bb96dfb4b0018f8fdbf,0.0,0.0,0.0,0.0,0.8,0.6,1.4,3.0,0.293115
2026-01-03 11:53:52,56df833ac062921100c143e1,0.0,0.0,0.0,0.0,0.8,0.6,1.4,3.0,0.3
2026-01-03 11:53:52,6792efe48c5ed4001b27f336,0.0,0.0,0.0,0.0,0.8,0.6,1.4,3.0,0.293115
2026-01-03 11:53:52,63b5503bbfd3d90017ea7ccc,0.0,0.0,0.0,0.0,0.8,0.6,1.4,3.0,0.293115
2026-01-03 11:53:52,662a873b1afb9c00172d2483,0.0,0.0,0.0,0.0,0.8,0.6,1.4,3.0,0.293115
2026-01-03 11:53:52,66b1c3fa779f740018674146,0.0,0.0,0.0,0.0,0.8,0.6,1.4,3.0,0.293115
2026-01-03 11:53:52,5ad0621c98d8fc001102e268,0.0,0.0,0.0,0.0,0.8,0.6,1.4,3.0,0.293115
2026-01-03 11:53:52,66b1c34d779f74001867409e,0.0,0.0,0.0,0.0,0.8,0.6,1.4,3.0,0.293115
2026-01-03 11:53:52,595f89323dcfc400106f28ee,0.0,0.0,0.0,0.0,0.8,0.6,1.4,3.0,0.293115
2026-01-03 11:53:52,56de42f611f398ec0c48128c,0.0,0.0,0.0,0.0,0.8,0.6,1.4,3.0,0.293115
2026-01-03 11:53:52,662b558c1afb9c00172d8ed2,0.0,0.0,0.0,0.0,0.8,0.6,1.4,3.0,0.293115
2026-01-03 11:53:52,6623f4836f998a001b2528bf,0.0,0.0,0.0,0.0,0.8,0.6,1.4,3.0,0.293115
2026-01-03 11:53:52,662b85bf1afb9c00172dd149,0.0,0.0,0.0,0.0,0.8,0.6,1.4,3.0,0.293115
2026-01-03 11:53:52,595d98fc3dcfc400106f287b,0.0,0.0,0.0,0.0,0.8,0.6,1.4,3.0,0.3
2026-01-03 11:53:52,6818887f6dfb4b0018f8f54c,0.0,0.0,0.0,0.0,0.8,0.6,1.4,3.0,0.293115
2026-01-03 11:53:52,63b54bcdbfd3d90017ea7a82,0.0,0.0,0.0,0.0,0.8,0.6,1.4,3.0,0.293115
2026-01-03 11:53:52,68eddd0a230ee50017d040b2,0.0,0.0,0.0,0.0,0.8,0.6,1.4,3.0,0.293115
2026-01-03 11:53:52,68a587d54e89b100173b6021,0.0,0.0,0.0,0.0,0.8,0.6,1.4,3.0,0.293115
2026-01-03 11:53:52,5b5995a3fd4edb0019c7d9ab,0.0,0.0,0.0,0.0,0.8,0.6,1.4,3.0,0.293115
2026-01-03 11:53:52,692291f044912200174bc703,0.0,0.0,0.0,0.0,0.8,0.6,1.4,3.0,0.293115
2026-01-03 11:53:52,662b81a31afb9c00172dcc65,0.0,0.0,0.0,0.0,0.8,0.6,1.4,3.0,0.3
2026-01-03 11:53:52,5deb576d1dc17d7c5515acf6,0.0,0.0,0.0,0.0,0.8,0.6,1.4,3.0,0.293115
2026-01-03 11:53:52,58746488b807da0011e33cd7,0.0,0.0,0.0,0.0,0.8,0.6,1.4,3.0,0.293115
2026-01-03 11:53:52,662b83381afb9c00172dcf88,0.0,0.0,0.0,0.0,0.8,0.6,1.4,3.0,0.293115
2026-01-03 11:53:52,5822b5ededeb6c0012a2d66a,0.0,0.0,0.0,0.0,0.8,0.6,1.4,3.0,0.293115
2026-01-03 11:53:52,63b660d8bfd3d90017eaa4d5,0.0,0.0,0.0,0.0,0.8,0.6,1.4,3.0,0.293115
2026-01-03 11:53:52,63ae7be0bfd3d90017e8f3a8,0.0,0.0,0.0,0.0,0.8,0.6,1.4,3.0,0.293115
2026-01-03 11:53:52,63b54a04bfd3d90017ea783e,0.0,0.0,0.0,0.0,0.8,0.6,1.4,3.0,0.3
2026-01-03 11:53:52,63b54f70bfd3d90017ea7c86,0.0,0.0,0.0,0.0,0.8,0.6,1.4,3.0,0.293115
2026-01-03 11:53:52,5a8267fe5058170011f6eae1,0.0,0.0,0.0,0.0,0.8,0.6,1.4,3.0,0.293115
2026-01-03 11:53:52,595d984b3dcfc400106f2879,0.0,0.0,0.0,0.0,0.8,0.6,1.4,3.0,0.293115
2026-01-03 11:53:52,5b25a268f13cba001124e713,0.0,0.0,0.0,0.0,0.8,0.6,1.4,3.0,0.3
2026-01-03 11:53:52,63ae768dbfd3d90017e8f0f1,0.0,0.0,0.0,0.0,0.8,0.6,1.4,3.0,0.293115
2026-01-03 11:53:52,6818884f6dfb4b0018f8f50f,0.0,0.0,0.0,0.0,0.8,0.6,1.4,3.0,0.293115
2026-01-03 11:53:52,662a89ae1afb9c00172d26ad,0.0,0.0,0.0,0.0,0.8,0.6,1.4,3.0,0.293115
2026-01-03 11:53:52,63b54a70bfd3d90017ea7862,0.0,0.0,0.0,0.0,0.8,0.6,1.4,3.0,0.293115
2026-01-03 11:53:52,58e49783d9d6200011e0b9ce,0.0,0.0,0.0,0.0,0.8,0.6,1.4,3.0,0.293115
2026-01-03 11:53:52,5deb576d1dc17d7c5515ad0c,0.0,0.0,0.0,0.0,0.8,0.6,1.4,3.0,0.293115
2026-01-03 11:53:52,6623ef776f998a001b252768,0.0,0.0,0.0,0.0,0.8,0.6,1.4,3.0,0.293115
2026-01-03 11:53:52,58d7bbf2c1e33c00112b3216,0.0,0.0,0.0,0.0,0.8,0.6,1.4,3.0,0.293115
2026-01-03 11:53:52,662b51d21afb9c00172d89bf,0.0,0.0,0.0,0.0,0.8,0.6,1.4,3.0,0.293115
2026-01-03 11:53:52,58746295b807da0011e33ccb,0.0,0.0,0.0,0.0,0.8,0.6,1.4,3.0,0.293115
2026-01-03 11:53:52,585b2baec3f96200127dc508,0.0,0.0,0.0,0.0,0.8,0.6,1.4,3.0,0.293115
2026-01-03 11:53:52,5a606cd08576340017d06628,0.0,0.0,0.0,0.0,0.8,0.6,1.4,3.0,0.293115
2026-01-03 11:53:52,662b80051afb9c00172dcaf6,0.0,0.0,0.0,0.0,0.8,0.6,1.4,3.0,0.293115
2026-01-03 11:53:52,5d8cd253766c88001718893a,0.0,0.0,0.0,0.0,0.8,0.6,1.4,3.0,0.3
2026-01-03 11:53:52,662b5bc31afb9c00172d92e2,0.0,0.0,0.0,0.0,0.8,0.6,1.4,3.0,0.293115
2026-01-03 11:53:52,662b58401afb9c00172d90f5,0.0,0.0,0.0,0.0,0.8,0.6,1.4,3.0,0.293115
2026-01-03 11:53:52,5874644cb807da0011e33cd5,0.0,0.0,0.0,0.0,0.8,0.6,1.4,3.0,0.293115
2026-01-03 11:53:52,662b867b1afb9c00172dd250,0.0,0.0,0.0,0.0,0.8,0.6,1.4,3.0,0.293115
2026-01-03 11:53:52,597bf0b8faa7ea0011c7c293,0.0,0.0,0.0,0.0,0.8,0.6,1.4,3.0,0.293115
2026-01-03 11:53:52,5a10c79f02eb490011a0b0dd,0.0,0.0,0.0,0.0,0.8,0.6,1.4,3.0,0.293115
2026-01-03 11:53:52,68188af96dfb4b0018f8f8e4,0.0,0.0,0.0,0.0,0.8,0.6,1.4,3.0,0.293115
2026-01-03 11:53:52,662b83ff1afb9c00172dcffb,0.0,0.0,0.0,0.0,0.8,0.6,1.4,3.0,0.293115
2026-01-03 11:53:52,5deb576d1dc17d7c5515ad19,0.0,0.0,0.0,0.0,0.8,0.6,1.4,3.0,0.293115
2026-01-03 11:53:52,5b6329fdfd4edb0019c7dc0b,0.0,0.0,0.0,0.0,0.8,0.6,1.4,3.0,0.3
2026-01-03 11:53:52,589add0fb3bf7600110283ae,0.0,0.0,0.0,0.0,0.8,0.6,1.4,3.0,0.293115
2026-01-03 11:53:52,5deb576d1dc17d7c5515ad01,0.0,0.0,0.0,0.0,0.8,0.6,1.4,3.0,0.293115
2026-01-03 11:53:52,58abbf72bd82540010390ba4,0.0,0.0,0.0,0.0,0.8,0.6,1.4,3.0,0.293115
2026-01-03 11:53:52,6623f1f16f998a001b25281f,0.0,0.0,0.0,0.0,0.8,0.6,1.4,3.0,0.293115
2026-01-03 11:53:52,58ad6961bd82540010390be5,0.0,0.0,0.0,0.0,0.8,0.6,1.4,3.0,0.293115
2026-01-03 11:53:52,59ca2fa302eb490011a0a3fd,0.0,0.0,0.0,0.0,0.8,0.6,1.4,3.0,0.3
2026-01-03 11:53:52,5a606dbc8576340017d0662b,0.0,0.0,0.0,0.0,0.8,0.6,1.4,3.0,0.293115
2026-01-03 11:53:52,662b52a31afb9c00172d8b01,0.0,0.0,0.0,0.0,0.8,0.6,1.4,3.0,0.293115
2026-01-03 11:53:52,58abbee5bd82540010390ba2,0.0,0.0,0.0,0.0,0.8,0.6,1.4,3.0,0.293115
2026-01-03 11:53:52,662a8ef41afb9c00172d2af2,0.0,0.0,0.0,0.0,0.8,0.6,1.4,3.0,0.293115
2026-01-03 11:53:52,6623f5b56f998a001b25292f,0.0,0.0,0.0,0.0,0.8,0.6,1.4,3.0,0.293115
2026-01-03 11:53:52,66b1c398779f7400186740e3,0.0,0.0,0.0,0.0,0.8,0.6,1.4,3.0,0.293115
2026-01-03 11:53:52,58d7b756c1e33c00112b320d,0.0,0.0,0.0,0.0,0.8,0.6,1.4,3.0,0.293115
2026-01-03 11:53:52,6623e31e6f998a001b252250,0.0,0.0,0.0,0.0,0.8,0.6,1.4,3.0,0.293115
2026-01-03 11:53:52,5deb576d1dc17d7c5515acfe,0.0,0.0,0.0,0.0,0.8,0.6,1.4,3.0,0.293115
2026-01-03 11:53:52,6792f3cf8c5ed4001b27f61e,0.0,0.0,0.0,0.0,0.8,0.6,1.4,3.0,0.293115
2026-01-03 11:53:52,58df4e22dc195800111e04bb,0.0,0.0,0.0,0.0,0.8,0.6,1.4,3.0,0.293115
2026-01-03 11:53:52,58d7b3e8c1e33c00112b3207,0.0,0.0,0.0,0.0,0.8,0.6,1.4,3.0,0.3
2026-01-03 11:53:52,5d8cdc57766c88001718896e,0.0,0.0,0.0,0.0,0.8,0.6,1.4,3.0,0.293115
2026-01-03 11:53:52,66f1266f538c780017c93579,0.0,0.0,0.0,0.0,0.8,0.6,1.4,3.0,0.293115
2026-01-03 11:53:52,5ad0679598d8fc001102e274,0.0,0.0,0.0,0.0,0.8,0.6,1.4,3.0,0.293115
2026-01-03 11:53:52,5a824b6c5058170011f6eaab,0.0,0.0,0.0,0.0,0.8,0.6,1.4,3.0,0.3
2026-01-03 11:53:52,62da3e840637a10017d7073d,0.0,0.0,0.0,0.0,0.8,0.6,1.4,3.0,0.293115
2026-01-03 11:53:52,56de42f611f398ec0c481288,0.0,0.0,0.0,0.0,0.8,0.6,1.4,3.0,0.293115
2026-01-03 11:53:52,5d8cd614766c88001718894a,0.0,0.0,0.0,0.0,0.8,0.6,1.4,3.0,0.293115
2026-01-03 11:53:52,5a824f975058170011f6eab8,0.0,0.0,0.0,0.0,0.8,0.6,1.4,3.0,0.293115
2026-01-03 11:53:52,5a824c3e5058170011f6eaae,0.0,0.0,0.0,0.0,0.8,0.6,1.4,3.0,0.293115
2026-01-03 11:53:52,5deb576d1dc17d7c5515acf9,0.0,0.0,0.0,0.0,0.8,0.6,1.4,3.0,0.293115
2026-01-03 11:53:52,587470c2b807da0011e33ce4,0.0,0.0,0.0,0.0,0.8,0.6,1.4,3.0,0.293115
2026-01-03 11:53:52,68188cbf6dfb4b0018f900e9,0.0,0.0,0.0,0.0,0.8,0.6,1.4,3.0,0.293115
2026-01-03 11:53:52,67e217ea3215f90017863bf1,0.0,0.0,0.0,0.0,0.8,0.6,1.4,3.0,0.293115
2026-01-03 11:53:52,68ede6d0230ee50017d04d4c,0.0,0.0,0.0,0.0,0.8,0.6,1.4,3.0,0.293115
2026-01-03 11:53:52,584e734a61cfea0012cf694f,0.0,0.0,0.0,0.0,0.8,0.6,1.4,3.0,0.293115
2026-01-03 11:53:52,662b7f251afb9c00172dc8bc,0.0,0.0,0.0,0.0,0.8,0.6,1.4,3.0,0.293115
2026-01-03 11:53:52,6623ec826f998a001b252686,0.0,0.0,0.0,0.0,0.8,0.6,1.4,3.0,0.293115
2026-01-03 11:53:52,5deb576d1dc17d7c5515ad23,0.0,0.0,0.0,0.0,0.8,0.6,1.4,3.0,0.293115
2026-01-03 11:53:52,6922939144912200174bc80c,0.0,0.0,0.0,0.0,0.8,0.6,1.4,3.0,0.293115
2026-01-03 11:53:52,595d9ba43dcfc400106f2880,0.0,0.0,0.0,0.0,0.8,0.6,1.4,3.0,0.3
2026-01-03 11:53:52,6818863c6dfb4b0018f8f235,0.0,0.0,0.0,0.0,0.8,0.6,1.4,3.0,0.293115
2026-01-03 11:53:52,589ad89eb3bf7600110283ac,0.0,0.0,0.0,0.0,0.8,0.6,1.4,3.0,0.293115
2026-01-03 11:53:52,662b5adc1afb9c00172d925b,0.0,0.0,0.0,0.0,0.8,0.6,1.4,3.0,0.293115
2026-01-03 11:53:52,5701e22bc4350a1100e26f6c,0.0,0.0,0.0,0.0,0.8,0.6,1.4,3.0,0.3
2026-01-03 11:53:52,5b87c386ca057700116404a6,0.0,0.0,0.0,0.0,0.8,0.6,1.4,3.0,0.293115
2026-01-03 11:53:52,5d8cd542766c880017188948,0.0,0.0,0.0,0.0,0.8,0.6,1.4,3.0,0.293115
2026-01-03 11:53:52,6623e8406f998a001b252465,0.0,0.0,0.0,0.0,0.8,0.6,1.4,3.0,0.293115
2026-01-03 11:53:52,5875cef0b807da0011e33d14,0.0,0.0,0.0,0.0,0.8,0.6,1.4,3.0,0.3
2026-01-03 11:53:52,5a823d555058170011f6eaa2,0.0,0.0,0.0,0.0,0.8,0.6,1.4,3.0,0.3
2026-01-03 11:53:52,595da2853dcfc400106f2883,0.0,0.0,0.0,0.0,0.8,0.6,1.4,3.0,0.293115
2026-01-03 11:53:52,5b632950fd4edb0019c7dc07,0.0,0.0,0.0,0.0,0.8,0.6,1.4,3.0,0.293115
2026-01-03 11:53:52,5deb576d1dc17d7c5515ad06,0.0,0.0,0.0,0.0,0.8,0.6,1.4,3.0,0.293115
2026-01-03 11:53:52,662b54711afb9c00172d8d4f,0.0,0.0,0.0,0.0,0.8,0.6,1.4,3.0,0.293115
2026-01-03 11:53:52,5a8279865058170011f6eaef,0.0,0.0,0.0,0.0,0.8,0.6,1.4,3.0,0.293115
2026-01-03 11:53:52,662b4faa1afb9c00172d875e,0.0,0.0,0.0,0.0,0.8,0.6,1.4,3.0,0.293115
2026-01-03 11:53:52,662a87641afb9c00172d24b0,0.0,0.0,0.0,0.0,0.8,0.6,1.4,3.0,0.293115
2026-01-03 11:53:52,56de42f611f398ec0c4812a1,0.0,0.0,0.0,0.0,0.8,0.6,1.4,3.0,0.293115
2026-01-03 11:53:52,63ae7669bfd3d90017e8f0d9,0.0,0.0,0.0,0.0,0.8,0.6,1.4,3.0,0.293115
2026-01-03 11:53:52,63b65e6abfd3d90017eaa361,0.0,0.0,0.0,0.0,0.8,0.6,1.4,3.0,0.293115
2026-01-03 11:53:52,662a8fd41afb9c00172d2bac,0.0,0.0,0.0,0.0,0.8,0.6,1.4,3.0,0.293115
2026-01-03 11:53:52,56f11afc3ac17b11001c504e,0.0,0.0,0.0,0.0,0.8,0.6,1.4,3.0,0.293115
2026-01-03 11:53:52,585b2b1ec3f96200127dc505,0.0,0.0,0.0,0.0,0.8,0.6,1.4,3.0,0.293115
2026-01-03 11:53:52,5a825b7d5058170011f6ead4,0.0,0.0,0.0,0.0,0.8,0.6,1.4,3.0,0.293115
2026-01-03 11:53:52,5a6069238576340017d0661c,0.0,0.0,0.0,0.0,0.8,0.6,1.4,3.0,0.293115
2026-01-03 11:53:52,662b857b1afb9c00172dd106,0.0,0.0,0.0,0.0,0.8,0.6,1.4,3.0,0.293115
2026-01-03 11:53:52,56de42f611f398ec0c481298,0.0,0.0,0.0,0.0,0.8,0.6,1.4,3.0,0.293115
2026-01-03 11:53:52,63ae75f9bfd3d90017e8f097,0.0,0.0,0.0,0.0,0.8,0.6,1.4,3.0,0.293115
2026-01-03 11:53:52,63ae7829bfd3d90017e8f1ac,0.0,0.0,0.0,0.0,0.8,0.6,1.4,3.0,0.293115
2026-01-03 11:53:52,65e0556b6b18080018db665e,0.0,0.0,0.0,0.0,0.8,0.6,1.4,3.0,0.293115
2026-01-03 11:53:52,662b81eb1afb9c00172dcc85,0.0,0.0,0.0,0.0,0.8,0.6,1.4,3.0,0.293115
2026-01-03 11:53:52,595dd9ac3dcfc400106f28b4,0.0,0.0,0.0,0.0,0.8,0.6,1.4,3.0,0.293115
2026-01-03 11:53:52,662a8cc51afb9c00172d2938,0.0,0.0,0.0,0.0,0.8,0.6,1.4,3.0,0.293115
2026-01-03 11:53:52,587654d3b807da0011e33d36,0.0,0.0,0.0,0.0,0.8,0.6,1.4,3.0,0.293115
2026-01-03 11:53:52,5990ffdbbec3b90016d2ad2d,0.0,0.0,0.0,0.0,0.8,0.6,1.4,3.0,0.293115
2026-01-03 11:53:52,5a8259035058170011f6eacf,0.0,0.0,0.0,0.0,0.8,0.6,1.4,3.0,0.3
2026-01-03 11:53:52,63b54cffbfd3d90017ea7ad0,0.0,0.0,0.0,0.0,0.8,0.6,1.4,3.0,0.293115
2026-01-03 11:53:52,589b4644b3bf7600110283ce,0.0,0.0,0.0,0.0,0.8,0.6,1.4,3.0,0.293115
2026-01-03 11:53:52,5d8cd8e2766c880017188958,0.0,0.0,0.0,0.0,0.8,0.6,1.4,3.0,0.293115
2026-01-03 11:53:52,63b54fe4bfd3d90017ea7ca2,0.0,0.0,0.0,0.0,0.8,0.6,1.4,3.0,0.3
2026-01-03 11:53:52,6623ebd76f998a001b25264d,0.0,0.0,0.0,0.0,0.8,0.6,1.4,3.0,0.293115
2026-01-03 11:53:52,5a6086e88576340017d0668a,0.0,0.0,0.0,0.0,0.8,0.6,1.4,3.0,0.293115
2026-01-03 11:53:52,681888b66dfb4b0018f8f58c,0.0,0.0,0.0,0.0,0.8,0.6,1.4,3.0,0.293115
2026-01-03 11:53:52,5b6c15b8ca0577001163fe39,0.0,0.0,0.0,0.0,0.8,0.6,1.4,3.0,0.3
2026-01-03 11:53:52,5d8cd98d766c88001718895a,0.0,0.0,0.0,0.0,0.8,0.6,1.4,3.0,0.293115
2026-01-03 11:53:52,6623ee666f998a001b252726,0.0,0.0,0.0,0.0,0.8,0.6,1.4,3.0,0.293115
2026-01-03 11:53:52,662b84c11afb9c00172dd0b5,0.0,0.0,0.0,0.0,0.8,0.6,1.4,3.0,0.293115
2026-01-03 11:53:52,662b51201afb9c00172d889a,0.0,0.0,0.0,0.0,0.8,0.6,1.4,3.0,0.293115
2026-01-03 11:53:52,56df8198c062921100c143dd,0.0,0.0,0.0,0.0,0.8,0.6,1.4,3.0,0.293115
2026-01-03 11:53:52,56de42f611f398ec0c481282,0.0,0.0,0.0,0.0,0.8,0.6,1.4,3.0,0.293115
2026-01-03 11:53:52,58df4c2bdc195800111e04b7,0.0,0.0,0.0,0.0,0.8,0.6,1.4,3.0,0.3
2026-01-03 11:53:52,6623ea416f998a001b25260a,0.0,0.0,0.0,0.0,0.8,0.6,1.4,3.0,0.293115
2026-01-03 11:53:52,662b872d1afb9c00172dd36a,0.0,0.0,0.0,0.0,0.8,0.6,1.4,3.0,0.293115
2026-01-03 11:53:52,6623e4b06f998a001b2522f1,0.0,0.0,0.0,0.0,0.8,0.6,1.4,3.0,0.293115
2026-01-03 11:53:52,56de42f611f398ec0c48127e,0.0,0.0,0.0,0.0,0.8,0.6,1.4,3.0,0.293115
2026-01-03 11:53:52,595dd3a63dcfc400106f28a7,0.0,0.0,0.0,0.0,0.8,0.6,1.4,3.0,0.293115
2026-01-03 11:53:52,68ede5d4230ee50017d04c24,0.0,0.0,0.0,0.0,0.8,0.6,1.4,3.0,0.293115
2026-01-03 11:53:52,5a8266105058170011f6eadf,0.0,0.0,0.0,0.0,0.8,0.6,1.4,3.0,0.293115
2026-01-03 11:53:52,662b5afe1afb9c00172d9284,0.0,0.0,0.0,0.0,0.8,0.6,1.4,3.0,0.293115
2026-01-03 11:53:52,5a82602c5058170011f6ead9,0.0,0.0,0.0,0.0,0.8,0.6,1.4,3.0,0.293115
2026-01-03 11:53:52,585b2980c3f96200127dc502,0.0,0.0,0.0,0.0,0.8,0.6,1.4,3.0,0.293115
2026-01-03 11:53:52,56de42f611f398ec0c481284,0.0,0.0,0.0,0.0,0.8,0.6,1.4,3.0,0.3
2026-01-03 11:53:52,662b56c51afb9c00172d9071,0.0,0.0,0.0,0.0,0.8,0.6,1.4,3.0,0.293115
2026-01-03 11:53:52,63ae7a08bfd3d90017e8f285,0.0,0.0,0.0,0.0,0.8,0.6,1.4,3.0,0.293115
2026-01-03 11:53:52,662a8b061afb9c00172d27d7,0.0,0.0,0.0,0.0,0.8,0.6,1.4,3.0,0.293115
2026-01-03 11:53:52,587ee7d7b807da0011e33d55,0.0,0.0,0.0,0.0,0.8,0.6,1.4,3.0,0.293115
2026-01-03 11:53:52,5deb576d1dc17d7c5515ad12,0.0,0.0,0.0,0.0,0.8,0.6,1.4,3.0,0.3
2026-01-03 11:53:52,662b51a41afb9c00172d8926,0.0,0.0,0.0,0.0,0.8,0.6,1.4,3.0,0.3
2026-01-03 11:53:52,63ae7893bfd3d90017e8f1e1,0.0,0.0,0.0,0.0,0.8,0.6,1.4,3.0,0.293115
2026-01-03 11:53:52,662a8b9e1afb9c00172d284d,0.0,0.0,0.0,0.0,0.8,0.6,1.4,3.0,0.293115
2026-01-03 11:53:52,5a823ba75058170011f6ea9e,0.0,0.0,0.0,0.0,0.8,0.6,1.4,3.0,0.293115
2026-01-03 11:53:52,681887346dfb4b0018f8f36a,0.0,0.0,0.0,0.0,0.8,0.6,1.4,3.0,0.293115
2026-01-03 11:53:52,662b5a401afb9c00172d91fc,0.0,0.0,0.0,0.0,0.8,0.6,1.4,3.0,0.293115
2026-01-03 11:53:52,56df8544c062921100c143e6,0.0,0.0,0.0,0.0,0.8,0.6,1.4,3.0,0.293115
2026-01-03 11:53:52,595ddb493dcfc400106f28b6,0.0,0.0,0.0,0.0,0.8,0.6,1.4,3.0,0.3
2026-01-03 11:53:52,66b1c1f2779f740018673f0d,0.0,0.0,0.0,0.0,0.8,0.6,1.4,3.0,0.293115
2026-01-03 11:53:52,589b4379b3bf7600110283c9,0.0,0.0,0.0,0.0,0.8,0.6,1.4,3.0,0.293115
2026-01-03 11:53:52,5a60604f8576340017d0660b,0.0,0.0,0.0,0.0,0.8,0.6,1.4,3.0,0.293115
2026-01-03 11:53:52,5d8cd9cb766c88001718895c,0.0,0.0,0.0,0.0,0.8,0.6,1.4,3.0,0.293115
2026-01-03 11:53:52,6623e6b86f998a001b2523b8,0.0,0.0,0.0,0.0,0.8,0.6,1.4,3.0,0.293115
2026-01-03 11:53:52,5a8256315058170011f6eac9,0.0,0.0,0.0,0.0,0.8,0.6,1.4,3.0,0.293115
2026-01-03 11:53:52,5ad064b498d8fc001102e26f,0.0,0.0,0.0,0.0,0.8,0.6,1.4,3.0,0.293115
2026-01-03 11:53:52,58af8d68bd82540010390c2e,0.0,0.0,0.0,0.0,0.8,0.6,1.4,3.0,0.293115
2026-01-03 11:53:52,65e0552f6b18080018db6647,0.0,0.0,0.0,0.0,0.8,0.6,1.4,3.0,0.293115
2026-01-03 11:53:52,595da7783dcfc400106f2888,0.0,0.0,0.0,0.0,0.8,0.6,1.4,3.0,0.293115
2026-01-03 11:53:52,662a8e121afb9c00172d2a3f,0.0,0.0,0.0,0.0,0.8,0.6,1.4,3.0,0.293115
2026-01-03 11:53:52,662b5be91afb9c00172d939b,0.0,0.0,0.0,0.0,0.8,0.6,1.4,3.0,0.293115
2026-01-03 11:53:52,5b728aafca0577001163ff7e,0.0,0.0,0.0,0.0,0.8,0.6,1.4,3.0,0.3
2026-01-03 11:53:52,6818901a6dfb4b0018f9058a,0.0,0.0,0.0,0.0,0.8,0.6,1.4,3.0,0.293115
2026-01-03 11:53:52,63ae7966bfd3d90017e8f240,0.0,0.0,0.0,0.0,0.8,0.6,1.4,3.0,0.3
2026-01-03 11:53:52,5a607fa38576340017d06671,0.0,0.0,0.0,0.0,0.8,0.6,1.4,3.0,0.293115
2026-01-03 11:53:52,662b87551afb9c00172dd43a,0.0,0.0,0.0,0.0,0.8,0.6,1.4,3.0,0.293115
2026-01-03 11:53:52,5deb576d1dc17d7c5515ad21,0.0,0.0,0.0,0.0,0.8,0.6,1.4,3.0,0.293115
2026-01-03 11:53:52,68188bf46dfb4b0018f8ff12,0.0,0.0,0.0,0.0,0.8,0.6,1.4,3.0,0.293115
2026-01-03 11:53:52,68a589a54e89b100173b6267,0.0,0.0,0.0,0.0,0.8,0.6,1.4,3.0,0.293115
2026-01-03 11:53:52,56de42f611f398ec0c481289,0.0,0.0,0.0,0.0,0.8,0.6,1.4,3.0,0.293115
2026-01-03 11:53:52,58ad69c4bd82540010390be7,0.0,0.0,0.0,0.0,0.8,0.6,1.4,3.0,0.293115
2026-01-03 11:53:52,6623f5876f998a001b25291a,0.0,0.0,0.0,0.0,0.8,0.6,1.4,3.0,0.293115
2026-01-03 11:53:52,6623e2e16f998a001b252233,0.0,0.0,0.0,0.0,0.8,0.6,1.4,3.0,0.293115
2026-01-03 11:53:52,63b54898bfd3d90017ea77ae,0.0,0.0,0.0,0.0,0.8,0.6,1.4,3.0,0.293115
2026-01-03 11:53:52,63b549b8bfd3d90017ea782c,0.0,0.0,0.0,0.0,0.8,0.6,1.4,3.0,0.293115
2026-01-03 11:53:52,662b5b271afb9c00172d9296,0.0,0.0,0.0,0.0,0.8,0.6,1.4,3.0,0.293115
2026-01-03 11:53:52,662a87df1afb9c00172d2522,0.0,0.0,0.0,0.0,0.8,0.6,1.4,3.0,0.293115
2026-01-03 11:53:52,68ede60a230ee50017d04c69,0.0,0.0,0.0,0.0,0.8,0.6,1.4,3.0,0.293115
2026-01-03 11:53:52,5a823bd55058170011f6eaa0,0.0,0.0,0.0,0.0,0.8,0.6,1.4,3.0,0.293115
2026-01-03 11:53:52,5a6085688576340017d06684,0.0,0.0,0.0,0.0,0.8,0.6,1.4,3.0,0.293115
2026-01-03 11:53:52,595dd7693dcfc400106f28b0,0.0,0.0,0.0,0.0,0.8,0.6,1.4,3.0,0.293115
2026-01-03 11:53:52,6623e88c6f998a001b25248b,0.0,0.0,0.0,0.0,0.8,0.6,1.4,3.0,0.293115
2026-01-03 11:53:52,63b54996bfd3d90017ea781a,0.0,0.0,0.0,0.0,0.8,0.6,1.4,3.0,0.293115
2026-01-03 11:53:52,56de42f611f398ec0c481283,0.0,0.0,0.0,0.0,0.8,0.6,1.4,3.0,0.293115
2026-01-03 11:53:52,5d8cdcf0766c880017188972,0.0,0.0,0.0,0.0,0.8,0.6,1.4,3.0,0.293115
2026-01-03 11:53:52,67e217643215f90017863b73,0.0,0.0,0.0,0.0,0.8,0.6,1.4,3.0,0.293115
2026-01-03 11:53:52,662b57ec1afb9c00172d90e3,0.0,0.0,0.0,0.0,0.8,0.6,1.4,3.0,0.3
2026-01-03 11:53:52,662b50571afb9c00172d87df,0.0,0.0,0.0,0.0,0.8,0.6,1.4,3.0,0.293115
2026-01-03 11:53:52,56df8274c062921100c143df,0.0,0.0,0.0,0.0,0.8,0.6,1.4,3.0,0.293115
2026-01-03 11:53:52,662b52131afb9c00172d8a23,0.0,0.0,0.0,0.0,0.8,0.6,1.4,3.0,0.3
2026-01-03 11:53:52,68188b786dfb4b0018f8face,0.0,0.0,0.0,0.0,0.8,0.6,1.4,3.0,0.293115
2026-01-03 11:53:52,5a6061fd8576340017d06613,0.0,0.0,0.0,0.0,0.8,0.6,1.4,3.0,0.293115
2026-01-03 11:53:52,6623f0246f998a001b252797,0.0,0.0,0.0,0.0,0.8,0.6,1.4,3.0,0.293115
2026-01-03 11:53:52,595da7d93dcfc400106f288a,0.0,0.0,0.0,0.0,0.8,0.6,1.4,3.0,0.293115
2026-01-03 11:53:52,66b1c311779f740018674083,0.0,0.0,0.0,0.0,0.8,0.6,1.4,3.0,0.293115
2026-01-03 11:53:52,68ae7f327d735d00173c74e4,0.0,0.0,0.0,0.0,0.8,0.6,1.4,3.0,0.293115
2026-01-03 11:53:52,59ca30fd02eb490011a0a406,0.0,0.0,0.0,0.0,0.8,0.6,1.4,3.0,0.293115
2026-01-03 11:53:52,662a8cfe1afb9c00172d296e,0.0,0.0,0.0,0.0,0.8,0.6,1.4,3.0,0.293115
2026-01-03 11:53:52,589b39d9b3bf7600110283c1,0.0,0.0,0.0,0.0,0.8,0.6,1.4,3.0,0.293115
2026-01-03 11:53:52,5d8cd326766c88001718893e,0.0,0.0,0.0,0.0,0.8,0.6,1.4,3.0,0.293115
2026-01-03 11:53:52,587461c1b807da0011e33cc8,0.0,0.0,0.0,0.0,0.8,0.6,1.4,3.0,0.293115
2026-01-03 11:53:52,63ae76afbfd3d90017e8f106,0.0,0.0,0.0,0.0,0.8,0.6,1.4,3.0,0.293115
2026-01-03 11:53:52,63b661a3bfd3d90017eaa520,0.0,0.0,0.0,0.0,0.8,0.6,1.4,3.0,0.293115
2026-01-03 11:53:52,583f926761cfea0012cf68f1,0.0,0.0,0.0,0.0,0.8,0.6,1.4,3.0,0.293115
2026-01-03 11:53:52,6878bab06145d3001ba517f7,0.0,0.0,0.0,0.0,0.8,0.6,1.4,3.0,0.293115
2026-01-03 11:53:52,56df81d8c062921100c143de,0.0,0.0,0.0,0.0,0.8,0.6,1.4,3.0,0.293115
2026-01-03 11:53:52,63ae73cebfd3d90017e8f00d,0.0,0.0,0.0,0.0,0.8,0.6,1.4,3.0,0.293115
2026-01-03 11:53:52,662a8a661afb9c00172d2762,0.0,0.0,0.0,0.0,0.8,0.6,1.4,3.0,0.293115
2026-01-03 11:53:52,6623e7526f998a001b252407,0.0,0.0,0.0,0.0,0.8,0.6,1.4,3.0,0.293115
2026-01-03 11:53:52,5a6084898576340017d06680,0.0,0.0,0.0,0.0,0.8,0.6,1.4,3.0,0.293115
2026-01-03 11:53:52,56de42f611f398ec0c48129b,0.0,0.0,0.0,0.0,0.8,0.6,1.4,3.0,0.293115
2026-01-03 11:53:52,586e2492f9fab7001111b0ab,0.0,0.0,0.0,0.0,0.8,0.6,1.4,3.0,0.293115
2026-01-03 11:53:52,68edd621230ee50017d031c5,0.0,0.0,0.0,0.0,0.8,0.6,1.4,3.0,0.293115
2026-01-03 11:53:52,68ede0cf230ee50017d04657,0.0,0.0,0.0,0.0,0.8,0.6,1.4,3.0,0.293115
2026-01-03 11:53:52,662b571d1afb9c00172d9083,0.0,0.0,0.0,0.0,0.8,0.6,1.4,3.0,0.3
2026-01-03 11:53:52,587479b1b807da0011e33cf9,0.0,0.0,0.0,0.0,0.8,0.6,1.4,3.0,0.293115
2026-01-03 11:53:52,62da3e620637a10017d70720,0.0,0.0,0.0,0.0,0.8,0.6,1.4,3.0,0.3
2026-01-03 11:53:52,63b54909bfd3d90017ea77e4,0.0,0.0,0.0,0.0,0.8,0.6,1.4,3.0,0.293115
2026-01-03 11:53:52,595ddbbf3dcfc400106f28b8,0.0,0.0,0.0,0.0,0.8,0.6,1.4,3.0,0.293115
2026-01-03 11:53:52,5d9de43b766c880017188cb6,0.0,0.0,0.0,0.0,0.8,0.6,1.4,3.0,0.293115
2026-01-03 11:53:52,5a8250cc5058170011f6eaba,0.0,0.0,0.0,0.0,0.8,0.6,1.4,3.0,0.3
2026-01-03 11:53:52,6818868b6dfb4b0018f8f298,0.0,0.0,0.0,0.0,0.8,0.6,1.4,3.0,0.293115
2026-01-03 11:53:52,5b0b7e1c0e517b00119fd80b,0.0,0.0,0.0,0.0,0.8,0.6,1.4,3.0,0.3
2026-01-03 11:53:52,56de42f611f398ec0c48129a,0.0,0.0,0.0,0.0,0.8,0.6,1.4,3.0,0.293115
2026-01-03 11:53:52,662b57711afb9c00172d90a7,0.0,0.0,0.0,0.0,0.8,0.6,1.4,3.0,0.293115
2026-01-03 11:53:52,63b54968bfd3d90017ea7808,0.0,0.0,0.0,0.0,0.8,0.6,1.4,3.0,0.293115
2026-01-03 11:53:52,56de42f611f398ec0c48127f,0.0,0.0,0.0,0.0,0.8,0.6,1.4,3.0,0.293115
2026-01-03 11:53:52,58df5016dc195800111e04bd,0.0,0.0,0.0,0.0,0.8,0.6,1.4,3.0,0.293115
2026-01-03 11:53:52,681887836dfb4b0018f8f3d1,0.0,0.0,0.0,0.0,0.8,0.6,1.4,3.0,0.293115
2026-01-03 11:53:52,681884726dfb4b0018f8f035,0.0,0.0,0.0,0.0,0.8,0.6,1.4,3.0,0.293115
2026-01-03 11:53:52,5d8cdac3766c880017188962,0.0,0.0,0.0,0.0,0.8,0.6,1.4,3.0,0.293115
2026-01-03 11:53:52,587ef5dfb807da0011e33d59,0.0,0.0,0.0,0.0,0.8,0.6,1.4,3.0,0.293115
2026-01-03 11:53:52,68fae32b6b936b001721878b,0.0,0.0,0.0,0.0,0.8,0.6,1.4,3.0,0.293115
2026-01-03 11:53:52,595dc2f03dcfc400106f2896,0.0,0.0,0.0,0.0,0.8,0.6,1.4,3.0,0.293115
2026-01-03 11:53:52,662b85f51afb9c00172dd1c2,0.0,0.0,0.0,0.0,0.8,0.6,1.4,3.0,0.293115
2026-01-03 11:53:52,692293f044912200174bc856,0.0,0.0,0.0,0.0,0.8,0.6,1.4,3.0,0.293115
2026-01-03 11:53:52,68a588c04e89b100173b616b,0.0,0.0,0.0,0.0,0.8,0.6,1.4,3.0,0.293115
2026-01-03 11:53:52,5d8cdbdc766c88001718896a,0.0,0.0,0.0,0.0,0.8,0.6,1.4,3.0,0.293115
2026-01-03 11:53:52,63b54d5abfd3d90017ea7afe,0.0,0.0,0.0,0.0,0.8,0.6,1.4,3.0,0.293115
2026-01-03 11:53:52,5deb576d1dc17d7c5515ad13,0.0,0.0,0.0,0.0,0.8,0.6,1.4,3.0,0.293115
2026-01-03 11:53:52,662b862a1afb9c00172dd1ff,0.0,0.0,0.0,0.0,0.8,0.6,1.4,3.0,0.293115
2026-01-03 11:53:52,5deb576d1dc17d7c5515acf2,0.0,0.0,0.0,0.0,0.8,0.6,1.4,3.0,0.293115
2026-01-03 11:53:52,5a824e465058170011f6eab4,0.0,0.0,0.0,0.0,0.8,0.6,1.4,3.0,0.293115
2026-01-03 11:53:52,662b57471afb9c00172d9095,0.0,0.0,0.0,0.0,0.8,0.6,1.4,3.0,0.293115
2026-01-03 11:53:52,56de42f611f398ec0c481291,0.0,0.0,0.0,0.0,0.8,0.6,1.4,3.0,0.293115
2026-01-03 11:53:52,584e71cb61cfea0012cf694b,0.0,0.0,0.0,0.0,0.8,0.6,1.4,3.0,0.3
2026-01-03 11:53:52,595f874d3dcfc400106f28ec,0.0,0.0,0.0,0.0,0.8,0.6,1.4,3.0,0.293115
2026-01-03 11:53:52,5b19d34faf4ff60011d6ea52,0.0,0.0,0.0,0.0,0.8,0.6,1.4,3.0,0.293115
2026-01-03 11:53:52,63b3c9bfbfd3d90017e9b039,0.0,0.0,0.0,0.0,0.8,0.6,1.4,3.0,0.293115
2026-01-03 11:53:52,5deb576d1dc17d7c5515acf4,0.0,0.0,0.0,0.0,0.8,0.6,1.4,3.0,0.3
2026-01-03 11:53:52,6922944044912200174bc883,0.0,0.0,0.0,0.0,0.8,0.6,1.4,3.0,0.293115
2026-01-03 11:53:52,58af99abbd82540010390c39,0.0,0.0,0.0,0.0,0.8,0.6,1.4,3.0,0.293115
2026-01-03 11:53:52,68a5894a4e89b100173b6202,0.0,0.0,0.0,0.0,0.8,0.6,1.4,3.0,0.293115
2026-01-03 11:53:52,6623ecc16f998a001b25269e,0.0,0.0,0.0,0.0,0.8,0.6,1.4,3.0,0.293115
2026-01-03 11:53:52,6623e3ea6f998a001b2522ae,0.0,0.0,0.0,0.0,0.8,0.6,1.4,3.0,0.293115
2026-01-03 11:53:52,662b7d0c1afb9c00172dc6a6,0.0,0.0,0.0,0.0,0.8,0.6,1.4,3.0,0.293115
2026-01-03 11:53:52,662b54bb1afb9c00172d8dbb,0.0,0.0,0.0,0.0,0.8,0.6,1.4,3.0,0.293115
2026-01-03 11:53:52,662b58bd1afb9c00172d9119,0.0,0.0,0.0,0.0,0.8,0.6,1.4,3.0,0.293115
2026-01-03 11:53:52,595f86c43dcfc400106f28ea,0.0,0.0,0.0,0.0,0.8,0.6,1.4,3.0,0.293115
2026-01-03 11:53:52,59ca321b02eb490011a0a40d,0.0,0.0,0.0,0.0,0.8,0.6,1.4,3.0,0.293115
2026-01-03 11:53:52,5a82439f5058170011f6eaa9,0.0,0.0,0.0,0.0,0.8,0.6,1.4,3.0,0.293115
2026-01-03 11:53:52,6623e5d66f998a001b25235a,0.0,0.0,0.0,0.0,0.8,0.6,1.4,3.0,0.293115
2026-01-03 11:53:52,58d7c20ac1e33c00112b321c,0.0,0.0,0.0,0.0,0.8,0.6,1.4,3.0,0.293115
2026-01-03 11:53:52,589d0b74b3bf7600110283d4,0.0,0.0,0.0,0.0,0.8,0.6,1.4,3.0,0.293115
2026-01-03 11:53:52,56df807bc062921100c143da,0.0,0.0,0.0,0.0,0.8,0.6,1.4,3.0,0.293115
2026-01-03 11:53:52,662b82a61afb9c00172dcdfd,0.0,0.0,0.0,0.0,0.8,0.6,1.4,3.0,0.293115
2026-01-03 11:53:52,586e266ef9fab7001111b0b0,0.0,0.0,0.0,0.0,0.8,0.6,1.4,3.0,0.293115
2026-01-03 11:53:52,63ae7a74bfd3d90017e8f2c7,0.0,0.0,0.0,0.0,0.8,0.6,1.4,3.0,0.293115
2026-01-03 11:53:52,59d3414302eb490011a0a610,0.0,0.0,0.0,0.0,0.8,0.6,1.4,3.0,0.293115
2026-01-03 11:53:52,6623e9e96f998a001b2525ce,0.0,0.0,0.0,0.0,0.8,0.6,1.4,3.0,0.293115
2026-01-03 11:53:52,63ae7a9cbfd3d90017e8f303,0.0,0.0,0.0,0.0,0.8,0.6,1.4,3.0,0.293115
2026-01-03 11:53:52,5a6085188576340017d06682,0.0,0.0,0.0,0.0,0.8,0.6,1.4,3.0,0.3
2026-01-03 11:53:52,56de42f611f398ec0c481286,0.0,0.0,0.0,0.0,0.8,0.6,1.4,3.0,0.293115
2026-01-03 11:53:52,6623f14b6f998a001b2527f0,0.0,0.0,0.0,0.0,0.8,0.6,1.4,3.0,0.293115
2026-01-03 11:53:52,662b4f411afb9c00172d86fc,0.0,0.0,0.0,0.0,0.8,0.6,1.4,3.0,0.293115
2026-01-03 11:53:52,6792f9c88c5ed4001b27fb3d,0.0,0.0,0.0,0.0,0.8,0.6,1.4,3.0,0.293115
2026-01-03 11:53:52,662b843d1afb9c00172dd02d,0.0,0.0,0.0,0.0,0.8,0.6,1.4,3.0,0.293115
2026-01-03 11:53:52,595d9b3b3dcfc400106f287e,0.0,0.0,0.0,0.0,0.8,0.6,1.4,3.0,0.293115
2026-01-03 11:53:52,5deb576d1dc17d7c5515ad0b,0.0,0.0,0.0,0.0,0.8,0.6,1.4,3.0,0.293115
2026-01-03 11:53:52,5a6087858576340017d0668e,0.0,0.0,0.0,0.0,0.8,0.6,1.4,3.0,0.293115
2026-01-03 11:53:52,662b4e581afb9c00172d862f,0.0,0.0,0.0,0.0,0.8,0.6,1.4,3.0,0.293115
2026-01-03 11:53:52,587464e2b807da0011e33cd9,0.0,0.0,0.0,0.0,0.8,0.6,1.4,3.0,0.293115
2026-01-03 11:53:52,58afdbaebd82540010390c48,0.0,0.0,0.0,0.0,0.8,0.6,1.4,3.0,0.293115
2026-01-03 11:53:52,63b54c51bfd3d90017ea7aa0,0.0,0.0,0.0,0.0,0.8,0.6,1.4,3.0,0.293115
2026-01-03 11:53:52,58ad6214bd82540010390be2,0.0,0.0,0.0,0.0,0.8,0.6,1.4,3.0,0.293115
2026-01-03 11:53:52,5deb576d1dc17d7c5515ad09,0.0,0.0,0.0,0.0,0.8,0.6,1.4,3.0,0.293115
2026-01-03 11:53:52,58af8a0bbd82540010390c25,0.0,0.0,0.0,0.0,0.8,0.6,1.4,3.0,0.293115
2026-01-03 11:53:52,5b0b74280e517b00119fd7f9,0.0,0.0,0.0,0.0,0.8,0.6,1.4,3.0,0.3
2026-01-03 11:53:52,587ef859b807da0011e33d5b,0.0,0.0,0.0,0.0,0.8,0.6,1.4,3.0,0.293115
2026-01-03 11:53:52,58744e97b807da0011e33cb9,0.0,0.0,0.0,0.0,0.8,0.6,1.4,3.0,0.293115
2026-01-03 11:53:52,692293c644912200174bc83b,0.0,0.0,0.0,0.0,0.8,0.6,1.4,3.0,0.293115
2026-01-03 11:53:52,63b54a48bfd3d90017ea7850,0.0,0.0,0.0,0.0,0.8,0.6,1.4,3.0,0.293115
2026-01-03 11:53:52,58c2717ed56e930010a39ac0,0.0,0.0,0.0,0.0,0.8,0.6,1.4,3.0,0.293115
2026-01-03 11:53:52,58afcd9bbd82540010390c41,0.0,0.0,0.0,0.0,0.8,0.6,1.4,3.0,0.293115
2026-01-03 11:53:52,63b54a9ebfd3d90017ea7911,0.0,0.0,0.0,0.0,0.8,0.6,1.4,3.0,0.293115
2026-01-03 11:53:52,5bbc7163ca0577001164127f,0.0,0.0,0.0,0.0,0.8,0.6,1.4,3.0,0.293115
2026-01-03 11:53:52,6623f3d66f998a001b252890,0.0,0.0,0.0,0.0,0.8,0.6,1.4,3.0,0.293115
2026-01-03 11:53:52,5b6005b6fd4edb0019c7db25,0.0,0.0,0.0,0.0,0.8,0.6,1.4,3.0,0.293115
2026-01-03 11:53:52,662a902a1afb9c00172d2bed,0.0,0.0,0.0,0.0,0.8,0.6,1.4,3.0,0.293115
2026-01-03 11:53:52,662b85481afb9c00172dd0f1,0.0,0.0,0.0,0.0,0.8,0.6,1.4,3.0,0.293115
2026-01-03 11:53:52,6623ef2b6f998a001b252753,0.0,0.0,0.0,0.0,0.8,0.6,1.4,3.0,0.293115
2026-01-03 11:53:52,66b1c4e7779f7400186741e4,0.0,0.0,0.0,0.0,0.8,0.6,1.4,3.0,0.293115
2026-01-03 11:53:52,56de42f611f398ec0c48129c,0.0,0.0,0.0,0.0,0.8,0.6,1.4,3.0,0.293115
2026-01-03 11:53:52,587c8661b807da0011e33d43,0.0,0.0,0.0,0.0,0.8,0.6,1.4,3.0,0.3
2026-01-03 11:53:52,5b632a79fd4edb0019c7dc0f,0.0,0.0,0.0,0.0,0.8,0.6,1.4,3.0,0.3
2026-01-03 11:53:52,662a87a41afb9c00172d24e9,0.0,0.0,0.0,0.0,0.8,0.6,1.4,3.0,0.293115
2026-01-03 11:53:52,595dd4133dcfc400106f28a9,0.0,0.0,0.0,0.0,0.8,0.6,1.4,3.0,0.293115
2026-01-03 11:53:52,662b5b8c1afb9c00172d92ca,0.0,0.0,0.0,0.0,0.8,0.6,1.4,3.0,0.293115
2026-01-03 11:53:52,5d8cd7bb766c880017188952,0.0,0.0,0.0,0.0,0.8,0.6,1.4,3.0,0.3
2026-01-03 11:53:52,56df857fc062921100c143e7,0.0,0.0,0.0,0.0,0.8,0.6,1.4,3.0,0.3
2026-01-03 11:53:52,63ae75debfd3d90017e8f082,0.0,0.0,0.0,0.0,0.8,0.6,1.4,3.0,0.293115
2026-01-03 11:53:52,6623eb466f998a001b252632,0.0,0.0,0.0,0.0,0.8,0.6,1.4,3.0,0.293115
2026-01-03 11:53:52,5a824dc05058170011f6eab2,0.0,0.0,0.0,0.0,0.8,0.6,1.4,3.0,0.293115
2026-01-03 11:53:52,5d8cd49f766c880017188944,0.0,0.0,0.0,0.0,0.8,0.6,1.4,3.0,0.3
2026-01-03 11:53:52,5a606c078576340017d06624,0.0,0.0,0.0,0.0,0.8,0.6,1.4,3.0,0.293115
2026-01-03 11:53:52,5deb576d1dc17d7c5515acf3,0.0,0.0,0.0,0.0,0.8,0.6,1.4,3.0,0.293115
2026-01-03 11:53:52,5a8254b05058170011f6eac3,0.0,0.0,0.0,0.0,0.8,0.6,1.4,3.0,0.293115
2026-01-03 11:53:52,662b50c11afb9c00172d8843,0.0,0.0,0.0,0.0,0.8,0.6,1.4,3.0,0.293115
2026-01-03 11:53:52,6623f51a6f998a001b252900,0.0,0.0,0.0,0.0,0.8,0.6,1.4,3.0,0.293115
2026-01-03 11:53:52,5deb576d1dc17d7c5515ad1b,0.0,0.0,0.0,0.0,0.8,0.6,1.4,3.0,0.3
2026-01-03 11:53:52,58744e3eb807da0011e33cb7,0.0,0.0,0.0,0.0,0.8,0.6,1.4,3.0,0.293115
2026-01-03 11:53:52,58744dd9b807da0011e33cb5,0.0,0.0,0.0,0.0,0.8,0.6,1.4,3.0,0.293115
2026-01-03 11:53:52,56df8416c062921100c143e4,0.0,0.0,0.0,0.0,0.8,0.6,1.4,3.0,0.3
2026-01-03 11:53:52,681883b46dfb4b0018f8ef39,0.0,0.0,0.0,0.0,0.8,0.6,1.4,3.0,0.293115
2026-01-03 11:53:52,58af8b69bd82540010390c28,0.0,0.0,0.0,0.0,0.8,0.6,1.4,3.0,0.293115
2026-01-03 11:53:52,6623e3a26f998a001b252291,0.0,0.0,0.0,0.0,0.8,0.6,1.4,3.0,0.293115
2026-01-03 11:53:52,589b3ceeb3bf7600110283c3,0.0,0.0,0.0,0.0,0.8,0.6,1.4,3.0,0.293115
2026-01-03 11:53:52,595dcab53dcfc400106f289d,0.0,0.0,0.0,0.0,0.8,0.6,1.4,3.0,0.293115
2026-01-03 11:53:52,662a89211afb9c00172d2636,0.0,0.0,0.0,0.0,0.8,0.6,1.4,3.0,0.293115
2026-01-03 11:53:52,5deb576d1dc17d7c5515ad05,0.0,0.0,0.0,0.0,0.8,0.6,1.4,3.0,0.293115
2026-01-03 11:53:52,595dd4f43dcfc400106f28ab,0.0,0.0,0.0,0.0,0.8,0.6,1.4,3.0,0.293115
2026-01-03 11:53:52,6792ef4f8c5ed4001b27f2c0,0.0,0.0,0.0,0.0,0.8,0.6,1.4,3.0,0.293115
2026-01-03 11:53:52,662b84771afb9c00172dd076,0.0,0.0,0.0,0.0,0.8,0.6,1.4,3.0,0.293115
2026-01-03 11:53:52,6623f0b46f998a001b2527c3,0.0,0.0,0.0,0.0,0.8,0.6,1.4,3.0,0.293115
2026-01-03 11:53:52,6922928544912200174bc755,0.0,0.0,0.0,0.0,0.8,0.6,1.4,3.0,0.293115
2026-01-03 11:53:52,665861d864f11e00173c73a9,0.0,0.0,0.0,0.0,0.8,0.6,1.4,3.0,0.293115
2026-01-03 11:53:52,5a607f078576340017d0666f,0.0,0.0,0.0,0.0,0.8,0.6,1.4,3.0,0.293115
2026-01-03 11:53:52,68ede112230ee50017d046a6,0.0,0.0,0.0,0.0,0.8,0.6,1.4,3.0,0.293115
2026-01-03 11:53:52,5a824ee15058170011f6eab6,0.0,0.0,0.0,0.0,0.8,0.6,1.4,3.0,0.293115
2026-01-03 11:53:52,6623ed396f998a001b2526b8,0.0,0.0,0.0,0.0,0.8,0.6,1.4,3.0,0.293115
2026-01-03 11:53:52,5b632b60fd4edb0019c7dc12,0.0,0.0,0.0,0.0,0.8,0.6,1.4,3.0,0.3
2026-01-03 11:53:52,587c8d97b807da0011e33d49,0.0,0.0,0.0,0.0,0.8,0.6,1.4,3.0,0.293115
2026-01-03 11:53:52,59414c883dcfc400106f260b,0.0,0.0,0.0,0.0,0.8,0.6,1.4,3.0,0.293115
2026-01-03 11:53:52,56df82d4c062921100c143e0,0.0,0.0,0.0,0.0,0.8,0.6,1.4,3.0,0.293115
2026-01-03 11:53:52,6792f1008c5ed4001b27f41f,0.0,0.0,0.0,0.0,0.8,0.6,1.4,3.0,0.293115
2026-01-03 11:53:52,58affc6017139d0010f35cc8,0.0,0.0,0.0,0.0,0.8,0.6,1.4,3.0,0.293115
2026-01-03 11:53:52,587463bab807da0011e33cd3,0.0,0.0,0.0,0.0,0.8,0.6,1.4,3.0,0.293115
2026-01-03 11:53:52,5deb576d1dc17d7c5515ad1c,0.0,0.0,0.0,0.0,0.8,0.6,1.4,3.0,0.293115
2026-01-03 11:53:52,56de42f611f398ec0c481287,0.0,0.0,0.0,0.0,0.8,0.6,1.4,3.0,0.293115
2026-01-03 11:53:52,662b5c981afb9c00172d94c0,0.0,0.0,0.0,0.0,0.8,0.6,1.4,3.0,0.293115
2026-01-03 11:53:52,662a861e1afb9c00172d23ad,0.0,0.0,0.0,0.0,0.8,0.6,1.4,3.0,0.293115
2026-01-03 11:53:52,662b5a9c1afb9c00172d9240,0.0,0.0,0.0,0.0,0.8,0.6,1.4,3.0,0.293115
2026-01-03 11:53:52,662a88a01afb9c00172d25d1,0.0,0.0,0.0,0.0,0.8,0.6,1.4,3.0,0.293115
2026-01-03 11:53:52,68a587fc4e89b100173b6054,0.0,0.0,0.0,0.0,0.8,0.6,1.4,3.0,0.293115
2026-01-03 11:53:52,662b4e201afb9c00172d85f9,0.0,0.0,0.0,0.0,0.8,0.6,1.4,3.0,0.293115
2026-01-03 11:53:52,5d8cdb4b766c880017188966,0.0,0.0,0.0,0.0,0.8,0.6,1.4,3.0,0.293115
2026-01-03 11:53:52,58b57a6c17139d0010f35d65,0.0,0.0,0.0,0.0,0.8,0.6,1.4,3.0,0.3
2026-01-03 11:53:52,62da3e390637a10017d706ff,0.0,0.0,0.0,0.0,0.8,0.6,1.4,3.0,0.293115
2026-01-03 11:53:52,5deb576d1dc17d7c5515ad10,0.0,0.0,0.0,0.0,0.8,0.6,1.4,3.0,0.293115
2026-01-03 11:53:52,66b1c4a2779f74001867418c,0.0,0.0,0.0,0.0,0.8,0.6,1.4,3.0,0.293115
2026-01-03 11:53:52,631813ebc9eae60017a196b0,0.0,0.0,0.0,0.0,0.8,0.6,1.4,3.0,0.293115
2026-01-03 11:53:52,68188cfa6dfb4b0018f9013c,0.0,0.0,0.0,0.0,0.8,0.6,1.4,3.0,0.293115
2026-01-03 11:53:52,587475abb807da0011e33cea,0.0,0.0,0.0,0.0,0.8,0.6,1.4,3.0,0.293115
2026-01-03 11:53:52,5deb576d1dc17d7c5515ad0e,0.0,0.0,0.0,0.0,0.8,0.6,1.4,3.0,0.293115
2026-01-03 11:53:52,68ede227230ee50017d0480b,0.0,0.0,0.0,0.0,0.8,0.6,1.4,3.0,0.293115
2026-01-03 11:53:52,5deb576d1dc17d7c5515ad11,0.0,0.0,0.0,0.0,0.8,0.6,1.4,3.0,0.293115
2026-01-03 11:53:52,68ede25b230ee50017d0484d,0.0,0.0,0.0,0.0,0.8,0.6,1.4,3.0,0.293115
2026-01-03 11:53:52,587478d8b807da0011e33cf3,0.0,0.0,0.0,0.0,0.8,0.6,1.4,3.0,0.293115
2026-01-03 11:53:52,5deb576d1dc17d7c5515acf8,0.0,0.0,0.0,0.0,0.8,0.6,1.4,3.0,0.293115
2026-01-03 11:53:52,591c6833a6bfb500119400a3,0.0,0.0,0.0,0.0,0.8,0.6,1.4,3.0,0.293115
2026-01-03 11:53:52,63ae7938bfd3d90017e8f226,0.0,0.0,0.0,0.0,0.8,0.6,1.4,3.0,0.293115
2026-01-03 11:53:52,63b664edbfd3d90017eaaa24,0.0,0.0,0.0,0.0,0.8,0.6,1.4,3.0,0.293115
2026-01-03 11:53:52,56df83d8c062921100c143e3,0.0,0.0,0.0,0.0,0.8,0.6,1.4,3.0,0.293115
2026-01-03 11:53:52,6623e5776f998a001b252337,0.0,0.0,0.0,0.0,0.8,0.6,1.4,3.0,0.293115
2026-01-03 11:53:52,59ca308302eb490011a0a403,0.0,0.0,0.0,0.0,0.8,0.6,1.4,3.0,0.293115
2026-01-03 11:53:52,5deb576d1dc17d7c5515acfd,0.0,0.0,0.0,0.0,0.8,0.6,1.4,3.0,0.293115
2026-01-03 11:53:52,56df8159c062921100c143dc,0.0,0.0,0.0,0.0,0.8,0.6,1.4,3.0,0.293115
2026-01-03 11:53:52,587ef2e4b807da0011e33d57,0.0,0.0,0.0,0.0,0.8,0.6,1.4,3.0,0.293115
2026-01-03 11:53:52,589b3f7db3bf7600110283c6,0.0,0.0,0.0,0.0,0.8,0.6,1.4,3.0,0.293115
2026-01-03 11:53:52,68188c876dfb4b0018f9007b,0.0,0.0,0.0,0.0,0.8,0.6,1.4,3.0,0.293115
2026-01-03 11:53:52,6623e6706f998a001b25239b,0.0,0.0,0.0,0.0,0.8,0.6,1.4,3.0,0.293115
2026-01-03 11:53:52,662b86551afb9c00172dd227,0.0,0.0,0.0,0.0,0.8,0.6,1.4,3.0,0.293115
2026-01-03 11:53:52,662a88521afb9c00172d2592,0.0,0.0,0.0,0.0,0.8,0.6,1.4,3.0,0.293115
2026-01-03 11:53:52,649da77ea6068200171a6dd4,0.0,0.0,0.0,0.0,0.8,0.6,1.4,3.0,0.293115
2026-01-03 11:53:52,63b3c59fbfd3d90017e9ace8,0.0,0.0,0.0,0.0,0.8,0.6,1.4,3.0,0.293115
2026-01-03 11:53:52,58b5510817139d0010f35d4e,0.0,0.0,0.0,0.0,0.8,0.6,1.4,3.0,0.293115
2026-01-03 11:53:52,5a824c905058170011f6eab0,0.0,0.0,0.0,0.0,0.8,0.6,1.4,3.0,0.293115
2026-01-03 11:53:52,5deb576d1dc17d7c5515ad16,0.0,0.0,0.0,0.0,0.8,0.6,1.4,3.0,0.293115
2026-01-03 11:53:52,63ae7c73bfd3d90017e8f3ed,0.0,0.0,0.0,0.0,0.8,0.6,1.4,3.0,0.293115
2026-01-03 11:53:52,586e1d4ef9fab7001111b0a2,0.0,0.0,0.0,0.0,0.8,0.6,1.4,3.0,0.293115
2026-01-03 11:53:52,63195512c9eae60017a1c279,0.0,0.0,0.0,0.0,0.8,0.6,1.4,3.0,0.293115
2026-01-03 11:53:52,59ca2ecb02eb490011a0a3f6,0.0,0.0,0.0,0.0,0.8,0.6,1.4,3.0,0.3
2026-01-03 11:53:52,5d8cdc9d766c880017188970,0.0,0.0,0.0,0.0,0.8,0.6,1.4,3.0,0.293115
2026-01-03 11:53:52,6792f1b78c5ed4001b27f4a9,0.0,0.0,0.0,0.0,0.8,0.6,1.4,3.0,0.293115
2026-01-03 11:53:52,58d8ec0adc195800111e042b,0.0,0.0,0.0,0.0,0.8,0.6,1.4,3.0,0.293115
2026-01-03 11:53:52,5a8254f25058170011f6eac5,0.0,0.0,0.0,0.0,0.8,0.6,1.4,3.0,0.293115
2026-01-03 11:53:52,63ae7c53bfd3d90017e8f3d8,0.0,0.0,0.0,0.0,0.8,0.6,1.4,3.0,0.293115
2026-01-03 11:53:52,5deb576d1dc17d7c5515ad20,0.0,0.0,0.0,0.0,0.8,0.6,1.4,3.0,0.293115
2026-01-03 11:53:52,5874796db807da0011e33cf7,0.0,0.0,0.0,0.0,0.8,0.6,1.4,3.0,0.293115
2026-01-03 11:53:52,5deb576d1dc17d7c5515acfa,0.0,0.0,0.0,0.0,0.8,0.6,1.4,3.0,0.293115
2026-01-03 11:53:52,58746536b807da0011e33cdc,0.0,0.0,0.0,0.0,0.8,0.6,1.4,3.0,0.293115
2026-01-03 11:53:52,5a8251575058170011f6eabc,0.0,0.0,0.0,0.0,0.8,0.6,1.4,3.0,0.3
2026-01-03 11:53:52,662b59291afb9c00172d912b,0.0,0.0,0.0,0.0,0.8,0.6,1.4,3.0,0.293115
2026-01-03 11:53:52,5a6060a88576340017d0660d,0.0,0.0,0.0,0.0,0.8,0.6,1.4,3.0,0.293115
2026-01-03 11:53:52,63b65f33bfd3d90017eaa405,0.0,0.0,0.0,0.0,0.8,0.6,1.4,3.0,0.293115
2026-01-03 11:53:52,5deb576d1dc17d7c5515ad1e,0.0,0.0,0.0,0.0,0.8,0.6,1.4,3.0,0.293115
2026-01-03 11:53:52,5a6061868576340017d06611,0.0,0.0,0.0,0.0,0.8,0.6,1.4,3.0,0.293115
2026-01-03 11:53:52,589b3705b3bf7600110283bd,0.0,0.0,0.0,0.0,0.8,0.6,1.4,3.0,0.293115
2026-01-03 11:53:52,63ae7759bfd3d90017e8f162,0.0,0.0,0.0,0.0,0.8,0.6,1.4,3.0,0.293115
2026-01-03 11:53:52,63ae7709bfd3d90017e8f135,0.0,0.0,0.0,0.0,0.8,0.6,1.4,3.0,0.293115
2026-01-03 11:53:52,662b55111afb9c00172d8e2e,0.0,0.0,0.0,0.0,0.8,0.6,1.4,3.0,0.293115
2026-01-03 11:53:52,649da419a6068200171a6c90,0.0,0.0,0.0,0.0,0.8,0.6,1.4,3.0,0.293115
2026-01-03 11:53:52,58afccadbd82540010390c3f,0.0,0.0,0.0,0.0,0.8,0.6,1.4,3.0,0.293115
2026-01-03 11:53:52,662b82761afb9c00172dcda3,0.0,0.0,0.0,0.0,0.8,0.6,1.4,3.0,0.293115
2026-01-03 11:53:52,5deb576d1dc17d7c5515acf7,0.0,0.0,0.0,0.0,0.8,0.6,1.4,3.0,0.293115
2026-01-03 11:53:52,5d9ddd49766c880017188c94,0.0,0.0,0.0,0.0,0.8,0.6,1.4,3.0,0.293115
2026-01-03 11:53:52,5d8cd767766c880017188950,0.0,0.0,0.0,0.0,0.8,0.6,1.4,3.0,0.293115
2026-01-03 11:53:52,6922931044912200174bc7cf,0.0,0.0,0.0,0.0,0.8,0.6,1.4,3.0,0.293115
2026-01-03 11:53:52,6792f16e8c5ed4001b27f482,0.0,0.0,0.0,0.0,0.8,0.6,1.4,3.0,0.293115
2026-01-03 11:53:52,595f8d813dcfc400106f28f2,0.0,0.0,0.0,0.0,0.8,0.6,1.4,3.0,0.293115
2026-01-03 11:53:52,5874656eb807da0011e33cde,0.0,0.0,0.0,0.0,0.8,0.6,1.4,3.0,0.293115
2026-01-03 11:53:52,6623e3566f998a001b25226d,0.0,0.0,0.0,0.0,0.8,0.6,1.4,3.0,0.293115
2026-01-03 11:53:52,5abbb6d698d8fc001102dfc8,0.0,0.0,0.0,0.0,0.8,0.6,1.4,3.0,0.3
2026-01-03 11:53:52,5d8cdd26766c880017188974,0.0,0.0,0.0,0.0,0.8,0.6,1.4,3.0,0.3
2026-01-03 11:53:52,5deb576d1dc17d7c5515ad03,0.0,0.0,0.0,0.0,0.8,0.6,1.4,3.0,0.293115
2026-01-03 11:53:52,63ae777cbfd3d90017e8f177,0.0,0.0,0.0,0.0,0.8,0.6,1.4,3.0,0.293115
2026-01-03 11:53:52,631828cac9eae60017a19f50,0.0,0.0,0.0,0.0,0.8,0.6,1.4,3.0,0.293115
2026-01-03 11:53:52,63b3c2fbbfd3d90017e9abbf,0.0,0.0,0.0,0.0,0.8,0.6,1.4,3.0,0.293115
2026-01-03 11:53:52,58d7c2e6c1e33c00112b321e,0.0,0.0,0.0,0.0,0.8,0.6,1.4,3.0,0.293115
2026-01-03 11:53:52,63b54ad1bfd3d90017ea7974,0.0,0.0,0.0,0.0,0.8,0.6,1.4,3.0,0.293115
2026-01-03 11:53:52,662b5b481afb9c00172d92a8,0.0,0.0,0.0,0.0,0.8,0.6,1.4,3.0,0.293115
2026-01-03 11:53:52,681885376dfb4b0018f8f0f2,0.0,0.0,0.0,0.0,0.8,0.6,1.4,3.0,0.293115
2026-01-03 11:53:52,56de42f611f398ec0c48129e,0.0,0.0,0.0,0.0,0.8,0.6,1.4,3.0,0.293115
2026-01-03 11:53:52,5d9dddb9766c880017188c96,0.0,0.0,0.0,0.0,0.8,0.6,1.4,3.0,0.293115
2026-01-03 11:53:52,5d8cd372766c880017188940,0.0,0.0,0.0,0.0,0.8,0.6,1.4,3.0,0.3
2026-01-03 11:53:52,5a60839c8576340017d0667c,0.0,0.0,0.0,0.0,0.8,0.6,1.4,3.0,0.293115
2026-01-03 11:53:52,68188c236dfb4b0018f8ff8f,0.0,0.0,0.0,0.0,0.8,0.6,1.4,3.0,0.293115
2026-01-03 11:53:52,63b65f64bfd3d90017eaa41f,0.0,0.0,0.0,0.0,0.8,0.6,1.4,3.0,0.293115
2026-01-03 11:53:52,58746371b807da0011e33cd1,0.0,0.0,0.0,0.0,0.8,0.6,1.4,3.0,0.3
2026-01-03 11:53:52,63bd1e95bfd3d90017ec3cd5,0.0,0.0,0.0,0.0,0.8,0.6,1.4,3.0,0.293115
2026-01-03 11:53:52,63ae7cd3bfd3d90017e8f408,0.0,0.0,0.0,0.0,0.8,0.6,1.4,3.0,0.293115
2026-01-03 11:53:52,5d8cd70e766c88001718894e,0.0,0.0,0.0,0.0,0.8,0.6,1.4,3.0,0.293115
2026-01-03 11:53:52,58b555ac17139d0010f35d59,0.0,0.0,0.0,0.0,0.8,0.6,1.4,3.0,0.293115
2026-01-03 11:53:52,595ddc123dcfc400106f28ba,0.0,0.0,0.0,0.0,0.8,0.6,1.4,3.0,0.293115
2026-01-03 11:53:52,63b55020bfd3d90017ea7cb7,0.0,0.0,0.0,0.0,0.8,0.6,1.4,3.0,0.293115
2026-01-03 11:53:52,68ede746230ee50017d04dcc,0.0,0.0,0.0,0.0,0.8,0.6,1.4,3.0,0.293115
2026-01-03 11:53:52,5b19d2f9af4ff60011d6ea4f,0.0,0.0,0.0,0.0,0.8,0.6,1.4,3.0,0.3
2026-01-03 11:53:52,662b4d781afb9c00172d8571,0.0,0.0,0.0,0.0,0.8,0.6,1.4,3.0,0.293115
2026-01-03 11:53:52,5a606a958576340017d06621,0.0,0.0,0.0,0.0,0.8,0.6,1.4,3.0,0.293115
2026-01-03 11:53:52,662a8c381afb9c00172d28b6,0.0,0.0,0.0,0.0,0.8,0.6,1.4,3.0,0.293115
2026-01-03 11:53:52,63b6617ebfd3d90017eaa50b,0.0,0.0,0.0,0.0,0.8,0.6,1.4,3.0,0.293115
2026-01-03 11:53:52,595f91653dcfc400106f28f6,0.0,0.0,0.0,0.0,0.8,0.6,1.4,3.0,0.3
2026-01-03 11:53:52,56de42f611f398ec0c481292,0.0,0.0,0.0,0.0,0.8,0.6,1.4,3.0,0.293115
2026-01-03 11:53:52,681888066dfb4b0018f8f4c2,0.0,0.0,0.0,0.0,0.8,0.6,1.4,3.0,0.293115
2026-01-03 11:53:52,5deb576d1dc17d7c5515acff,0.0,0.0,0.0,0.0,0.8,0.6,1.4,3.0,0.293115
2026-01-03 11:53:52,662b58791afb9c00172d9107,0.0,0.0,0.0,0.0,0.8,0.6,1.4,3.0,0.293115
2026-01-03 11:53:52,662b811d1afb9c00172dcc1d,0.0,0.0,0.0,0.0,0.8,0.6,1.4,3.0,0.293115
2026-01-03 11:53:52,662a8eb41afb9c00172d2aba,0.0,0.0,0.0,0.0,0.8,0.6,1.4,3.0,0.293115
2026-01-03 11:53:52,63b548ecbfd3d90017ea77d2,0.0,0.0,0.0,0.0,0.8,0.6,1.4,3.0,0.293115
2026-01-03 11:53:52,5deb576d1dc17d7c5515acfb,0.0,0.0,0.0,0.0,0.8,0.6,1.4,3.0,0.293115
2026-01-03 11:53:52,56de42f611f398ec0c48127d,0.0,0.0,0.0,0.0,0.8,0.6,1.4,3.0,0.293115
2026-01-03 11:53:52,56de42f611f398ec0c48128d,0.0,0.0,0.0,0.0,0.8,0.6,1.4,3.0,0.293115
2026-01-03 11:53:52,6792f03d8c5ed4001b27f378,0.0,0.0,0.0,0.0,0.8,0.6,1.4,3.0,0.293115
2026-01-03 11:53:52,68ede490230ee50017d04ae5,0.0,0.0,0.0,0.0,0.8,0.6,1.4,3.0,0.293115
2026-01-03 11:53:52,6623e7076f998a001b2523ea,0.0,0.0,0.0,0.0,0.8,0.6,1.4,3.0,0.293115
2026-01-03 11:53:52,59ca2cac02eb490011a0a3e9,0.0,0.0,0.0,0.0,0.8,0.6,1.4,3.0,0.293115
2026-01-03 11:53:52,586e25e1f9fab7001111b0ae,0.0,0.0,0.0,0.0,0.8,0.6,1.4,3.0,0.293115
2026-01-03 11:53:52,681889ec6dfb4b0018f8f6cb,0.0,0.0,0.0,0.0,0.8,0.6,1.4,3.0,0.293115
2026-01-03 11:53:52,5d9dde8e766c880017188c9a,0.0,0.0,0.0,0.0,0.8,0.6,1.4,3.0,0.3
2026-01-03 11:53:52,5d9ddf0f766c880017188c9e,0.0,0.0,0.0,0.0,0.8,0.6,1.4,3.0,0.293115
2026-01-03 11:53:52,681883866dfb4b0018f8eef6,0.0,0.0,0.0,0.0,0.8,0.6,1.4,3.0,0.293115
2026-01-03 11:53:52,63ae76ddbfd3d90017e8f11b,0.0,0.0,0.0,0.0,0.8,0.6,1.4,3.0,0.293115
2026-01-03 11:53:52,5deb576d1dc17d7c5515ad14,0.0,0.0,0.0,0.0,0.8,0.6,1.4,3.0,0.293115
2026-01-03 11:53:52,63b66035bfd3d90017eaa48e,0.0,0.0,0.0,0.0,0.8,0.6,1.4,3.0,0.293115
2026-01-03 11:53:52,585b284ac3f96200127dc500,0.0,0.0,0.0,0.0,0.8,0.6,1.4,3.0,0.293115
2026-01-03 11:53:52,56de42f611f398ec0c481295,0.0,0.0,0.0,0.0,0.8,0.6,1.4,3.0,0.293115
2026-01-03 11:53:52,5deb576d1dc17d7c5515ad04,0.0,0.0,0.0,0.0,0.8,0.6,1.4,3.0,0.293115
2026-01-03 11:53:52,5a8278f35058170011f6eaed,0.0,0.0,0.0,0.0,0.8,0.6,1.4,3.0,0.293115
2026-01-03 11:53:52,662b830e1afb9c00172dcf50,0.0,0.0,0.0,0.0,0.8,0.6,1.4,3.0,0.293115
2026-01-03 11:53:52,5a6084208576340017d0667e,0.0,0.0,0.0,0.0,0.8,0.6,1.4,3.0,0.3
2026-01-03 11:53:52,5a825ab55058170011f6ead2,0.0,0.0,0.0,0.0,0.8,0.6,1.4,3.0,0.3
2026-01-03 11:53:52,586e20a0f9fab7001111b0a7,0.0,0.0,0.0,0.0,0.8,0.6,1.4,3.0,0.3
2026-01-03 11:53:52,6623edd26f998a001b2526f7,0.0,0.0,0.0,0.0,0.8,0.6,1.4,3.0,0.293115
2026-01-03 11:53:52,5a8255a55058170011f6eac7,0.0,0.0,0.0,0.0,0.8,0.6,1.4,3.0,0.293115
2026-01-03 11:53:52,56de42f611f398ec0c481294,0.0,0.0,0.0,0.0,0.8,0.6,1.4,3.0,0.3
2026-01-03 11:53:52,587ed91db807da0011e33d4e,0.0,0.0,0.0,0.0,0.8,0.6,1.4,3.0,0.293115
2026-01-03 11:53:52,63b54dcbbfd3d90017ea7ba8,0.0,0.0,0.0,0.0,0.8,0.6,1.4,3.0,0.293115
2026-01-03 11:53:52,56de42f611f398ec0c48128a,0.0,0.0,0.0,0.0,0.8,0.6,1.4,3.0,0.293115
2026-01-03 11:53:52,6623ed9b6f998a001b2526cd,0.0,0.0,0.0,0.0,0.8,0.6,1.4,3.0,0.293115
2026-01-03 11:53:52,58b5752e17139d0010f35d5f,0.0,0.0,0.0,0.0,0.8,0.6,1.4,3.0,0.293115
2026-01-03 11:53:52,58175c81edeb6c0012a2d5c2,0.0,0.0,0.0,0.0,0.8,0.6,1.4,3.0,0.293115
2026-01-03 11:53:52,631812e6c9eae60017a19567,0.0,0.0,0.0,0.0,0.8,0.6,1.4,3.0,0.293115
2026-01-03 11:53:52,6623e7b76f998a001b25242d,0.0,0.0,0.0,0.0,0.8,0.6,1.4,3.0,0.293115
2026-01-03 11:53:52,5ad068b198d8fc001102e278,0.0,0.0,0.0,0.0,0.8,0.6,1.4,3.0,0.3
2026-01-03 11:53:52,63ae75a3bfd3d90017e8f051,0.0,0.0,0.0,0.0,0.8,0.6,1.4,3.0,0.293115
2026-01-03 11:53:52,662b7d8a1afb9c00172dc71f,0.0,0.0,0.0,0.0,0.8,0.6,1.4,3.0,0.293115
2026-01-03 11:53:52,5abbb77298d8fc001102dfce,0.0,0.0,0.0,0.0,0.8,0.6,1.4,3.0,0.293115
2026-01-03 11:53:52,63bd1f48bfd3d90017ec3d19,0.0,0.0,0.0,0.0,0.8,0.6,1.4,3.0,0.293115
2026-01-03 11:53:52,58aff2c6bd82540010390c55,0.0,0.0,0.0,0.0,0.8,0.6,1.4,3.0,0.293115
2026-01-03 11:53:52,5b25a1dcf13cba001124e710,0.0,0.0,0.0,0.0,0.8,0.6,1.4,3.0,0.3
2026-01-03 11:53:52,5deb576d1dc17d7c5515ad18,0.0,0.0,0.0,0.0,0.8,0.6,1.4,3.0,0.293115
2026-01-03 11:53:52,66b1c1bf779f740018673ef2,0.0,0.0,0.0,0.0,0.8,0.6,1.4,3.0,0.293115
2026-01-03 11:53:52,56de42f611f398ec0c4812a0,0.0,0.0,0.0,0.0,0.8,0.6,1.4,3.0,0.293115
2026-01-03 11:53:52,6623efc26f998a001b25277f,0.0,0.0,0.0,0.0,0.8,0.6,1.4,3.0,0.293115
2026-01-03 11:53:52,662b50841afb9c00172d880d,0.0,0.0,0.0,0.0,0.8,0.6,1.4,3.0,0.293115
2026-01-03 11:53:52,58abc0cbbd82540010390ba6,0.0,0.0,0.0,0.0,0.8,0.6,1.4,3.0,0.293115
2026-01-03 11:53:52,58afea5dbd82540010390c4d,0.0,0.0,0.0,0.0,0.8,0.6,1.4,3.0,0.293115
2026-01-03 11:53:52,5deb576d1dc17d7c5515ad07,0.0,0.0,0.0,0.0,0.8,0.6,1.4,3.0,0.293115
2026-01-03 11:53:52,5d8cdc1d766c88001718896c,0.0,0.0,0.0,0.0,0.8,0.6,1.4,3.0,0.293115
2026-01-03 11:53:52,5a606c758576340017d06626,0.0,0.0,0.0,0.0,0.8,0.6,1.4,3.0,0.293115
2026-01-03 11:53:52,68fae2966b936b00172186a6,0.0,0.0,0.0,0.0,0.8,0.6,1.4,3.0,0.293115
2026-01-03 11:53:52,63b66008bfd3d90017eaa476,0.0,0.0,0.0,0.0,0.8,0.6,1.4,3.0,0.3
2026-01-03 11:53:52,5a82628e5058170011f6eadb,0.0,0.0,0.0,0.0,0.8,0.6,1.4,3.0,0.293115
2026-01-03 11:53:52,589b46b3b3bf7600110283d0,0.0,0.0,0.0,0.0,0.8,0.6,1.4,3.0,0.3
2026-01-03 11:53:52,5d8cd653766c88001718894c,0.0,0.0,0.0,0.0,0.8,0.6,1.4,3.0,0.293115
2026-01-03 11:53:52,662b4de41afb9c00172d85c5,0.0,0.0,0.0,0.0,0.8,0.6,1.4,3.0,0.293115
2026-01-03 11:53:52,58af8eb2bd82540010390c30,0.0,0.0,0.0,0.0,0.8,0.6,1.4,3.0,0.293115
2026-01-03 11:53:52,6623ee176f998a001b25270c,0.0,0.0,0.0,0.0,0.8,0.6,1.4,3.0,0.293115
2026-01-03 11:53:52,5b0b7d240e517b00119fd809,0.0,0.0,0.0,0.0,0.8,0.6,1.4,3.0,0.3
2026-01-03 11:53:52,595f8d233dcfc400106f28f0,0.0,0.0,0.0,0.0,0.8,0.6,1.4,3.0,0.293115
2026-01-03 11:53:52,5deb576d1dc17d7c5515ad1d,0.0,0.0,0.0,0.0,0.8,0.6,1.4,3.0,0.3
2026-01-03 11:53:52,68ae7e997d735d00173c7445,0.0,0.0,0.0,0.0,0.8,0.6,1.4,3.0,0.293115
2026-01-03 11:53:52,5b0b835b0e517b00119fd80d,0.0,0.0,0.0,0.0,0.8,0.6,1.4,3.0,0.293115
2026-01-03 11:53:52,5b6c155aca0577001163fe36,0.0,0.0,0.0,0.0,0.8,0.6,1.4,3.0,0.3
2026-01-03 11:53:52,5d8cd2a3766c88001718893c,0.0,0.0,0.0,0.0,0.8,0.6,1.4,3.0,0.293115
2026-01-03 11:53:52,662b4e8e1afb9c00172d865c,0.0,0.0,0.0,0.0,0.8,0.6,1.4,3.0,0.293115
2026-01-03 11:53:52,66b1c190779f740018673ed4,0.0,0.0,0.0,0.0,0.8,0.6,1.4,3.0,0.293115
2026-01-03 11:53:52,662b7f9f1afb9c00172dca50,0.0,0.0,0.0,0.0,0.8,0.6,1.4,3.0,0.293115
2026-01-03 11:53:52,68a589294e89b100173b61d9,0.0,0.0,0.0,0.0,0.8,0.6,1.4,3.0,0.293115
2026-01-03 11:53:52,58747923b807da0011e33cf5,0.0,0.0,0.0,0.0,0.8,0.6,1.4,3.0,0.293115
2026-01-03 11:53:52,63ae7af4bfd3d90017e8f32c,0.0,0.0,0.0,0.0,0.8,0.6,1.4,3.0,0.293115
2026-01-03 11:53:52,5875d4f8b807da0011e33d1a,0.0,0.0,0.0,0.0,0.8,0.6,1.4,3.0,0.293115
2026-01-03 11:53:52,595d92013dcfc400106f2877,0.0,0.0,0.0,0.0,0.8,0.6,1.4,3.0,0.293115
2026-01-03 11:53:52,681886f26dfb4b0018f8f31a,0.0,0.0,0.0,0.0,0.8,0.6,1.4,3.0,0.293115
2026-01-03 11:53:52,662b80721afb9c00172dcb28,0.0,0.0,0.0,0.0,0.8,0.6,1.4,3.0,0.293115
2026-01-03 11:53:52,59ca2f4402eb490011a0a3f9,0.0,0.0,0.0,0.0,0.8,0.6,1.4,3.0,0.293115
2026-01-03 11:53:52,586e1f18f9fab7001111b0a5,0.0,0.0,0.0,0.0,0.8,0.6,1.4,3.0,0.293115
2026-01-03 11:53:52,681891e26dfb4b0018f90a69,0.0,0.0,0.0,0.0,0.8,0.6,1.4,3.0,0.293115
2026-01-03 11:53:52,5d9de3c2766c880017188cb3,0.0,0.0,0.0,0.0,0.8,0.6,1.4,3.0,0.293115
2026-01-03 11:53:52,63ae7cfcbfd3d90017e8f422,0.0,0.0,0.0,0.0,0.8,0.6,1.4,3.0,0.3
2026-01-03 11:53:52,5b0e1faacddcc80011ceb449,0.0,0.0,0.0,0.0,0.8,0.6,1.4,3.0,0.293115
2026-01-03 11:53:52,63b65fa9bfd3d90017eaa449,0.0,0.0,0.0,0.0,0.8,0.6,1.4,3.0,0.3
2026-01-03 11:53:52,6623e5066f998a001b252317,0.0,0.0,0.0,0.0,0.8,0.6,1.4,3.0,0.293115
2026-01-03 11:53:52,662b5c141afb9c00172d93d7,0.0,0.0,0.0,0.0,0.8,0.6,1.4,3.0,0.293115
2026-01-03 11:53:52,66b1c158779f740018673eb4,0.0,0.0,0.0,0.0,0.8,0.6,1.4,3.0,0.293115
2026-01-03 11:53:52,56df8381c062921100c143e2,0.0,0.0,0.0,0.0,0.8,0.6,1.4,3.0,0.293115
2026-01-03 11:53:52,5d8cd1f9766c880017188938,0.0,0.0,0.0,0.0,0.8,0.6,1.4,3.0,0.3
2026-01-03 11:53:52,595da2dd3dcfc400106f2885,0.0,0.0,0.0,0.0,0.8,0.6,1.4,3.0,0.293115
2026-01-03 11:53:52,595f80e83dcfc400106f28e4,0.0,0.0,0.0,0.0,0.8,0.6,1.4,3.0,0.293115
2026-01-03 11:53:52,631955e7c9eae60017a1c30a,0.0,0.0,0.0,0.0,0.8,0.6,1.4,3.0,0.293115
2026-01-03 11:53:52,5a6060e08576340017d0660f,0.0,0.0,0.0,0.0,0.8,0.6,1.4,3.0,0.293115
2026-01-03 11:53:52,5a607ea98576340017d0666d,0.0,0.0,0.0,0.0,0.8,0.6,1.4,3.0,0.3
2026-01-03 11:53:52,63b548c3bfd3d90017ea77c0,0.0,0.0,0.0,0.0,0.8,0.6,1.4,3.0,0.293115
2026-01-03 11:53:52,662a8c931afb9c00172d2901,0.0,0.0,0.0,0.0,0.8,0.6,1.4,3.0,0.293115
2026-01-03 11:53:52,63195556c9eae60017a1c2ba,0.0,0.0,0.0,0.0,0.8,0.6,1.4,3.0,0.293115
2026-01-03 11:53:52,58df4adedc195800111e04b4,0.0,0.0,0.0,0.0,0.8,0.6,1.4,3.0,0.293115
2026-01-03 11:53:52,59ca301902eb490011a0a400,0.0,0.0,0.0,0.0,0.8,0.6,1.4,3.0,0.293115
2026-01-03 11:53:52,584e738361cfea0012cf6951,0.0,0.0,0.0,0.0,0.8,0.6,1.4,3.0,0.293115
2026-01-03 11:53:52,583f958161cfea0012cf68f5,0.0,0.0,0.0,0.0,0.8,0.6,1.4,3.0,0.293115
2026-01-03 11:53:52,6922921744912200174bc71d,0.0,0.0,0.0,0.0,0.8,0.6,1.4,3.0,0.293115
2026-01-03 11:53:52,5a8253615058170011f6eabf,0.0,0.0,0.0,0.0,0.8,0.6,1.4,3.0,0.293115
2026-01-03 11:53:52,5deb576d1dc17d7c5515ad0f,0.0,0.0,0.0,0.0,0.8,0.6,1.4,3.0,0.293115
2026-01-03 11:53:52,68fae2b66b936b00172186e5,0.0,0.0,0.0,0.0,0.8,0.6,1.4,3.0,0.293115
2026-01-03 11:53:52,662b51761afb9c00172d88ef,0.0,0.0,0.0,0.0,0.8,0.6,1.4,3.0,0.293115
2026-01-03 11:53:52,68a5873d4e89b100173b5f60,0.0,0.0,0.0,0.0,0.8,0.6,1.4,3.0,0.293115
2026-01-03 11:53:52,66b1c370779f7400186740b3,0.0,0.0,0.0,0.0,0.8,0.6,1.4,3.0,0.293115
2026-01-03 11:53:52,6623ec376f998a001b252671,0.0,0.0,0.0,0.0,0.8,0.6,1.4,3.0,0.293115
2026-01-03 11:53:52,59ca2e6002eb490011a0a3f3,0.0,0.0,0.0,0.0,0.8,0.6,1.4,3.0,0.3
2026-01-03 11:53:52,5b6c1618ca0577001163fe3c,0.0,0.0,0.0,0.0,0.8,0.6,1.4,3.0,0.3
2026-01-03 11:53:52,5deb576d1dc17d7c5515ad22,0.0,0.0,0.0,0.0,0.8,0.6,1.4,3.0,0.293115
2026-01-03 11:53:52,63b664d2bfd3d90017eaaa0f,0.0,0.0,0.0,0.0,0.8,0.6,1.4,3.0,0.293115
2026-01-03 11:53:52,56df85bdc062921100c143e8,0.0,0.0,0.0,0.0,0.8,0.6,1.4,3.0,0.3
2026-01-03 11:53:52,662b85031afb9c00172dd0dc,0.0,0.0,0.0,0.0,0.8,0.6,1.4,3.0,0.293115
2026-01-03 11:53:52,58d7b5a7c1e33c00112b320a,0.0,0.0,0.0,0.0,0.8,0.6,1.4,3.0,0.293115
2026-01-03 11:53:52,662a8f3a1afb9c00172d2b31,0.0,0.0,0.0,0.0,0.8,0.6,1.4,3.0,0.293115
2026-01-03 11:53:52,58aff01fbd82540010390c50,0.0,0.0,0.0,0.0,0.8,0.6,1.4,3.0,0.293115
2026-01-03 11:53:52,5d8cdb9f766c880017188968,0.0,0.0,0.0,0.0,0.8,0.6,1.4,3.0,0.293115
2026-01-03 11:53:52,5a6085fb8576340017d06686,0.0,0.0,0.0,0.0,0.8,0.6,1.4,3.0,0.293115
2026-01-03 11:53:52,59ca31d602eb490011a0a40b,0.0,0.0,0.0,0.0,0.8,0.6,1.4,3.0,0.293115
2026-01-03 11:53:52,587c782db807da0011e33d3b,0.0,0.0,0.0,0.0,0.8,0.6,1.4,3.0,0.293115
2026-01-03 11:53:52,662a8d821afb9c00172d29c8,0.0,0.0,0.0,0.0,0.8,0.6,1.4,3.0,0.293115
2026-01-03 11:53:52,63ae7d29bfd3d90017e8f437,0.0,0.0,0.0,0.0,0.8,0.6,1.4,3.0,0.293115
2026-01-03 11:53:52,68ae7ee47d735d00173c7492,0.0,0.0,0.0,0.0,0.8,0.6,1.4,3.0,0.293115
2026-01-03 11:53:52,56de42f611f398ec0c48129f,0.0,0.0,0.0,0.0,0.8,0.6,1.4,3.0,0.293115
2026-01-03 11:53:52,68188b296dfb4b0018f8f9a3,0.0,0.0,0.0,0.0,0.8,0.6,1.4,3.0,0.293115
2026-01-03 11:53:52,662b80b91afb9c00172dcb5b,0.0,0.0,0.0,0.0,0.8,0.6,1.4,3.0,0.293115
2026-01-03 11:53:52,692292c044912200174bc76d,0.0,0.0,0.0,0.0,0.8,0.6,1.4,3.0,0.293115
2026-01-03 11:53:52,68188d586dfb4b0018f9018d,0.0,0.0,0.0,0.0,0.8,0.6,1.4,3.0,0.293115
2026-01-03 11:53:52,662b50261afb9c00172d87b2,0.0,0.0,0.0,0.0,0.8,0.6,1.4,3.0,0.293115
2026-01-03 11:53:52,59ca2d9d02eb490011a0a3f0,0.0,0.0,0.0,0.0,0.8,0.6,1.4,3.0,0.293115
2026-01-03 11:53:52,68a588984e89b100173b6138,0.0,0.0,0.0,0.0,0.8,0.6,1.4,3.0,0.293115
2026-01-03 11:53:52,5a8256df5058170011f6eacb,0.0,0.0,0.0,0.0,0.8,0.6,1.4,3.0,0.293115
2026-01-03 11:53:52,5deb576d1dc17d7c5515acfc,0.0,0.0,0.0,0.0,0.8,0.6,1.4,3.0,0.293115
2026-01-03 11:53:52,587c8c20b807da0011e33d47,0.0,0.0,0.0,0.0,0.8,0.6,1.4,3.0,0.293115
2026-01-03 11:53:52,58744fb0b807da0011e33cc0,0.0,0.0,0.0,0.0,0.8,0.6,1.4,3.0,0.293115
2026-01-03 11:53:52,5822f23aedeb6c0012a2d6a8,0.0,0.0,0.0,0.0,0.8,0.6,1.4,3.0,0.3
2026-01-03 11:53:52,649da495a6068200171a6cb6,0.0,0.0,0.0,0.0,0.8,0.6,1.4,3.0,0.293115
2026-01-03 12:53:47,59d3524f02eb490011a0a61b,0.0,0.0,0.0,0.0,1.4,0.8,2.3,3.5,0.3
2026-01-03 12:53:47,5a6065c58576340017d06615,0.0,0.0,0.0,0.0,1.4,0.8,2.3,3.5,0.293115
2026-01-03 12:53:47,6623f4df6f998a001b2528eb,0.0,0.0,0.0,0.0,1.4,0.8,2.3,3.5,0.293115
2026-01-03 12:53:47,662b7ce71afb9c00172dc676,0.0,0.0,0.0,0.0,1.4,0.8,2.3,3.5,0.293115
2026-01-03 12:53:47,583f969161cfea0012cf68f7,0.0,0.0,0.0,0.0,1.4,0.8,2.3,3.5,0.293115
2026-01-03 12:53:47,59ca317602eb490011a0a408,0.0,0.0,0.0,0.0,1.4,0.8,2.3,3.5,0.293115
2026-01-03 12:53:47,6623e8da6f998a001b2524a6,0.0,0.0,0.0,0.0,1.4,0.8,2.3,3.5,0.293115
2026-01-03 12:53:47,56de42f611f398ec0c481299,0.0,0.0,0.0,0.0,1.4,0.8,2.3,3.5,0.293115
2026-01-03 12:53:47,66b1c426779f74001867415e,0.0,0.0,0.0,0.0,1.4,0.8,2.3,3.5,0.293115
2026-01-03 12:53:47,595dc29c3dcfc400106f2894,0.0,0.0,0.0,0.0,1.4,0.8,2.3,3.5,0.293115
2026-01-03 12:53:47,5d9de4de766c880017188cbb,0.0,0.0,0.0,0.0,1.4,0.8,2.3,3.5,0.293115
2026-01-03 12:53:47,6623f44f6f998a001b2528aa,0.0,0.0,0.0,0.0,1.4,0.8,2.3,3.5,0.293115
2026-01-03 12:53:47,662a881a1afb9c00172d2559,0.0,0.0,0.0,0.0,1.4,0.8,2.3,3.5,0.293115
2026-01-03 12:53:47,5a605f828576340017d06608,0.0,0.0,0.0,0.0,1.4,0.8,2.3,3.5,0.3
2026-01-03 12:53:47,68188fe36dfb4b0018f90520,0.0,0.0,0.0,0.0,1.4,0.8,2.3,3.5,0.3
2026-01-03 12:53:47,5deb576d1dc17d7c5515ad15,0.0,0.0,0.0,0.0,1.4,0.8,2.3,3.5,0.293115
2026-01-03 12:53:47,5b8b2323ca057700116405d0,0.0,0.0,0.0,0.0,1.4,0.8,2.3,3.5,0.293115
2026-01-03 12:53:47,68188a226dfb4b0018f8f70a,0.0,0.0,0.0,0.0,1.4,0.8,2.3,3.5,0.293115
2026-01-03 12:53:47,681889a96dfb4b0018f8f67e,0.0,0.0,0.0,0.0,1.4,0.8,2.3,3.5,0.293115
2026-01-03 12:53:47,63ae7a50bfd3d90017e8f2b2,0.0,0.0,0.0,0.0,1.4,0.8,2.3,3.5,0.293115
2026-01-03 12:53:47,587ee0ecb807da0011e33d50,0.0,0.0,0.0,0.0,1.4,0.8,2.3,3.5,0.3066149999999999
2026-01-03 12:53:47,56de42f611f398ec0c48128f,0.0,0.0,0.0,0.0,1.4,0.8,2.3,3.5,0.293115
2026-01-03 12:53:47,56de42f611f398ec0c4812a2,0.0,0.0,0.0,0.0,1.4,0.8,2.3,3.5,0.293115
2026-01-03 12:53:47,6922934b44912200174bc7ec,0.0,0.0,0.0,0.0,1.4,0.8,2.3,3.5,0.293115
2026-01-03 12:53:47,63bd1f21bfd3d90017ec3d04,0.0,0.0,0.0,0.0,1.4,0.8,2.3,3.5,0.293115
2026-01-03 12:53:47,58df4d95dc195800111e04b9,0.0,0.0,0.0,0.0,1.4,0.8,2.3,3.5,0.293115
2026-01-03 12:53:47,586e28a0f9fab7001111b0b3,0.0,0.0,0.0,0.0,1.4,0.8,2.3,3.5,0.293115
2026-01-03 12:53:47,595dd8463dcfc400106f28b2,0.0,0.0,0.0,0.0,1.4,0.8,2.3,3.5,0.293115
2026-01-03 12:53:47,662b81721afb9c00172dcc44,0.0,0.0,0.0,0.0,1.4,0.8,2.3,3.5,0.293115
2026-01-03 12:53:47,67e217c43215f90017863bc8,0.0,0.0,0.0,0.0,1.4,0.8,2.3,3.5,0.293115
2026-01-03 12:53:47,66b1c3c2779f740018674125,0.0,0.0,0.0,0.0,1.4,0.8,2.3,3.5,0.293115
2026-01-03 12:53:47,5a8269c45058170011f6eae4,0.0,0.0,0.0,0.0,1.4,0.8,2.3,3.5,0.293115
2026-01-03 12:53:47,56de42f611f398ec0c481297,0.0,0.0,0.0,0.0,1.4,0.8,2.3,3.5,0.293115
2026-01-03 12:53:47,5822adbbedeb6c0012a2d65f,0.0,0.0,0.0,0.0,1.4,0.8,2.3,3.5,0.293115
2026-01-03 12:53:47,5deb576d1dc17d7c5515ad00,0.0,0.0,0.0,0.0,1.4,0.8,2.3,3.5,0.3
2026-01-03 12:53:47,5a823e425058170011f6eaa4,0.0,0.0,0.0,0.0,1.4,0.8,2.3,3.5,0.293115
2026-01-03 12:53:47,649da72ca6068200171a6dbb,0.0,0.0,0.0,0.0,1.4,0.8,2.3,3.5,0.293115
2026-01-03 12:53:47,5a6088218576340017d06693,0.0,0.0,0.0,0.0,1.4,0.8,2.3,3.5,0.293115
2026-01-03 12:53:47,63b65fd8bfd3d90017eaa461,0.0,0.0,0.0,0.0,1.4,0.8,2.3,3.5,0.293115
2026-01-03 12:53:47,5deb576d1dc17d7c5515ad08,0.0,0.0,0.0,0.0,1.4,0.8,2.3,3.5,0.293115
2026-01-03 12:53:47,595dc70d3dcfc400106f289a,0.0,0.0,0.0,0.0,1.4,0.8,2.3,3.5,0.3
2026-01-03 12:53:47,63b65ebebfd3d90017eaa3ae,0.0,0.0,0.0,0.0,1.4,0.8,2.3,3.5,0.293115
2026-01-03 12:53:47,5874769eb807da0011e33cec,0.0,0.0,0.0,0.0,1.4,0.8,2.3,3.5,0.293115
2026-01-03 12:53:47,63b660f8bfd3d90017eaa4ea,0.0,0.0,0.0,0.0,1.4,0.8,2.3,3.5,0.293115
2026-01-03 12:53:47,58af994abd82540010390c37,0.0,0.0,0.0,0.0,1.4,0.8,2.3,3.5,0.293115
2026-01-03 12:53:47,56df8108c062921100c143db,0.0,0.0,0.0,0.0,1.4,0.8,2.3,3.5,0.293115
2026-01-03 12:53:47,63ae7903bfd3d90017e8f211,0.0,0.0,0.0,0.0,1.4,0.8,2.3,3.5,0.293115
2026-01-03 12:53:47,63ae7727bfd3d90017e8f14a,0.0,0.0,0.0,0.0,1.4,0.8,2.3,3.5,0.293115
2026-01-03 12:53:47,6623f36e6f998a001b252878,0.0,0.0,0.0,0.0,1.4,0.8,2.3,3.5,0.293115
2026-01-03 12:53:47,5d9ddec9766c880017188c9c,0.0,0.0,0.0,0.0,1.4,0.8,2.3,3.5,0.293115
2026-01-03 12:53:47,5deb576d1dc17d7c5515ad02,0.0,0.0,0.0,0.0,1.4,0.8,2.3,3.5,0.293115
2026-01-03 12:53:47,681885ff6dfb4b0018f8f1ee,0.0,0.0,0.0,0.0,1.4,0.8,2.3,3.5,0.293115
2026-01-03 12:53:47,63ae79aabfd3d90017e8f26a,0.0,0.0,0.0,0.0,1.4,0.8,2.3,3.5,0.293115
2026-01-03 12:53:47,5d8cd7fb766c880017188954,0.0,0.0,0.0,0.0,1.4,0.8,2.3,3.5,0.293115
2026-01-03 12:53:47,56de42f611f398ec0c481293,0.0,0.0,0.0,0.0,1.4,0.8,2.3,3.5,0.293115
2026-01-03 12:53:47,63b66089bfd3d90017eaa4bd,0.0,0.0,0.0,0.0,1.4,0.8,2.3,3.5,0.293115
2026-01-03 12:53:47,63ae798abfd3d90017e8f255,0.0,0.0,0.0,0.0,1.4,0.8,2.3,3.5,0.293115
2026-01-03 12:53:47,662a89f51afb9c00172d26ef,0.0,0.0,0.0,0.0,1.4,0.8,2.3,3.5,0.293115
2026-01-03 12:53:47,6318287ec9eae60017a19f36,0.0,0.0,0.0,0.0,1.4,0.8,2.3,3.5,0.293115
2026-01-03 12:53:47,6792f3058c5ed4001b27f58e,0.0,0.0,0.0,0.0,1.4,0.8,2.3,3.5,0.293115
2026-01-03 12:53:47,587476e3b807da0011e33cee,0.0,0.0,0.0,0.0,1.4,0.8,2.3,3.5,0.293115
2026-01-03 12:53:47,597bf277faa7ea0011c7c29f,0.0,0.0,0.0,0.0,1.4,0.8,2.3,3.5,0.293115
2026-01-03 12:53:47,5d9de49d766c880017188cb9,0.0,0.0,0.0,0.0,1.4,0.8,2.3,3.5,0.293115
2026-01-03 12:53:47,5d9ddf49766c880017188ca0,0.0,0.0,0.0,0.0,1.4,0.8,2.3,3.5,0.293115
2026-01-03 12:53:47,63ae763bbfd3d90017e8f0c4,0.0,0.0,0.0,0.0,1.4,0.8,2.3,3.5,0.293115
2026-01-03 12:53:47,5d8cda6a766c880017188960,0.0,0.0,0.0,0.0,1.4,0.8,2.3,3.5,0.293115
2026-01-03 12:53:47,662b80e81afb9c00172dcbec,0.0,0.0,0.0,0.0,1.4,0.8,2.3,3.5,0.293115
2026-01-03 12:53:47,681826506dfb4b0018f83e64,0.0,0.0,0.0,0.0,1.4,0.8,2.3,3.5,0.3
2026-01-03 12:53:47,662a86a11afb9c00172d2410,0.0,0.0,0.0,0.0,1.4,0.8,2.3,3.5,0.293115
2026-01-03 12:53:47,5a6083198576340017d0667a,0.0,0.0,0.0,0.0,1.4,0.8,2.3,3.5,0.293115
2026-01-03 12:53:47,56de42f611f398ec0c48128b,0.0,0.0,0.0,0.0,1.4,0.8,2.3,3.5,0.293115
2026-01-03 12:53:47,58e49ff8d9d6200011e0b9d4,0.0,0.0,0.0,0.0,1.4,0.8,2.3,3.5,0.293115
2026-01-03 12:53:47,6922924644912200174bc737,0.0,0.0,0.0,0.0,1.4,0.8,2.3,3.5,0.293115
2026-01-03 12:53:47,681885a26dfb4b0018f8f176,0.0,0.0,0.0,0.0,1.4,0.8,2.3,3.5,0.293115
2026-01-03 12:53:47,5a8241105058170011f6eaa6,0.0,0.0,0.0,0.0,1.4,0.8,2.3,3.5,0.293115
2026-01-03 12:53:47,65e054fb6b18080018db6632,0.0,0.0,0.0,0.0,1.4,0.8,2.3,3.5,0.293115
2026-01-03 12:53:47,5a825ded5058170011f6ead7,0.0,0.0,0.0,0.0,1.4,0.8,2.3,3.5,0.293115
2026-01-03 12:53:47,5d8cdb0a766c880017188964,0.0,0.0,0.0,0.0,1.4,0.8,2.3,3.5,0.293115
2026-01-03 12:53:47,68188bb96dfb4b0018f8fdbf,0.0,0.0,0.0,0.0,1.4,0.8,2.3,3.5,0.293115
2026-01-03 12:53:47,56df833ac062921100c143e1,0.0,0.0,0.0,0.0,1.4,0.8,2.3,3.5,0.3
2026-01-03 12:53:47,6792efe48c5ed4001b27f336,0.0,0.0,0.0,0.0,1.4,0.8,2.3,3.5,0.293115
2026-01-03 12:53:47,63b5503bbfd3d90017ea7ccc,0.0,0.0,0.0,0.0,1.4,0.8,2.3,3.5,0.293115
2026-01-03 12:53:47,662a873b1afb9c00172d2483,0.0,0.0,0.0,0.0,1.4,0.8,2.3,3.5,0.293115
2026-01-03 12:53:47,66b1c3fa779f740018674146,0.0,0.0,0.0,0.0,1.4,0.8,2.3,3.5,0.293115
2026-01-03 12:53:47,5ad0621c98d8fc001102e268,0.0,0.0,0.0,0.0,1.4,0.8,2.3,3.5,0.293115
2026-01-03 12:53:47,66b1c34d779f74001867409e,0.0,0.0,0.0,0.0,1.4,0.8,2.3,3.5,0.293115
2026-01-03 12:53:47,595f89323dcfc400106f28ee,0.0,0.0,0.0,0.0,1.4,0.8,2.3,3.5,0.293115
2026-01-03 12:53:47,56de42f611f398ec0c48128c,0.0,0.0,0.0,0.0,1.4,0.8,2.3,3.5,0.293115
2026-01-03 12:53:47,662b558c1afb9c00172d8ed2,0.0,0.0,0.0,0.0,1.4,0.8,2.3,3.5,0.293115
2026-01-03 12:53:47,6623f4836f998a001b2528bf,0.0,0.0,0.0,0.0,1.4,0.8,2.3,3.5,0.293115
2026-01-03 12:53:47,662b85bf1afb9c00172dd149,0.0,0.0,0.0,0.0,1.4,0.8,2.3,3.5,0.293115
2026-01-03 12:53:47,595d98fc3dcfc400106f287b,0.0,0.0,0.0,0.0,1.4,0.8,2.3,3.5,0.3
2026-01-03 12:53:47,6818887f6dfb4b0018f8f54c,0.0,0.0,0.0,0.0,1.4,0.8,2.3,3.5,0.293115
2026-01-03 12:53:47,63b54bcdbfd3d90017ea7a82,0.0,0.0,0.0,0.0,1.4,0.8,2.3,3.5,0.293115
2026-01-03 12:53:47,68eddd0a230ee50017d040b2,0.0,0.0,0.0,0.0,1.4,0.8,2.3,3.5,0.293115
2026-01-03 12:53:47,68a587d54e89b100173b6021,0.0,0.0,0.0,0.0,1.4,0.8,2.3,3.5,0.293115
2026-01-03 12:53:47,5b5995a3fd4edb0019c7d9ab,0.0,0.0,0.0,0.0,1.4,0.8,2.3,3.5,0.293115
2026-01-03 12:53:47,692291f044912200174bc703,0.0,0.0,0.0,0.0,1.4,0.8,2.3,3.5,0.293115
2026-01-03 12:53:47,662b81a31afb9c00172dcc65,0.0,0.0,0.0,0.0,1.4,0.8,2.3,3.5,0.3
2026-01-03 12:53:47,5deb576d1dc17d7c5515acf6,0.0,0.0,0.0,0.0,1.4,0.8,2.3,3.5,0.293115
2026-01-03 12:53:47,58746488b807da0011e33cd7,0.0,0.0,0.0,0.0,1.4,0.8,2.3,3.5,0.293115
2026-01-03 12:53:47,662b83381afb9c00172dcf88,0.0,0.0,0.0,0.0,1.4,0.8,2.3,3.5,0.293115
2026-01-03 12:53:47,5822b5ededeb6c0012a2d66a,0.0,0.0,0.0,0.0,1.4,0.8,2.3,3.5,0.293115
2026-01-03 12:53:47,63b660d8bfd3d90017eaa4d5,0.0,0.0,0.0,0.0,1.4,0.8,2.3,3.5,0.293115
2026-01-03 12:53:47,63ae7be0bfd3d90017e8f3a8,0.0,0.0,0.0,0.0,1.4,0.8,2.3,3.5,0.293115
2026-01-03 12:53:47,63b54a04bfd3d90017ea783e,0.0,0.0,0.0,0.0,1.4,0.8,2.3,3.5,0.3
2026-01-03 12:53:47,63b54f70bfd3d90017ea7c86,0.0,0.0,0.0,0.0,1.4,0.8,2.3,3.5,0.293115
2026-01-03 12:53:47,5a8267fe5058170011f6eae1,0.0,0.0,0.0,0.0,1.4,0.8,2.3,3.5,0.293115
2026-01-03 12:53:47,595d984b3dcfc400106f2879,0.0,0.0,0.0,0.0,1.4,0.8,2.3,3.5,0.293115
2026-01-03 12:53:47,5b25a268f13cba001124e713,0.0,0.0,0.0,0.0,1.4,0.8,2.3,3.5,0.3
2026-01-03 12:53:47,63ae768dbfd3d90017e8f0f1,0.0,0.0,0.0,0.0,1.4,0.8,2.3,3.5,0.293115
2026-01-03 12:53:47,6818884f6dfb4b0018f8f50f,0.0,0.0,0.0,0.0,1.4,0.8,2.3,3.5,0.293115
2026-01-03 12:53:47,662a89ae1afb9c00172d26ad,0.0,0.0,0.0,0.0,1.4,0.8,2.3,3.5,0.293115
2026-01-03 12:53:47,63b54a70bfd3d90017ea7862,0.0,0.0,0.0,0.0,1.4,0.8,2.3,3.5,0.293115
2026-01-03 12:53:47,58e49783d9d6200011e0b9ce,0.0,0.0,0.0,0.0,1.4,0.8,2.3,3.5,0.293115
2026-01-03 12:53:47,5deb576d1dc17d7c5515ad0c,0.0,0.0,0.0,0.0,1.4,0.8,2.3,3.5,0.293115
2026-01-03 12:53:47,6623ef776f998a001b252768,0.0,0.0,0.0,0.0,1.4,0.8,2.3,3.5,0.293115
2026-01-03 12:53:47,58d7bbf2c1e33c00112b3216,0.0,0.0,0.0,0.0,1.4,0.8,2.3,3.5,0.293115
2026-01-03 12:53:47,662b51d21afb9c00172d89bf,0.0,0.0,0.0,0.0,1.4,0.8,2.3,3.5,0.293115
2026-01-03 12:53:47,58746295b807da0011e33ccb,0.0,0.0,0.0,0.0,1.4,0.8,2.3,3.5,0.293115
2026-01-03 12:53:47,585b2baec3f96200127dc508,0.0,0.0,0.0,0.0,1.4,0.8,2.3,3.5,0.293115
2026-01-03 12:53:47,5a606cd08576340017d06628,0.0,0.0,0.0,0.0,1.4,0.8,2.3,3.5,0.293115
2026-01-03 12:53:47,662b80051afb9c00172dcaf6,0.0,0.0,0.0,0.0,1.4,0.8,2.3,3.5,0.293115
2026-01-03 12:53:47,5d8cd253766c88001718893a,0.0,0.0,0.0,0.0,1.4,0.8,2.3,3.5,0.3
2026-01-03 12:53:47,662b5bc31afb9c00172d92e2,0.0,0.0,0.0,0.0,1.4,0.8,2.3,3.5,0.293115
2026-01-03 12:53:47,662b58401afb9c00172d90f5,0.0,0.0,0.0,0.0,1.4,0.8,2.3,3.5,0.293115
2026-01-03 12:53:47,5874644cb807da0011e33cd5,0.0,0.0,0.0,0.0,1.4,0.8,2.3,3.5,0.293115
2026-01-03 12:53:47,662b867b1afb9c00172dd250,0.0,0.0,0.0,0.0,1.4,0.8,2.3,3.5,0.293115
2026-01-03 12:53:47,597bf0b8faa7ea0011c7c293,0.0,0.0,0.0,0.0,1.4,0.8,2.3,3.5,0.293115
2026-01-03 12:53:47,5a10c79f02eb490011a0b0dd,0.0,0.0,0.0,0.0,1.4,0.8,2.3,3.5,0.293115
2026-01-03 12:53:47,68188af96dfb4b0018f8f8e4,0.0,0.0,0.0,0.0,1.4,0.8,2.3,3.5,0.293115
2026-01-03 12:53:47,662b83ff1afb9c00172dcffb,0.0,0.0,0.0,0.0,1.4,0.8,2.3,3.5,0.293115
2026-01-03 12:53:47,5deb576d1dc17d7c5515ad19,0.0,0.0,0.0,0.0,1.4,0.8,2.3,3.5,0.293115
2026-01-03 12:53:47,5b6329fdfd4edb0019c7dc0b,0.0,0.0,0.0,0.0,1.4,0.8,2.3,3.5,0.3
2026-01-03 12:53:47,589add0fb3bf7600110283ae,0.0,0.0,0.0,0.0,1.4,0.8,2.3,3.5,0.293115
2026-01-03 12:53:47,5deb576d1dc17d7c5515ad01,0.0,0.0,0.0,0.0,1.4,0.8,2.3,3.5,0.293115
2026-01-03 12:53:47,58abbf72bd82540010390ba4,0.0,0.0,0.0,0.0,1.4,0.8,2.3,3.5,0.293115
2026-01-03 12:53:47,6623f1f16f998a001b25281f,0.0,0.0,0.0,0.0,1.4,0.8,2.3,3.5,0.293115
2026-01-03 12:53:47,58ad6961bd82540010390be5,0.0,0.0,0.0,0.0,1.4,0.8,2.3,3.5,0.293115
2026-01-03 12:53:47,59ca2fa302eb490011a0a3fd,0.0,0.0,0.0,0.0,1.4,0.8,2.3,3.5,0.3
2026-01-03 12:53:47,5a606dbc8576340017d0662b,0.0,0.0,0.0,0.0,1.4,0.8,2.3,3.5,0.293115
2026-01-03 12:53:47,662b52a31afb9c00172d8b01,0.0,0.0,0.0,0.0,1.4,0.8,2.3,3.5,0.293115
2026-01-03 12:53:47,58abbee5bd82540010390ba2,0.0,0.0,0.0,0.0,1.4,0.8,2.3,3.5,0.293115
2026-01-03 12:53:47,662a8ef41afb9c00172d2af2,0.0,0.0,0.0,0.0,1.4,0.8,2.3,3.5,0.293115
2026-01-03 12:53:47,6623f5b56f998a001b25292f,0.0,0.0,0.0,0.0,1.4,0.8,2.3,3.5,0.293115
2026-01-03 12:53:47,66b1c398779f7400186740e3,0.0,0.0,0.0,0.0,1.4,0.8,2.3,3.5,0.293115
2026-01-03 12:53:47,58d7b756c1e33c00112b320d,0.0,0.0,0.0,0.0,1.4,0.8,2.3,3.5,0.293115
2026-01-03 12:53:47,6623e31e6f998a001b252250,0.0,0.0,0.0,0.0,1.4,0.8,2.3,3.5,0.293115
2026-01-03 12:53:47,5deb576d1dc17d7c5515acfe,0.0,0.0,0.0,0.0,1.4,0.8,2.3,3.5,0.293115
2026-01-03 12:53:47,6792f3cf8c5ed4001b27f61e,0.0,0.0,0.0,0.0,1.4,0.8,2.3,3.5,0.293115
2026-01-03 12:53:47,58df4e22dc195800111e04bb,0.0,0.0,0.0,0.0,1.4,0.8,2.3,3.5,0.293115
2026-01-03 12:53:47,58d7b3e8c1e33c00112b3207,0.0,0.0,0.0,0.0,1.4,0.8,2.3,3.5,0.3
2026-01-03 12:53:47,5d8cdc57766c88001718896e,0.0,0.0,0.0,0.0,1.4,0.8,2.3,3.5,0.293115
2026-01-03 12:53:47,66f1266f538c780017c93579,0.0,0.0,0.0,0.0,1.4,0.8,2.3,3.5,0.293115
2026-01-03 12:53:47,5ad0679598d8fc001102e274,0.0,0.0,0.0,0.0,1.4,0.8,2.3,3.5,0.293115
2026-01-03 12:53:47,5a824b6c5058170011f6eaab,0.0,0.0,0.0,0.0,1.4,0.8,2.3,3.5,0.3
2026-01-03 12:53:47,62da3e840637a10017d7073d,0.0,0.0,0.0,0.0,1.4,0.8,2.3,3.5,0.293115
2026-01-03 12:53:47,56de42f611f398ec0c481288,0.0,0.0,0.0,0.0,1.4,0.8,2.3,3.5,0.293115
2026-01-03 12:53:47,5d8cd614766c88001718894a,0.0,0.0,0.0,0.0,1.4,0.8,2.3,3.5,0.293115
2026-01-03 12:53:47,5a824f975058170011f6eab8,0.0,0.0,0.0,0.0,1.4,0.8,2.3,3.5,0.293115
2026-01-03 12:53:47,5a824c3e5058170011f6eaae,0.0,0.0,0.0,0.0,1.4,0.8,2.3,3.5,0.293115
2026-01-03 12:53:47,5deb576d1dc17d7c5515acf9,0.0,0.0,0.0,0.0,1.4,0.8,2.3,3.5,0.293115
2026-01-03 12:53:47,587470c2b807da0011e33ce4,0.0,0.0,0.0,0.0,1.4,0.8,2.3,3.5,0.293115
2026-01-03 12:53:47,68188cbf6dfb4b0018f900e9,0.0,0.0,0.0,0.0,1.4,0.8,2.3,3.5,0.293115
2026-01-03 12:53:47,67e217ea3215f90017863bf1,0.0,0.0,0.0,0.0,1.4,0.8,2.3,3.5,0.293115
2026-01-03 12:53:47,68ede6d0230ee50017d04d4c,0.0,0.0,0.0,0.0,1.4,0.8,2.3,3.5,0.293115
2026-01-03 12:53:47,584e734a61cfea0012cf694f,0.0,0.0,0.0,0.0,1.4,0.8,2.3,3.5,0.293115
2026-01-03 12:53:47,662b7f251afb9c00172dc8bc,0.0,0.0,0.0,0.0,1.4,0.8,2.3,3.5,0.293115
2026-01-03 12:53:47,6623ec826f998a001b252686,0.0,0.0,0.0,0.0,1.4,0.8,2.3,3.5,0.293115
2026-01-03 12:53:47,5deb576d1dc17d7c5515ad23,0.0,0.0,0.0,0.0,1.4,0.8,2.3,3.5,0.293115
2026-01-03 12:53:47,6922939144912200174bc80c,0.0,0.0,0.0,0.0,1.4,0.8,2.3,3.5,0.293115
2026-01-03 12:53:47,595d9ba43dcfc400106f2880,0.0,0.0,0.0,0.0,1.4,0.8,2.3,3.5,0.3
2026-01-03 12:53:47,6818863c6dfb4b0018f8f235,0.0,0.0,0.0,0.0,1.4,0.8,2.3,3.5,0.293115
2026-01-03 12:53:47,589ad89eb3bf7600110283ac,0.0,0.0,0.0,0.0,1.4,0.8,2.3,3.5,0.293115
2026-01-03 12:53:47,662b5adc1afb9c00172d925b,0.0,0.0,0.0,0.0,1.4,0.8,2.3,3.5,0.293115
2026-01-03 12:53:47,5701e22bc4350a1100e26f6c,0.0,0.0,0.0,0.0,1.4,0.8,2.3,3.5,0.3
2026-01-03 12:53:47,5b87c386ca057700116404a6,0.0,0.0,0.0,0.0,1.4,0.8,2.3,3.5,0.293115
2026-01-03 12:53:47,5d8cd542766c880017188948,0.0,0.0,0.0,0.0,1.4,0.8,2.3,3.5,0.293115
2026-01-03 12:53:47,6623e8406f998a001b252465,0.0,0.0,0.0,0.0,1.4,0.8,2.3,3.5,0.293115
2026-01-03 12:53:47,5875cef0b807da0011e33d14,0.0,0.0,0.0,0.0,1.4,0.8,2.3,3.5,0.3
2026-01-03 12:53:47,5a823d555058170011f6eaa2,0.0,0.0,0.0,0.0,1.4,0.8,2.3,3.5,0.3
2026-01-03 12:53:47,595da2853dcfc400106f2883,0.0,0.0,0.0,0.0,1.4,0.8,2.3,3.5,0.293115
2026-01-03 12:53:47,5b632950fd4edb0019c7dc07,0.0,0.0,0.0,0.0,1.4,0.8,2.3,3.5,0.293115
2026-01-03 12:53:47,5deb576d1dc17d7c5515ad06,0.0,0.0,0.0,0.0,1.4,0.8,2.3,3.5,0.293115
2026-01-03 12:53:47,662b54711afb9c00172d8d4f,0.0,0.0,0.0,0.0,1.4,0.8,2.3,3.5,0.293115
2026-01-03 12:53:47,5a8279865058170011f6eaef,0.0,0.0,0.0,0.0,1.4,0.8,2.3,3.5,0.293115
2026-01-03 12:53:47,662b4faa1afb9c00172d875e,0.0,0.0,0.0,0.0,1.4,0.8,2.3,3.5,0.293115
2026-01-03 12:53:47,662a87641afb9c00172d24b0,0.0,0.0,0.0,0.0,1.4,0.8,2.3,3.5,0.293115
2026-01-03 12:53:47,56de42f611f398ec0c4812a1,0.0,0.0,0.0,0.0,1.4,0.8,2.3,3.5,0.293115
2026-01-03 12:53:47,63ae7669bfd3d90017e8f0d9,0.0,0.0,0.0,0.0,1.4,0.8,2.3,3.5,0.293115
2026-01-03 12:53:47,63b65e6abfd3d90017eaa361,0.0,0.0,0.0,0.0,1.4,0.8,2.3,3.5,0.293115
2026-01-03 12:53:47,662a8fd41afb9c00172d2bac,0.0,0.0,0.0,0.0,1.4,0.8,2.3,3.5,0.293115
2026-01-03 12:53:47,56f11afc3ac17b11001c504e,0.0,0.0,0.0,0.0,1.4,0.8,2.3,3.5,0.293115
2026-01-03 12:53:47,585b2b1ec3f96200127dc505,0.0,0.0,0.0,0.0,1.4,0.8,2.3,3.5,0.293115
2026-01-03 12:53:47,5a825b7d5058170011f6ead4,0.0,0.0,0.0,0.0,1.4,0.8,2.3,3.5,0.293115
2026-01-03 12:53:47,5a6069238576340017d0661c,0.0,0.0,0.0,0.0,1.4,0.8,2.3,3.5,0.293115
2026-01-03 12:53:47,662b857b1afb9c00172dd106,0.0,0.0,0.0,0.0,1.4,0.8,2.3,3.5,0.293115
2026-01-03 12:53:47,56de42f611f398ec0c481298,0.0,0.0,0.0,0.0,1.4,0.8,2.3,3.5,0.293115
2026-01-03 12:53:47,63ae75f9bfd3d90017e8f097,0.0,0.0,0.0,0.0,1.4,0.8,2.3,3.5,0.293115
2026-01-03 12:53:47,63ae7829bfd3d90017e8f1ac,0.0,0.0,0.0,0.0,1.4,0.8,2.3,3.5,0.293115
2026-01-03 12:53:47,65e0556b6b18080018db665e,0.0,0.0,0.0,0.0,1.4,0.8,2.3,3.5,0.293115
2026-01-03 12:53:47,662b81eb1afb9c00172dcc85,0.0,0.0,0.0,0.0,1.4,0.8,2.3,3.5,0.293115
2026-01-03 12:53:47,595dd9ac3dcfc400106f28b4,0.0,0.0,0.0,0.0,1.4,0.8,2.3,3.5,0.293115
2026-01-03 12:53:47,662a8cc51afb9c00172d2938,0.0,0.0,0.0,0.0,1.4,0.8,2.3,3.5,0.293115
2026-01-03 12:53:47,587654d3b807da0011e33d36,0.0,0.0,0.0,0.0,1.4,0.8,2.3,3.5,0.293115
2026-01-03 12:53:47,5990ffdbbec3b90016d2ad2d,0.0,0.0,0.0,0.0,1.4,0.8,2.3,3.5,0.293115
2026-01-03 12:53:47,5a8259035058170011f6eacf,0.0,0.0,0.0,0.0,1.4,0.8,2.3,3.5,0.3
2026-01-03 12:53:47,63b54cffbfd3d90017ea7ad0,0.0,0.0,0.0,0.0,1.4,0.8,2.3,3.5,0.293115
2026-01-03 12:53:47,589b4644b3bf7600110283ce,0.0,0.0,0.0,0.0,1.4,0.8,2.3,3.5,0.293115
2026-01-03 12:53:47,5d8cd8e2766c880017188958,0.0,0.0,0.0,0.0,1.4,0.8,2.3,3.5,0.293115
2026-01-03 12:53:47,63b54fe4bfd3d90017ea7ca2,0.0,0.0,0.0,0.0,1.4,0.8,2.3,3.5,0.3
2026-01-03 12:53:47,6623ebd76f998a001b25264d,0.0,0.0,0.0,0.0,1.4,0.8,2.3,3.5,0.293115
2026-01-03 12:53:47,5a6086e88576340017d0668a,0.0,0.0,0.0,0.0,1.4,0.8,2.3,3.5,0.293115
2026-01-03 12:53:47,681888b66dfb4b0018f8f58c,0.0,0.0,0.0,0.0,1.4,0.8,2.3,3.5,0.293115
2026-01-03 12:53:47,5b6c15b8ca0577001163fe39,0.0,0.0,0.0,0.0,1.4,0.8,2.3,3.5,0.3
2026-01-03 12:53:47,5d8cd98d766c88001718895a,0.0,0.0,0.0,0.0,1.4,0.8,2.3,3.5,0.293115
2026-01-03 12:53:47,6623ee666f998a001b252726,0.0,0.0,0.0,0.0,1.4,0.8,2.3,3.5,0.293115
2026-01-03 12:53:47,662b84c11afb9c00172dd0b5,0.0,0.0,0.0,0.0,1.4,0.8,2.3,3.5,0.293115
2026-01-03 12:53:47,662b51201afb9c00172d889a,0.0,0.0,0.0,0.0,1.4,0.8,2.3,3.5,0.293115
2026-01-03 12:53:47,56df8198c062921100c143dd,0.0,0.0,0.0,0.0,1.4,0.8,2.3,3.5,0.293115
2026-01-03 12:53:47,56de42f611f398ec0c481282,0.0,0.0,0.0,0.0,1.4,0.8,2.3,3.5,0.293115
2026-01-03 12:53:47,58df4c2bdc195800111e04b7,0.0,0.0,0.0,0.0,1.4,0.8,2.3,3.5,0.3
2026-01-03 12:53:47,6623ea416f998a001b25260a,0.0,0.0,0.0,0.0,1.4,0.8,2.3,3.5,0.293115
2026-01-03 12:53:47,662b872d1afb9c00172dd36a,0.0,0.0,0.0,0.0,1.4,0.8,2.3,3.5,0.293115
2026-01-03 12:53:47,6623e4b06f998a001b2522f1,0.0,0.0,0.0,0.0,1.4,0.8,2.3,3.5,0.293115
2026-01-03 12:53:47,56de42f611f398ec0c48127e,0.0,0.0,0.0,0.0,1.4,0.8,2.3,3.5,0.293115
2026-01-03 12:53:47,595dd3a63dcfc400106f28a7,0.0,0.0,0.0,0.0,1.4,0.8,2.3,3.5,0.293115
2026-01-03 12:53:47,68ede5d4230ee50017d04c24,0.0,0.0,0.0,0.0,1.4,0.8,2.3,3.5,0.293115
2026-01-03 12:53:47,5a8266105058170011f6eadf,0.0,0.0,0.0,0.0,1.4,0.8,2.3,3.5,0.293115
2026-01-03 12:53:47,662b5afe1afb9c00172d9284,0.0,0.0,0.0,0.0,1.4,0.8,2.3,3.5,0.293115
2026-01-03 12:53:47,5a82602c5058170011f6ead9,0.0,0.0,0.0,0.0,1.4,0.8,2.3,3.5,0.293115
2026-01-03 12:53:47,585b2980c3f96200127dc502,0.0,0.0,0.0,0.0,1.4,0.8,2.3,3.5,0.293115
2026-01-03 12:53:47,56de42f611f398ec0c481284,0.0,0.0,0.0,0.0,1.4,0.8,2.3,3.5,0.3
2026-01-03 12:53:47,662b56c51afb9c00172d9071,0.0,0.0,0.0,0.0,1.4,0.8,2.3,3.5,0.293115
2026-01-03 12:53:47,63ae7a08bfd3d90017e8f285,0.0,0.0,0.0,0.0,1.4,0.8,2.3,3.5,0.293115
2026-01-03 12:53:47,662a8b061afb9c00172d27d7,0.0,0.0,0.0,0.0,1.4,0.8,2.3,3.5,0.293115
2026-01-03 12:53:47,587ee7d7b807da0011e33d55,0.0,0.0,0.0,0.0,1.4,0.8,2.3,3.5,0.293115
2026-01-03 12:53:47,5deb576d1dc17d7c5515ad12,0.0,0.0,0.0,0.0,1.4,0.8,2.3,3.5,0.3
2026-01-03 12:53:47,662b51a41afb9c00172d8926,0.0,0.0,0.0,0.0,1.4,0.8,2.3,3.5,0.3
2026-01-03 12:53:47,63ae7893bfd3d90017e8f1e1,0.0,0.0,0.0,0.0,1.4,0.8,2.3,3.5,0.293115
2026-01-03 12:53:47,662a8b9e1afb9c00172d284d,0.0,0.0,0.0,0.0,1.4,0.8,2.3,3.5,0.293115
2026-01-03 12:53:47,5a823ba75058170011f6ea9e,0.0,0.0,0.0,0.0,1.4,0.8,2.3,3.5,0.293115
2026-01-03 12:53:47,681887346dfb4b0018f8f36a,0.0,0.0,0.0,0.0,1.4,0.8,2.3,3.5,0.293115
2026-01-03 12:53:47,662b5a401afb9c00172d91fc,0.0,0.0,0.0,0.0,1.4,0.8,2.3,3.5,0.293115
2026-01-03 12:53:47,56df8544c062921100c143e6,0.0,0.0,0.0,0.0,1.4,0.8,2.3,3.5,0.293115
2026-01-03 12:53:47,595ddb493dcfc400106f28b6,0.0,0.0,0.0,0.0,1.4,0.8,2.3,3.5,0.3
2026-01-03 12:53:47,66b1c1f2779f740018673f0d,0.0,0.0,0.0,0.0,1.4,0.8,2.3,3.5,0.293115
2026-01-03 12:53:47,589b4379b3bf7600110283c9,0.0,0.0,0.0,0.0,1.4,0.8,2.3,3.5,0.293115
2026-01-03 12:53:47,5a60604f8576340017d0660b,0.0,0.0,0.0,0.0,1.4,0.8,2.3,3.5,0.293115
2026-01-03 12:53:47,5d8cd9cb766c88001718895c,0.0,0.0,0.0,0.0,1.4,0.8,2.3,3.5,0.293115
2026-01-03 12:53:47,6623e6b86f998a001b2523b8,0.0,0.0,0.0,0.0,1.4,0.8,2.3,3.5,0.293115
2026-01-03 12:53:47,5a8256315058170011f6eac9,0.0,0.0,0.0,0.0,1.4,0.8,2.3,3.5,0.293115
2026-01-03 12:53:47,5ad064b498d8fc001102e26f,0.0,0.0,0.0,0.0,1.4,0.8,2.3,3.5,0.293115
2026-01-03 12:53:47,58af8d68bd82540010390c2e,0.0,0.0,0.0,0.0,1.4,0.8,2.3,3.5,0.293115
2026-01-03 12:53:47,65e0552f6b18080018db6647,0.0,0.0,0.0,0.0,1.4,0.8,2.3,3.5,0.293115
2026-01-03 12:53:47,595da7783dcfc400106f2888,0.0,0.0,0.0,0.0,1.4,0.8,2.3,3.5,0.293115
2026-01-03 12:53:47,662a8e121afb9c00172d2a3f,0.0,0.0,0.0,0.0,1.4,0.8,2.3,3.5,0.293115
2026-01-03 12:53:47,662b5be91afb9c00172d939b,0.0,0.0,0.0,0.0,1.4,0.8,2.3,3.5,0.293115
2026-01-03 12:53:47,5b728aafca0577001163ff7e,0.0,0.0,0.0,0.0,1.4,0.8,2.3,3.5,0.3
2026-01-03 12:53:47,6818901a6dfb4b0018f9058a,0.0,0.0,0.0,0.0,1.4,0.8,2.3,3.5,0.293115
2026-01-03 12:53:47,63ae7966bfd3d90017e8f240,0.0,0.0,0.0,0.0,1.4,0.8,2.3,3.5,0.3
2026-01-03 12:53:47,5a607fa38576340017d06671,0.0,0.0,0.0,0.0,1.4,0.8,2.3,3.5,0.293115
2026-01-03 12:53:47,662b87551afb9c00172dd43a,0.0,0.0,0.0,0.0,1.4,0.8,2.3,3.5,0.293115
2026-01-03 12:53:47,5deb576d1dc17d7c5515ad21,0.0,0.0,0.0,0.0,1.4,0.8,2.3,3.5,0.293115
2026-01-03 12:53:47,68188bf46dfb4b0018f8ff12,0.0,0.0,0.0,0.0,1.4,0.8,2.3,3.5,0.293115
2026-01-03 12:53:47,68a589a54e89b100173b6267,0.0,0.0,0.0,0.0,1.4,0.8,2.3,3.5,0.293115
2026-01-03 12:53:47,56de42f611f398ec0c481289,0.0,0.0,0.0,0.0,1.4,0.8,2.3,3.5,0.293115
2026-01-03 12:53:47,58ad69c4bd82540010390be7,0.0,0.0,0.0,0.0,1.4,0.8,2.3,3.5,0.293115
2026-01-03 12:53:47,6623f5876f998a001b25291a,0.0,0.0,0.0,0.0,1.4,0.8,2.3,3.5,0.293115
2026-01-03 12:53:47,6623e2e16f998a001b252233,0.0,0.0,0.0,0.0,1.4,0.8,2.3,3.5,0.293115
2026-01-03 12:53:47,63b54898bfd3d90017ea77ae,0.0,0.0,0.0,0.0,1.4,0.8,2.3,3.5,0.293115
2026-01-03 12:53:47,63b549b8bfd3d90017ea782c,0.0,0.0,0.0,0.0,1.4,0.8,2.3,3.5,0.293115
2026-01-03 12:53:47,662b5b271afb9c00172d9296,0.0,0.0,0.0,0.0,1.4,0.8,2.3,3.5,0.293115
2026-01-03 12:53:47,662a87df1afb9c00172d2522,0.0,0.0,0.0,0.0,1.4,0.8,2.3,3.5,0.293115
2026-01-03 12:53:47,68ede60a230ee50017d04c69,0.0,0.0,0.0,0.0,1.4,0.8,2.3,3.5,0.293115
2026-01-03 12:53:47,5a823bd55058170011f6eaa0,0.0,0.0,0.0,0.0,1.4,0.8,2.3,3.5,0.293115
2026-01-03 12:53:47,5a6085688576340017d06684,0.0,0.0,0.0,0.0,1.4,0.8,2.3,3.5,0.293115
2026-01-03 12:53:47,595dd7693dcfc400106f28b0,0.0,0.0,0.0,0.0,1.4,0.8,2.3,3.5,0.293115
2026-01-03 12:53:47,6623e88c6f998a001b25248b,0.0,0.0,0.0,0.0,1.4,0.8,2.3,3.5,0.293115
2026-01-03 12:53:47,63b54996bfd3d90017ea781a,0.0,0.0,0.0,0.0,1.4,0.8,2.3,3.5,0.293115
2026-01-03 12:53:47,56de42f611f398ec0c481283,0.0,0.0,0.0,0.0,1.4,0.8,2.3,3.5,0.293115
2026-01-03 12:53:47,5d8cdcf0766c880017188972,0.0,0.0,0.0,0.0,1.4,0.8,2.3,3.5,0.293115
2026-01-03 12:53:47,67e217643215f90017863b73,0.0,0.0,0.0,0.0,1.4,0.8,2.3,3.5,0.293115
2026-01-03 12:53:47,662b57ec1afb9c00172d90e3,0.0,0.0,0.0,0.0,1.4,0.8,2.3,3.5,0.3
2026-01-03 12:53:47,662b50571afb9c00172d87df,0.0,0.0,0.0,0.0,1.4,0.8,2.3,3.5,0.293115
2026-01-03 12:53:47,56df8274c062921100c143df,0.0,0.0,0.0,0.0,1.4,0.8,2.3,3.5,0.293115
2026-01-03 12:53:47,662b52131afb9c00172d8a23,0.0,0.0,0.0,0.0,1.4,0.8,2.3,3.5,0.3
2026-01-03 12:53:47,68188b786dfb4b0018f8face,0.0,0.0,0.0,0.0,1.4,0.8,2.3,3.5,0.293115
2026-01-03 12:53:47,5a6061fd8576340017d06613,0.0,0.0,0.0,0.0,1.4,0.8,2.3,3.5,0.293115
2026-01-03 12:53:47,6623f0246f998a001b252797,0.0,0.0,0.0,0.0,1.4,0.8,2.3,3.5,0.293115
2026-01-03 12:53:47,595da7d93dcfc400106f288a,0.0,0.0,0.0,0.0,1.4,0.8,2.3,3.5,0.293115
2026-01-03 12:53:47,66b1c311779f740018674083,0.0,0.0,0.0,0.0,1.4,0.8,2.3,3.5,0.293115
2026-01-03 12:53:47,68ae7f327d735d00173c74e4,0.0,0.0,0.0,0.0,1.4,0.8,2.3,3.5,0.293115
2026-01-03 12:53:47,59ca30fd02eb490011a0a406,0.0,0.0,0.0,0.0,1.4,0.8,2.3,3.5,0.293115
2026-01-03 12:53:47,662a8cfe1afb9c00172d296e,0.0,0.0,0.0,0.0,1.4,0.8,2.3,3.5,0.293115
2026-01-03 12:53:47,589b39d9b3bf7600110283c1,0.0,0.0,0.0,0.0,1.4,0.8,2.3,3.5,0.293115
2026-01-03 12:53:47,5d8cd326766c88001718893e,0.0,0.0,0.0,0.0,1.4,0.8,2.3,3.5,0.293115
2026-01-03 12:53:47,587461c1b807da0011e33cc8,0.0,0.0,0.0,0.0,1.4,0.8,2.3,3.5,0.293115
2026-01-03 12:53:47,63ae76afbfd3d90017e8f106,0.0,0.0,0.0,0.0,1.4,0.8,2.3,3.5,0.293115
2026-01-03 12:53:47,63b661a3bfd3d90017eaa520,0.0,0.0,0.0,0.0,1.4,0.8,2.3,3.5,0.293115
2026-01-03 12:53:47,583f926761cfea0012cf68f1,0.0,0.0,0.0,0.0,1.4,0.8,2.3,3.5,0.293115
2026-01-03 12:53:47,6878bab06145d3001ba517f7,0.0,0.0,0.0,0.0,1.4,0.8,2.3,3.5,0.293115
2026-01-03 12:53:47,56df81d8c062921100c143de,0.0,0.0,0.0,0.0,1.4,0.8,2.3,3.5,0.293115
2026-01-03 12:53:47,63ae73cebfd3d90017e8f00d,0.0,0.0,0.0,0.0,1.4,0.8,2.3,3.5,0.293115
2026-01-03 12:53:47,662a8a661afb9c00172d2762,0.0,0.0,0.0,0.0,1.4,0.8,2.3,3.5,0.293115
2026-01-03 12:53:47,6623e7526f998a001b252407,0.0,0.0,0.0,0.0,1.4,0.8,2.3,3.5,0.293115
2026-01-03 12:53:47,5a6084898576340017d06680,0.0,0.0,0.0,0.0,1.4,0.8,2.3,3.5,0.293115
2026-01-03 12:53:47,56de42f611f398ec0c48129b,0.0,0.0,0.0,0.0,1.4,0.8,2.3,3.5,0.293115
2026-01-03 12:53:47,586e2492f9fab7001111b0ab,0.0,0.0,0.0,0.0,1.4,0.8,2.3,3.5,0.293115
2026-01-03 12:53:47,68edd621230ee50017d031c5,0.0,0.0,0.0,0.0,1.4,0.8,2.3,3.5,0.293115
2026-01-03 12:53:47,68ede0cf230ee50017d04657,0.0,0.0,0.0,0.0,1.4,0.8,2.3,3.5,0.293115
2026-01-03 12:53:47,662b571d1afb9c00172d9083,0.0,0.0,0.0,0.0,1.4,0.8,2.3,3.5,0.3
2026-01-03 12:53:47,587479b1b807da0011e33cf9,0.0,0.0,0.0,0.0,1.4,0.8,2.3,3.5,0.293115
2026-01-03 12:53:47,62da3e620637a10017d70720,0.0,0.0,0.0,0.0,1.4,0.8,2.3,3.5,0.3
2026-01-03 12:53:47,63b54909bfd3d90017ea77e4,0.0,0.0,0.0,0.0,1.4,0.8,2.3,3.5,0.293115
2026-01-03 12:53:47,595ddbbf3dcfc400106f28b8,0.0,0.0,0.0,0.0,1.4,0.8,2.3,3.5,0.293115
2026-01-03 12:53:47,5d9de43b766c880017188cb6,0.0,0.0,0.0,0.0,1.4,0.8,2.3,3.5,0.293115
2026-01-03 12:53:47,5a8250cc5058170011f6eaba,0.0,0.0,0.0,0.0,1.4,0.8,2.3,3.5,0.3
2026-01-03 12:53:47,6818868b6dfb4b0018f8f298,0.0,0.0,0.0,0.0,1.4,0.8,2.3,3.5,0.293115
2026-01-03 12:53:47,5b0b7e1c0e517b00119fd80b,0.0,0.0,0.0,0.0,1.4,0.8,2.3,3.5,0.3
2026-01-03 12:53:47,56de42f611f398ec0c48129a,0.0,0.0,0.0,0.0,1.4,0.8,2.3,3.5,0.293115
2026-01-03 12:53:47,662b57711afb9c00172d90a7,0.0,0.0,0.0,0.0,1.4,0.8,2.3,3.5,0.293115
2026-01-03 12:53:47,63b54968bfd3d90017ea7808,0.0,0.0,0.0,0.0,1.4,0.8,2.3,3.5,0.293115
2026-01-03 12:53:47,56de42f611f398ec0c48127f,0.0,0.0,0.0,0.0,1.4,0.8,2.3,3.5,0.293115
2026-01-03 12:53:47,58df5016dc195800111e04bd,0.0,0.0,0.0,0.0,1.4,0.8,2.3,3.5,0.293115
2026-01-03 12:53:47,681887836dfb4b0018f8f3d1,0.0,0.0,0.0,0.0,1.4,0.8,2.3,3.5,0.293115
2026-01-03 12:53:47,681884726dfb4b0018f8f035,0.0,0.0,0.0,0.0,1.4,0.8,2.3,3.5,0.293115
2026-01-03 12:53:47,5d8cdac3766c880017188962,0.0,0.0,0.0,0.0,1.4,0.8,2.3,3.5,0.293115
2026-01-03 12:53:47,587ef5dfb807da0011e33d59,0.0,0.0,0.0,0.0,1.4,0.8,2.3,3.5,0.293115
2026-01-03 12:53:47,68fae32b6b936b001721878b,0.0,0.0,0.0,0.0,1.4,0.8,2.3,3.5,0.293115
2026-01-03 12:53:47,595dc2f03dcfc400106f2896,0.0,0.0,0.0,0.0,1.4,0.8,2.3,3.5,0.293115
2026-01-03 12:53:47,662b85f51afb9c00172dd1c2,0.0,0.0,0.0,0.0,1.4,0.8,2.3,3.5,0.293115
2026-01-03 12:53:47,692293f044912200174bc856,0.0,0.0,0.0,0.0,1.4,0.8,2.3,3.5,0.293115
2026-01-03 12:53:47,68a588c04e89b100173b616b,0.0,0.0,0.0,0.0,1.4,0.8,2.3,3.5,0.293115
2026-01-03 12:53:47,5d8cdbdc766c88001718896a,0.0,0.0,0.0,0.0,1.4,0.8,2.3,3.5,0.293115
2026-01-03 12:53:47,63b54d5abfd3d90017ea7afe,0.0,0.0,0.0,0.0,1.4,0.8,2.3,3.5,0.293115
2026-01-03 12:53:47,5deb576d1dc17d7c5515ad13,0.0,0.0,0.0,0.0,1.4,0.8,2.3,3.5,0.293115
2026-01-03 12:53:47,662b862a1afb9c00172dd1ff,0.0,0.0,0.0,0.0,1.4,0.8,2.3,3.5,0.293115
2026-01-03 12:53:47,5deb576d1dc17d7c5515acf2,0.0,0.0,0.0,0.0,1.4,0.8,2.3,3.5,0.293115
2026-01-03 12:53:47,5a824e465058170011f6eab4,0.0,0.0,0.0,0.0,1.4,0.8,2.3,3.5,0.293115
2026-01-03 12:53:47,662b57471afb9c00172d9095,0.0,0.0,0.0,0.0,1.4,0.8,2.3,3.5,0.293115
2026-01-03 12:53:47,56de42f611f398ec0c481291,0.0,0.0,0.0,0.0,1.4,0.8,2.3,3.5,0.293115
2026-01-03 12:53:47,584e71cb61cfea0012cf694b,0.0,0.0,0.0,0.0,1.4,0.8,2.3,3.5,0.3
2026-01-03 12:53:47,595f874d3dcfc400106f28ec,0.0,0.0,0.0,0.0,1.4,0.8,2.3,3.5,0.293115
2026-01-03 12:53:47,5b19d34faf4ff60011d6ea52,0.0,0.0,0.0,0.0,1.4,0.8,2.3,3.5,0.293115
2026-01-03 12:53:47,63b3c9bfbfd3d90017e9b039,0.0,0.0,0.0,0.0,1.4,0.8,2.3,3.5,0.293115
2026-01-03 12:53:47,5deb576d1dc17d7c5515acf4,0.0,0.0,0.0,0.0,1.4,0.8,2.3,3.5,0.3
2026-01-03 12:53:47,6922944044912200174bc883,0.0,0.0,0.0,0.0,1.4,0.8,2.3,3.5,0.293115
2026-01-03 12:53:47,58af99abbd82540010390c39,0.0,0.0,0.0,0.0,1.4,0.8,2.3,3.5,0.293115
2026-01-03 12:53:47,68a5894a4e89b100173b6202,0.0,0.0,0.0,0.0,1.4,0.8,2.3,3.5,0.293115
2026-01-03 12:53:47,6623ecc16f998a001b25269e,0.0,0.0,0.0,0.0,1.4,0.8,2.3,3.5,0.293115
2026-01-03 12:53:47,6623e3ea6f998a001b2522ae,0.0,0.0,0.0,0.0,1.4,0.8,2.3,3.5,0.293115
2026-01-03 12:53:47,662b7d0c1afb9c00172dc6a6,0.0,0.0,0.0,0.0,1.4,0.8,2.3,3.5,0.293115
2026-01-03 12:53:47,662b54bb1afb9c00172d8dbb,0.0,0.0,0.0,0.0,1.4,0.8,2.3,3.5,0.293115
2026-01-03 12:53:47,662b58bd1afb9c00172d9119,0.0,0.0,0.0,0.0,1.4,0.8,2.3,3.5,0.293115
2026-01-03 12:53:47,595f86c43dcfc400106f28ea,0.0,0.0,0.0,0.0,1.4,0.8,2.3,3.5,0.293115
2026-01-03 12:53:47,59ca321b02eb490011a0a40d,0.0,0.0,0.0,0.0,1.4,0.8,2.3,3.5,0.293115
2026-01-03 12:53:47,5a82439f5058170011f6eaa9,0.0,0.0,0.0,0.0,1.4,0.8,2.3,3.5,0.293115
2026-01-03 12:53:47,6623e5d66f998a001b25235a,0.0,0.0,0.0,0.0,1.4,0.8,2.3,3.5,0.293115
2026-01-03 12:53:47,58d7c20ac1e33c00112b321c,0.0,0.0,0.0,0.0,1.4,0.8,2.3,3.5,0.293115
2026-01-03 12:53:47,589d0b74b3bf7600110283d4,0.0,0.0,0.0,0.0,1.4,0.8,2.3,3.5,0.293115
2026-01-03 12:53:47,56df807bc062921100c143da,0.0,0.0,0.0,0.0,1.4,0.8,2.3,3.5,0.293115
2026-01-03 12:53:47,662b82a61afb9c00172dcdfd,0.0,0.0,0.0,0.0,1.4,0.8,2.3,3.5,0.293115
2026-01-03 12:53:47,586e266ef9fab7001111b0b0,0.0,0.0,0.0,0.0,1.4,0.8,2.3,3.5,0.293115
2026-01-03 12:53:47,63ae7a74bfd3d90017e8f2c7,0.0,0.0,0.0,0.0,1.4,0.8,2.3,3.5,0.293115
2026-01-03 12:53:47,59d3414302eb490011a0a610,0.0,0.0,0.0,0.0,1.4,0.8,2.3,3.5,0.293115
2026-01-03 12:53:47,6623e9e96f998a001b2525ce,0.0,0.0,0.0,0.0,1.4,0.8,2.3,3.5,0.293115
2026-01-03 12:53:47,63ae7a9cbfd3d90017e8f303,0.0,0.0,0.0,0.0,1.4,0.8,2.3,3.5,0.293115
2026-01-03 12:53:47,5a6085188576340017d06682,0.0,0.0,0.0,0.0,1.4,0.8,2.3,3.5,0.3
2026-01-03 12:53:47,56de42f611f398ec0c481286,0.0,0.0,0.0,0.0,1.4,0.8,2.3,3.5,0.293115
2026-01-03 12:53:47,6623f14b6f998a001b2527f0,0.0,0.0,0.0,0.0,1.4,0.8,2.3,3.5,0.293115
2026-01-03 12:53:47,662b4f411afb9c00172d86fc,0.0,0.0,0.0,0.0,1.4,0.8,2.3,3.5,0.293115
2026-01-03 12:53:47,6792f9c88c5ed4001b27fb3d,0.0,0.0,0.0,0.0,1.4,0.8,2.3,3.5,0.293115
2026-01-03 12:53:47,662b843d1afb9c00172dd02d,0.0,0.0,0.0,0.0,1.4,0.8,2.3,3.5,0.293115
2026-01-03 12:53:47,595d9b3b3dcfc400106f287e,0.0,0.0,0.0,0.0,1.4,0.8,2.3,3.5,0.293115
2026-01-03 12:53:47,5deb576d1dc17d7c5515ad0b,0.0,0.0,0.0,0.0,1.4,0.8,2.3,3.5,0.293115
2026-01-03 12:53:47,5a6087858576340017d0668e,0.0,0.0,0.0,0.0,1.4,0.8,2.3,3.5,0.293115
2026-01-03 12:53:47,662b4e581afb9c00172d862f,0.0,0.0,0.0,0.0,1.4,0.8,2.3,3.5,0.293115
2026-01-03 12:53:47,587464e2b807da0011e33cd9,0.0,0.0,0.0,0.0,1.4,0.8,2.3,3.5,0.293115
2026-01-03 12:53:47,58afdbaebd82540010390c48,0.0,0.0,0.0,0.0,1.4,0.8,2.3,3.5,0.293115
2026-01-03 12:53:47,63b54c51bfd3d90017ea7aa0,0.0,0.0,0.0,0.0,1.4,0.8,2.3,3.5,0.293115
2026-01-03 12:53:47,58ad6214bd82540010390be2,0.0,0.0,0.0,0.0,1.4,0.8,2.3,3.5,0.293115
2026-01-03 12:53:47,5deb576d1dc17d7c5515ad09,0.0,0.0,0.0,0.0,1.4,0.8,2.3,3.5,0.293115
2026-01-03 12:53:47,58af8a0bbd82540010390c25,0.0,0.0,0.0,0.0,1.4,0.8,2.3,3.5,0.293115
2026-01-03 12:53:47,5b0b74280e517b00119fd7f9,0.0,0.0,0.0,0.0,1.4,0.8,2.3,3.5,0.3
2026-01-03 12:53:47,587ef859b807da0011e33d5b,0.0,0.0,0.0,0.0,1.4,0.8,2.3,3.5,0.293115
2026-01-03 12:53:47,58744e97b807da0011e33cb9,0.0,0.0,0.0,0.0,1.4,0.8,2.3,3.5,0.293115
2026-01-03 12:53:47,692293c644912200174bc83b,0.0,0.0,0.0,0.0,1.4,0.8,2.3,3.5,0.293115
2026-01-03 12:53:47,63b54a48bfd3d90017ea7850,0.0,0.0,0.0,0.0,1.4,0.8,2.3,3.5,0.293115
2026-01-03 12:53:47,58c2717ed56e930010a39ac0,0.0,0.0,0.0,0.0,1.4,0.8,2.3,3.5,0.293115
2026-01-03 12:53:47,58afcd9bbd82540010390c41,0.0,0.0,0.0,0.0,1.4,0.8,2.3,3.5,0.293115
2026-01-03 12:53:47,63b54a9ebfd3d90017ea7911,0.0,0.0,0.0,0.0,1.4,0.8,2.3,3.5,0.293115
2026-01-03 12:53:47,5bbc7163ca0577001164127f,0.0,0.0,0.0,0.0,1.4,0.8,2.3,3.5,0.293115
2026-01-03 12:53:47,6623f3d66f998a001b252890,0.0,0.0,0.0,0.0,1.4,0.8,2.3,3.5,0.293115
2026-01-03 12:53:47,5b6005b6fd4edb0019c7db25,0.0,0.0,0.0,0.0,1.4,0.8,2.3,3.5,0.293115
2026-01-03 12:53:47,662a902a1afb9c00172d2bed,0.0,0.0,0.0,0.0,1.4,0.8,2.3,3.5,0.293115
2026-01-03 12:53:47,662b85481afb9c00172dd0f1,0.0,0.0,0.0,0.0,1.4,0.8,2.3,3.5,0.293115
2026-01-03 12:53:47,6623ef2b6f998a001b252753,0.0,0.0,0.0,0.0,1.4,0.8,2.3,3.5,0.293115
2026-01-03 12:53:47,66b1c4e7779f7400186741e4,0.0,0.0,0.0,0.0,1.4,0.8,2.3,3.5,0.293115
2026-01-03 12:53:47,56de42f611f398ec0c48129c,0.0,0.0,0.0,0.0,1.4,0.8,2.3,3.5,0.293115
2026-01-03 12:53:47,587c8661b807da0011e33d43,0.0,0.0,0.0,0.0,1.4,0.8,2.3,3.5,0.3
2026-01-03 12:53:47,5b632a79fd4edb0019c7dc0f,0.0,0.0,0.0,0.0,1.4,0.8,2.3,3.5,0.3
2026-01-03 12:53:47,662a87a41afb9c00172d24e9,0.0,0.0,0.0,0.0,1.4,0.8,2.3,3.5,0.293115
2026-01-03 12:53:47,595dd4133dcfc400106f28a9,0.0,0.0,0.0,0.0,1.4,0.8,2.3,3.5,0.293115
2026-01-03 12:53:47,662b5b8c1afb9c00172d92ca,0.0,0.0,0.0,0.0,1.4,0.8,2.3,3.5,0.293115
2026-01-03 12:53:47,5d8cd7bb766c880017188952,0.0,0.0,0.0,0.0,1.4,0.8,2.3,3.5,0.3
2026-01-03 12:53:47,56df857fc062921100c143e7,0.0,0.0,0.0,0.0,1.4,0.8,2.3,3.5,0.3
2026-01-03 12:53:47,63ae75debfd3d90017e8f082,0.0,0.0,0.0,0.0,1.4,0.8,2.3,3.5,0.293115
2026-01-03 12:53:47,6623eb466f998a001b252632,0.0,0.0,0.0,0.0,1.4,0.8,2.3,3.5,0.293115
2026-01-03 12:53:47,5a824dc05058170011f6eab2,0.0,0.0,0.0,0.0,1.4,0.8,2.3,3.5,0.293115
2026-01-03 12:53:47,5d8cd49f766c880017188944,0.0,0.0,0.0,0.0,1.4,0.8,2.3,3.5,0.3
2026-01-03 12:53:47,5a606c078576340017d06624,0.0,0.0,0.0,0.0,1.4,0.8,2.3,3.5,0.293115
2026-01-03 12:53:47,5deb576d1dc17d7c5515acf3,0.0,0.0,0.0,0.0,1.4,0.8,2.3,3.5,0.293115
2026-01-03 12:53:47,5a8254b05058170011f6eac3,0.0,0.0,0.0,0.0,1.4,0.8,2.3,3.5,0.293115
2026-01-03 12:53:47,662b50c11afb9c00172d8843,0.0,0.0,0.0,0.0,1.4,0.8,2.3,3.5,0.293115
2026-01-03 12:53:47,6623f51a6f998a001b252900,0.0,0.0,0.0,0.0,1.4,0.8,2.3,3.5,0.293115
2026-01-03 12:53:47,5deb576d1dc17d7c5515ad1b,0.0,0.0,0.0,0.0,1.4,0.8,2.3,3.5,0.3
2026-01-03 12:53:47,58744e3eb807da0011e33cb7,0.0,0.0,0.0,0.0,1.4,0.8,2.3,3.5,0.293115
2026-01-03 12:53:47,58744dd9b807da0011e33cb5,0.0,0.0,0.0,0.0,1.4,0.8,2.3,3.5,0.293115
2026-01-03 12:53:47,56df8416c062921100c143e4,0.0,0.0,0.0,0.0,1.4,0.8,2.3,3.5,0.3
2026-01-03 12:53:47,681883b46dfb4b0018f8ef39,0.0,0.0,0.0,0.0,1.4,0.8,2.3,3.5,0.293115
2026-01-03 12:53:47,58af8b69bd82540010390c28,0.0,0.0,0.0,0.0,1.4,0.8,2.3,3.5,0.293115
2026-01-03 12:53:47,6623e3a26f998a001b252291,0.0,0.0,0.0,0.0,1.4,0.8,2.3,3.5,0.293115
2026-01-03 12:53:47,589b3ceeb3bf7600110283c3,0.0,0.0,0.0,0.0,1.4,0.8,2.3,3.5,0.293115
2026-01-03 12:53:47,595dcab53dcfc400106f289d,0.0,0.0,0.0,0.0,1.4,0.8,2.3,3.5,0.293115
2026-01-03 12:53:47,662a89211afb9c00172d2636,0.0,0.0,0.0,0.0,1.4,0.8,2.3,3.5,0.293115
2026-01-03 12:53:47,5deb576d1dc17d7c5515ad05,0.0,0.0,0.0,0.0,1.4,0.8,2.3,3.5,0.293115
2026-01-03 12:53:47,595dd4f43dcfc400106f28ab,0.0,0.0,0.0,0.0,1.4,0.8,2.3,3.5,0.293115
2026-01-03 12:53:47,6792ef4f8c5ed4001b27f2c0,0.0,0.0,0.0,0.0,1.4,0.8,2.3,3.5,0.293115
2026-01-03 12:53:47,662b84771afb9c00172dd076,0.0,0.0,0.0,0.0,1.4,0.8,2.3,3.5,0.293115
2026-01-03 12:53:47,6623f0b46f998a001b2527c3,0.0,0.0,0.0,0.0,1.4,0.8,2.3,3.5,0.293115
2026-01-03 12:53:47,6922928544912200174bc755,0.0,0.0,0.0,0.0,1.4,0.8,2.3,3.5,0.293115
2026-01-03 12:53:47,665861d864f11e00173c73a9,0.0,0.0,0.0,0.0,1.4,0.8,2.3,3.5,0.293115
2026-01-03 12:53:47,5a607f078576340017d0666f,0.0,0.0,0.0,0.0,1.4,0.8,2.3,3.5,0.293115
2026-01-03 12:53:47,68ede112230ee50017d046a6,0.0,0.0,0.0,0.0,1.4,0.8,2.3,3.5,0.293115
2026-01-03 12:53:47,5a824ee15058170011f6eab6,0.0,0.0,0.0,0.0,1.4,0.8,2.3,3.5,0.293115
2026-01-03 12:53:47,6623ed396f998a001b2526b8,0.0,0.0,0.0,0.0,1.4,0.8,2.3,3.5,0.293115
2026-01-03 12:53:47,5b632b60fd4edb0019c7dc12,0.0,0.0,0.0,0.0,1.4,0.8,2.3,3.5,0.3
2026-01-03 12:53:47,587c8d97b807da0011e33d49,0.0,0.0,0.0,0.0,1.4,0.8,2.3,3.5,0.293115
2026-01-03 12:53:47,59414c883dcfc400106f260b,0.0,0.0,0.0,0.0,1.4,0.8,2.3,3.5,0.293115
2026-01-03 12:53:47,56df82d4c062921100c143e0,0.0,0.0,0.0,0.0,1.4,0.8,2.3,3.5,0.293115
2026-01-03 12:53:47,6792f1008c5ed4001b27f41f,0.0,0.0,0.0,0.0,1.4,0.8,2.3,3.5,0.293115
2026-01-03 12:53:47,58affc6017139d0010f35cc8,0.0,0.0,0.0,0.0,1.4,0.8,2.3,3.5,0.293115
2026-01-03 12:53:47,587463bab807da0011e33cd3,0.0,0.0,0.0,0.0,1.4,0.8,2.3,3.5,0.293115
2026-01-03 12:53:47,5deb576d1dc17d7c5515ad1c,0.0,0.0,0.0,0.0,1.4,0.8,2.3,3.5,0.293115
2026-01-03 12:53:47,56de42f611f398ec0c481287,0.0,0.0,0.0,0.0,1.4,0.8,2.3,3.5,0.293115
2026-01-03 12:53:47,662b5c981afb9c00172d94c0,0.0,0.0,0.0,0.0,1.4,0.8,2.3,3.5,0.293115
2026-01-03 12:53:47,662a861e1afb9c00172d23ad,0.0,0.0,0.0,0.0,1.4,0.8,2.3,3.5,0.293115
2026-01-03 12:53:47,662b5a9c1afb9c00172d9240,0.0,0.0,0.0,0.0,1.4,0.8,2.3,3.5,0.293115
2026-01-03 12:53:47,662a88a01afb9c00172d25d1,0.0,0.0,0.0,0.0,1.4,0.8,2.3,3.5,0.293115
2026-01-03 12:53:47,68a587fc4e89b100173b6054,0.0,0.0,0.0,0.0,1.4,0.8,2.3,3.5,0.293115
2026-01-03 12:53:47,662b4e201afb9c00172d85f9,0.0,0.0,0.0,0.0,1.4,0.8,2.3,3.5,0.293115
2026-01-03 12:53:47,5d8cdb4b766c880017188966,0.0,0.0,0.0,0.0,1.4,0.8,2.3,3.5,0.293115
2026-01-03 12:53:47,58b57a6c17139d0010f35d65,0.0,0.0,0.0,0.0,1.4,0.8,2.3,3.5,0.3
2026-01-03 12:53:47,62da3e390637a10017d706ff,0.0,0.0,0.0,0.0,1.4,0.8,2.3,3.5,0.293115
2026-01-03 12:53:47,5deb576d1dc17d7c5515ad10,0.0,0.0,0.0,0.0,1.4,0.8,2.3,3.5,0.293115
2026-01-03 12:53:47,66b1c4a2779f74001867418c,0.0,0.0,0.0,0.0,1.4,0.8,2.3,3.5,0.293115
2026-01-03 12:53:47,631813ebc9eae60017a196b0,0.0,0.0,0.0,0.0,1.4,0.8,2.3,3.5,0.293115
2026-01-03 12:53:47,68188cfa6dfb4b0018f9013c,0.0,0.0,0.0,0.0,1.4,0.8,2.3,3.5,0.293115
2026-01-03 12:53:47,587475abb807da0011e33cea,0.0,0.0,0.0,0.0,1.4,0.8,2.3,3.5,0.293115
2026-01-03 12:53:47,5deb576d1dc17d7c5515ad0e,0.0,0.0,0.0,0.0,1.4,0.8,2.3,3.5,0.293115
2026-01-03 12:53:47,68ede227230ee50017d0480b,0.0,0.0,0.0,0.0,1.4,0.8,2.3,3.5,0.293115
2026-01-03 12:53:47,5deb576d1dc17d7c5515ad11,0.0,0.0,0.0,0.0,1.4,0.8,2.3,3.5,0.293115
2026-01-03 12:53:47,68ede25b230ee50017d0484d,0.0,0.0,0.0,0.0,1.4,0.8,2.3,3.5,0.293115
2026-01-03 12:53:47,587478d8b807da0011e33cf3,0.0,0.0,0.0,0.0,1.4,0.8,2.3,3.5,0.293115
2026-01-03 12:53:47,5deb576d1dc17d7c5515acf8,0.0,0.0,0.0,0.0,1.4,0.8,2.3,3.5,0.293115
2026-01-03 12:53:47,591c6833a6bfb500119400a3,0.0,0.0,0.0,0.0,1.4,0.8,2.3,3.5,0.293115
2026-01-03 12:53:47,63ae7938bfd3d90017e8f226,0.0,0.0,0.0,0.0,1.4,0.8,2.3,3.5,0.293115
2026-01-03 12:53:47,63b664edbfd3d90017eaaa24,0.0,0.0,0.0,0.0,1.4,0.8,2.3,3.5,0.293115
2026-01-03 12:53:47,56df83d8c062921100c143e3,0.0,0.0,0.0,0.0,1.4,0.8,2.3,3.5,0.293115
2026-01-03 12:53:47,6623e5776f998a001b252337,0.0,0.0,0.0,0.0,1.4,0.8,2.3,3.5,0.293115
2026-01-03 12:53:47,59ca308302eb490011a0a403,0.0,0.0,0.0,0.0,1.4,0.8,2.3,3.5,0.293115
2026-01-03 12:53:47,5deb576d1dc17d7c5515acfd,0.0,0.0,0.0,0.0,1.4,0.8,2.3,3.5,0.293115
2026-01-03 12:53:47,56df8159c062921100c143dc,0.0,0.0,0.0,0.0,1.4,0.8,2.3,3.5,0.293115
2026-01-03 12:53:47,587ef2e4b807da0011e33d57,0.0,0.0,0.0,0.0,1.4,0.8,2.3,3.5,0.293115
2026-01-03 12:53:47,589b3f7db3bf7600110283c6,0.0,0.0,0.0,0.0,1.4,0.8,2.3,3.5,0.293115
2026-01-03 12:53:47,68188c876dfb4b0018f9007b,0.0,0.0,0.0,0.0,1.4,0.8,2.3,3.5,0.293115
2026-01-03 12:53:47,6623e6706f998a001b25239b,0.0,0.0,0.0,0.0,1.4,0.8,2.3,3.5,0.293115
2026-01-03 12:53:47,662b86551afb9c00172dd227,0.0,0.0,0.0,0.0,1.4,0.8,2.3,3.5,0.293115
2026-01-03 12:53:47,662a88521afb9c00172d2592,0.0,0.0,0.0,0.0,1.4,0.8,2.3,3.5,0.293115
2026-01-03 12:53:47,649da77ea6068200171a6dd4,0.0,0.0,0.0,0.0,1.4,0.8,2.3,3.5,0.293115
2026-01-03 12:53:47,63b3c59fbfd3d90017e9ace8,0.0,0.0,0.0,0.0,1.4,0.8,2.3,3.5,0.293115
2026-01-03 12:53:47,58b5510817139d0010f35d4e,0.0,0.0,0.0,0.0,1.4,0.8,2.3,3.5,0.293115
2026-01-03 12:53:47,5a824c905058170011f6eab0,0.0,0.0,0.0,0.0,1.4,0.8,2.3,3.5,0.293115
2026-01-03 12:53:47,5deb576d1dc17d7c5515ad16,0.0,0.0,0.0,0.0,1.4,0.8,2.3,3.5,0.293115
2026-01-03 12:53:47,63ae7c73bfd3d90017e8f3ed,0.0,0.0,0.0,0.0,1.4,0.8,2.3,3.5,0.293115
2026-01-03 12:53:47,586e1d4ef9fab7001111b0a2,0.0,0.0,0.0,0.0,1.4,0.8,2.3,3.5,0.293115
2026-01-03 12:53:47,63195512c9eae60017a1c279,0.0,0.0,0.0,0.0,1.4,0.8,2.3,3.5,0.293115
2026-01-03 12:53:47,59ca2ecb02eb490011a0a3f6,0.0,0.0,0.0,0.0,1.4,0.8,2.3,3.5,0.3
2026-01-03 12:53:47,5d8cdc9d766c880017188970,0.0,0.0,0.0,0.0,1.4,0.8,2.3,3.5,0.293115
2026-01-03 12:53:47,6792f1b78c5ed4001b27f4a9,0.0,0.0,0.0,0.0,1.4,0.8,2.3,3.5,0.293115
2026-01-03 12:53:47,58d8ec0adc195800111e042b,0.0,0.0,0.0,0.0,1.4,0.8,2.3,3.5,0.293115
2026-01-03 12:53:47,5a8254f25058170011f6eac5,0.0,0.0,0.0,0.0,1.4,0.8,2.3,3.5,0.293115
2026-01-03 12:53:47,63ae7c53bfd3d90017e8f3d8,0.0,0.0,0.0,0.0,1.4,0.8,2.3,3.5,0.293115
2026-01-03 12:53:47,5deb576d1dc17d7c5515ad20,0.0,0.0,0.0,0.0,1.4,0.8,2.3,3.5,0.293115
2026-01-03 12:53:47,5874796db807da0011e33cf7,0.0,0.0,0.0,0.0,1.4,0.8,2.3,3.5,0.293115
2026-01-03 12:53:47,5deb576d1dc17d7c5515acfa,0.0,0.0,0.0,0.0,1.4,0.8,2.3,3.5,0.293115
2026-01-03 12:53:47,58746536b807da0011e33cdc,0.0,0.0,0.0,0.0,1.4,0.8,2.3,3.5,0.293115
2026-01-03 12:53:47,5a8251575058170011f6eabc,0.0,0.0,0.0,0.0,1.4,0.8,2.3,3.5,0.3
2026-01-03 12:53:47,662b59291afb9c00172d912b,0.0,0.0,0.0,0.0,1.4,0.8,2.3,3.5,0.293115
2026-01-03 12:53:47,5a6060a88576340017d0660d,0.0,0.0,0.0,0.0,1.4,0.8,2.3,3.5,0.293115
2026-01-03 12:53:47,63b65f33bfd3d90017eaa405,0.0,0.0,0.0,0.0,1.4,0.8,2.3,3.5,0.293115
2026-01-03 12:53:47,5deb576d1dc17d7c5515ad1e,0.0,0.0,0.0,0.0,1.4,0.8,2.3,3.5,0.293115
2026-01-03 12:53:47,5a6061868576340017d06611,0.0,0.0,0.0,0.0,1.4,0.8,2.3,3.5,0.293115
2026-01-03 12:53:47,589b3705b3bf7600110283bd,0.0,0.0,0.0,0.0,1.4,0.8,2.3,3.5,0.293115
2026-01-03 12:53:47,63ae7759bfd3d90017e8f162,0.0,0.0,0.0,0.0,1.4,0.8,2.3,3.5,0.293115
2026-01-03 12:53:47,63ae7709bfd3d90017e8f135,0.0,0.0,0.0,0.0,1.4,0.8,2.3,3.5,0.293115
2026-01-03 12:53:47,662b55111afb9c00172d8e2e,0.0,0.0,0.0,0.0,1.4,0.8,2.3,3.5,0.293115
2026-01-03 12:53:47,649da419a6068200171a6c90,0.0,0.0,0.0,0.0,1.4,0.8,2.3,3.5,0.293115
2026-01-03 12:53:47,58afccadbd82540010390c3f,0.0,0.0,0.0,0.0,1.4,0.8,2.3,3.5,0.293115
2026-01-03 12:53:47,662b82761afb9c00172dcda3,0.0,0.0,0.0,0.0,1.4,0.8,2.3,3.5,0.293115
2026-01-03 12:53:47,5deb576d1dc17d7c5515acf7,0.0,0.0,0.0,0.0,1.4,0.8,2.3,3.5,0.293115
2026-01-03 12:53:47,5d9ddd49766c880017188c94,0.0,0.0,0.0,0.0,1.4,0.8,2.3,3.5,0.293115
2026-01-03 12:53:47,5d8cd767766c880017188950,0.0,0.0,0.0,0.0,1.4,0.8,2.3,3.5,0.293115
2026-01-03 12:53:47,6922931044912200174bc7cf,0.0,0.0,0.0,0.0,1.4,0.8,2.3,3.5,0.293115
2026-01-03 12:53:47,6792f16e8c5ed4001b27f482,0.0,0.0,0.0,0.0,1.4,0.8,2.3,3.5,0.293115
2026-01-03 12:53:47,595f8d813dcfc400106f28f2,0.0,0.0,0.0,0.0,1.4,0.8,2.3,3.5,0.293115
2026-01-03 12:53:47,5874656eb807da0011e33cde,0.0,0.0,0.0,0.0,1.4,0.8,2.3,3.5,0.293115
2026-01-03 12:53:47,6623e3566f998a001b25226d,0.0,0.0,0.0,0.0,1.4,0.8,2.3,3.5,0.293115
2026-01-03 12:53:47,5abbb6d698d8fc001102dfc8,0.0,0.0,0.0,0.0,1.4,0.8,2.3,3.5,0.3
2026-01-03 12:53:47,5d8cdd26766c880017188974,0.0,0.0,0.0,0.0,1.4,0.8,2.3,3.5,0.3
2026-01-03 12:53:47,5deb576d1dc17d7c5515ad03,0.0,0.0,0.0,0.0,1.4,0.8,2.3,3.5,0.293115
2026-01-03 12:53:47,63ae777cbfd3d90017e8f177,0.0,0.0,0.0,0.0,1.4,0.8,2.3,3.5,0.293115
2026-01-03 12:53:47,631828cac9eae60017a19f50,0.0,0.0,0.0,0.0,1.4,0.8,2.3,3.5,0.293115
2026-01-03 12:53:47,63b3c2fbbfd3d90017e9abbf,0.0,0.0,0.0,0.0,1.4,0.8,2.3,3.5,0.293115
2026-01-03 12:53:47,58d7c2e6c1e33c00112b321e,0.0,0.0,0.0,0.0,1.4,0.8,2.3,3.5,0.293115
2026-01-03 12:53:47,63b54ad1bfd3d90017ea7974,0.0,0.0,0.0,0.0,1.4,0.8,2.3,3.5,0.293115
2026-01-03 12:53:47,662b5b481afb9c00172d92a8,0.0,0.0,0.0,0.0,1.4,0.8,2.3,3.5,0.293115
2026-01-03 12:53:47,681885376dfb4b0018f8f0f2,0.0,0.0,0.0,0.0,1.4,0.8,2.3,3.5,0.293115
2026-01-03 12:53:47,56de42f611f398ec0c48129e,0.0,0.0,0.0,0.0,1.4,0.8,2.3,3.5,0.293115
2026-01-03 12:53:47,5d9dddb9766c880017188c96,0.0,0.0,0.0,0.0,1.4,0.8,2.3,3.5,0.293115
2026-01-03 12:53:47,5d8cd372766c880017188940,0.0,0.0,0.0,0.0,1.4,0.8,2.3,3.5,0.3
2026-01-03 12:53:47,5a60839c8576340017d0667c,0.0,0.0,0.0,0.0,1.4,0.8,2.3,3.5,0.293115
2026-01-03 12:53:47,68188c236dfb4b0018f8ff8f,0.0,0.0,0.0,0.0,1.4,0.8,2.3,3.5,0.293115
2026-01-03 12:53:47,63b65f64bfd3d90017eaa41f,0.0,0.0,0.0,0.0,1.4,0.8,2.3,3.5,0.293115
2026-01-03 12:53:47,58746371b807da0011e33cd1,0.0,0.0,0.0,0.0,1.4,0.8,2.3,3.5,0.3
2026-01-03 12:53:47,63bd1e95bfd3d90017ec3cd5,0.0,0.0,0.0,0.0,1.4,0.8,2.3,3.5,0.293115
2026-01-03 12:53:47,63ae7cd3bfd3d90017e8f408,0.0,0.0,0.0,0.0,1.4,0.8,2.3,3.5,0.293115
2026-01-03 12:53:47,5d8cd70e766c88001718894e,0.0,0.0,0.0,0.0,1.4,0.8,2.3,3.5,0.293115
2026-01-03 12:53:47,58b555ac17139d0010f35d59,0.0,0.0,0.0,0.0,1.4,0.8,2.3,3.5,0.293115
2026-01-03 12:53:47,595ddc123dcfc400106f28ba,0.0,0.0,0.0,0.0,1.4,0.8,2.3,3.5,0.293115
2026-01-03 12:53:47,63b55020bfd3d90017ea7cb7,0.0,0.0,0.0,0.0,1.4,0.8,2.3,3.5,0.293115
2026-01-03 12:53:47,68ede746230ee50017d04dcc,0.0,0.0,0.0,0.0,1.4,0.8,2.3,3.5,0.293115
2026-01-03 12:53:47,5b19d2f9af4ff60011d6ea4f,0.0,0.0,0.0,0.0,1.4,0.8,2.3,3.5,0.3
2026-01-03 12:53:47,662b4d781afb9c00172d8571,0.0,0.0,0.0,0.0,1.4,0.8,2.3,3.5,0.293115
2026-01-03 12:53:47,5a606a958576340017d06621,0.0,0.0,0.0,0.0,1.4,0.8,2.3,3.5,0.293115
2026-01-03 12:53:47,662a8c381afb9c00172d28b6,0.0,0.0,0.0,0.0,1.4,0.8,2.3,3.5,0.293115
2026-01-03 12:53:47,63b6617ebfd3d90017eaa50b,0.0,0.0,0.0,0.0,1.4,0.8,2.3,3.5,0.293115
2026-01-03 12:53:47,595f91653dcfc400106f28f6,0.0,0.0,0.0,0.0,1.4,0.8,2.3,3.5,0.3
2026-01-03 12:53:47,56de42f611f398ec0c481292,0.0,0.0,0.0,0.0,1.4,0.8,2.3,3.5,0.293115
2026-01-03 12:53:47,681888066dfb4b0018f8f4c2,0.0,0.0,0.0,0.0,1.4,0.8,2.3,3.5,0.293115
2026-01-03 12:53:47,5deb576d1dc17d7c5515acff,0.0,0.0,0.0,0.0,1.4,0.8,2.3,3.5,0.293115
2026-01-03 12:53:47,662b58791afb9c00172d9107,0.0,0.0,0.0,0.0,1.4,0.8,2.3,3.5,0.293115
2026-01-03 12:53:47,662b811d1afb9c00172dcc1d,0.0,0.0,0.0,0.0,1.4,0.8,2.3,3.5,0.293115
2026-01-03 12:53:47,662a8eb41afb9c00172d2aba,0.0,0.0,0.0,0.0,1.4,0.8,2.3,3.5,0.293115
2026-01-03 12:53:47,63b548ecbfd3d90017ea77d2,0.0,0.0,0.0,0.0,1.4,0.8,2.3,3.5,0.293115
2026-01-03 12:53:47,5deb576d1dc17d7c5515acfb,0.0,0.0,0.0,0.0,1.4,0.8,2.3,3.5,0.293115
2026-01-03 12:53:47,56de42f611f398ec0c48127d,0.0,0.0,0.0,0.0,1.4,0.8,2.3,3.5,0.293115
2026-01-03 12:53:47,56de42f611f398ec0c48128d,0.0,0.0,0.0,0.0,1.4,0.8,2.3,3.5,0.293115
2026-01-03 12:53:47,6792f03d8c5ed4001b27f378,0.0,0.0,0.0,0.0,1.4,0.8,2.3,3.5,0.293115
2026-01-03 12:53:47,68ede490230ee50017d04ae5,0.0,0.0,0.0,0.0,1.4,0.8,2.3,3.5,0.293115
2026-01-03 12:53:47,6623e7076f998a001b2523ea,0.0,0.0,0.0,0.0,1.4,0.8,2.3,3.5,0.293115
2026-01-03 12:53:47,59ca2cac02eb490011a0a3e9,0.0,0.0,0.0,0.0,1.4,0.8,2.3,3.5,0.293115
2026-01-03 12:53:47,586e25e1f9fab7001111b0ae,0.0,0.0,0.0,0.0,1.4,0.8,2.3,3.5,0.293115
2026-01-03 12:53:47,681889ec6dfb4b0018f8f6cb,0.0,0.0,0.0,0.0,1.4,0.8,2.3,3.5,0.293115
2026-01-03 12:53:47,5d9dde8e766c880017188c9a,0.0,0.0,0.0,0.0,1.4,0.8,2.3,3.5,0.3
2026-01-03 12:53:47,5d9ddf0f766c880017188c9e,0.0,0.0,0.0,0.0,1.4,0.8,2.3,3.5,0.293115
2026-01-03 12:53:47,681883866dfb4b0018f8eef6,0.0,0.0,0.0,0.0,1.4,0.8,2.3,3.5,0.293115
2026-01-03 12:53:47,63ae76ddbfd3d90017e8f11b,0.0,0.0,0.0,0.0,1.4,0.8,2.3,3.5,0.293115
2026-01-03 12:53:47,5deb576d1dc17d7c5515ad14,0.0,0.0,0.0,0.0,1.4,0.8,2.3,3.5,0.293115
2026-01-03 12:53:47,63b66035bfd3d90017eaa48e,0.0,0.0,0.0,0.0,1.4,0.8,2.3,3.5,0.293115
2026-01-03 12:53:47,585b284ac3f96200127dc500,0.0,0.0,0.0,0.0,1.4,0.8,2.3,3.5,0.293115
2026-01-03 12:53:47,56de42f611f398ec0c481295,0.0,0.0,0.0,0.0,1.4,0.8,2.3,3.5,0.293115
2026-01-03 12:53:47,5deb576d1dc17d7c5515ad04,0.0,0.0,0.0,0.0,1.4,0.8,2.3,3.5,0.293115
2026-01-03 12:53:47,5a8278f35058170011f6eaed,0.0,0.0,0.0,0.0,1.4,0.8,2.3,3.5,0.293115
2026-01-03 12:53:47,662b830e1afb9c00172dcf50,0.0,0.0,0.0,0.0,1.4,0.8,2.3,3.5,0.293115
2026-01-03 12:53:47,5a6084208576340017d0667e,0.0,0.0,0.0,0.0,1.4,0.8,2.3,3.5,0.3
2026-01-03 12:53:47,5a825ab55058170011f6ead2,0.0,0.0,0.0,0.0,1.4,0.8,2.3,3.5,0.3
2026-01-03 12:53:47,586e20a0f9fab7001111b0a7,0.0,0.0,0.0,0.0,1.4,0.8,2.3,3.5,0.3
2026-01-03 12:53:47,6623edd26f998a001b2526f7,0.0,0.0,0.0,0.0,1.4,0.8,2.3,3.5,0.293115
2026-01-03 12:53:47,5a8255a55058170011f6eac7,0.0,0.0,0.0,0.0,1.4,0.8,2.3,3.5,0.293115
2026-01-03 12:53:47,56de42f611f398ec0c481294,0.0,0.0,0.0,0.0,1.4,0.8,2.3,3.5,0.3
2026-01-03 12:53:47,587ed91db807da0011e33d4e,0.0,0.0,0.0,0.0,1.4,0.8,2.3,3.5,0.293115
2026-01-03 12:53:47,63b54dcbbfd3d90017ea7ba8,0.0,0.0,0.0,0.0,1.4,0.8,2.3,3.5,0.293115
2026-01-03 12:53:47,56de42f611f398ec0c48128a,0.0,0.0,0.0,0.0,1.4,0.8,2.3,3.5,0.293115
2026-01-03 12:53:47,6623ed9b6f998a001b2526cd,0.0,0.0,0.0,0.0,1.4,0.8,2.3,3.5,0.293115
2026-01-03 12:53:47,58b5752e17139d0010f35d5f,0.0,0.0,0.0,0.0,1.4,0.8,2.3,3.5,0.293115
2026-01-03 12:53:47,58175c81edeb6c0012a2d5c2,0.0,0.0,0.0,0.0,1.4,0.8,2.3,3.5,0.293115
2026-01-03 12:53:47,631812e6c9eae60017a19567,0.0,0.0,0.0,0.0,1.4,0.8,2.3,3.5,0.293115
2026-01-03 12:53:47,6623e7b76f998a001b25242d,0.0,0.0,0.0,0.0,1.4,0.8,2.3,3.5,0.293115
2026-01-03 12:53:47,5ad068b198d8fc001102e278,0.0,0.0,0.0,0.0,1.4,0.8,2.3,3.5,0.3
2026-01-03 12:53:47,63ae75a3bfd3d90017e8f051,0.0,0.0,0.0,0.0,1.4,0.8,2.3,3.5,0.293115
2026-01-03 12:53:47,662b7d8a1afb9c00172dc71f,0.0,0.0,0.0,0.0,1.4,0.8,2.3,3.5,0.293115
2026-01-03 12:53:47,5abbb77298d8fc001102dfce,0.0,0.0,0.0,0.0,1.4,0.8,2.3,3.5,0.293115
2026-01-03 12:53:47,63bd1f48bfd3d90017ec3d19,0.0,0.0,0.0,0.0,1.4,0.8,2.3,3.5,0.293115
2026-01-03 12:53:47,58aff2c6bd82540010390c55,0.0,0.0,0.0,0.0,1.4,0.8,2.3,3.5,0.293115
2026-01-03 12:53:47,5b25a1dcf13cba001124e710,0.0,0.0,0.0,0.0,1.4,0.8,2.3,3.5,0.3
2026-01-03 12:53:47,5deb576d1dc17d7c5515ad18,0.0,0.0,0.0,0.0,1.4,0.8,2.3,3.5,0.293115
2026-01-03 12:53:47,66b1c1bf779f740018673ef2,0.0,0.0,0.0,0.0,1.4,0.8,2.3,3.5,0.293115
2026-01-03 12:53:47,56de42f611f398ec0c4812a0,0.0,0.0,0.0,0.0,1.4,0.8,2.3,3.5,0.293115
2026-01-03 12:53:47,6623efc26f998a001b25277f,0.0,0.0,0.0,0.0,1.4,0.8,2.3,3.5,0.293115
2026-01-03 12:53:47,662b50841afb9c00172d880d,0.0,0.0,0.0,0.0,1.4,0.8,2.3,3.5,0.293115
2026-01-03 12:53:47,58abc0cbbd82540010390ba6,0.0,0.0,0.0,0.0,1.4,0.8,2.3,3.5,0.293115
2026-01-03 12:53:47,58afea5dbd82540010390c4d,0.0,0.0,0.0,0.0,1.4,0.8,2.3,3.5,0.293115
2026-01-03 12:53:47,5deb576d1dc17d7c5515ad07,0.0,0.0,0.0,0.0,1.4,0.8,2.3,3.5,0.293115
2026-01-03 12:53:47,5d8cdc1d766c88001718896c,0.0,0.0,0.0,0.0,1.4,0.8,2.3,3.5,0.293115
2026-01-03 12:53:47,5a606c758576340017d06626,0.0,0.0,0.0,0.0,1.4,0.8,2.3,3.5,0.293115
2026-01-03 12:53:47,68fae2966b936b00172186a6,0.0,0.0,0.0,0.0,1.4,0.8,2.3,3.5,0.293115
2026-01-03 12:53:47,63b66008bfd3d90017eaa476,0.0,0.0,0.0,0.0,1.4,0.8,2.3,3.5,0.3
2026-01-03 12:53:47,5a82628e5058170011f6eadb,0.0,0.0,0.0,0.0,1.4,0.8,2.3,3.5,0.293115
2026-01-03 12:53:47,589b46b3b3bf7600110283d0,0.0,0.0,0.0,0.0,1.4,0.8,2.3,3.5,0.3
2026-01-03 12:53:47,5d8cd653766c88001718894c,0.0,0.0,0.0,0.0,1.4,0.8,2.3,3.5,0.293115
2026-01-03 12:53:47,662b4de41afb9c00172d85c5,0.0,0.0,0.0,0.0,1.4,0.8,2.3,3.5,0.293115
2026-01-03 12:53:47,58af8eb2bd82540010390c30,0.0,0.0,0.0,0.0,1.4,0.8,2.3,3.5,0.293115
2026-01-03 12:53:47,6623ee176f998a001b25270c,0.0,0.0,0.0,0.0,1.4,0.8,2.3,3.5,0.293115
2026-01-03 12:53:47,5b0b7d240e517b00119fd809,0.0,0.0,0.0,0.0,1.4,0.8,2.3,3.5,0.3
2026-01-03 12:53:47,595f8d233dcfc400106f28f0,0.0,0.0,0.0,0.0,1.4,0.8,2.3,3.5,0.293115
2026-01-03 12:53:47,5deb576d1dc17d7c5515ad1d,0.0,0.0,0.0,0.0,1.4,0.8,2.3,3.5,0.3
2026-01-03 12:53:47,68ae7e997d735d00173c7445,0.0,0.0,0.0,0.0,1.4,0.8,2.3,3.5,0.293115
2026-01-03 12:53:47,5b0b835b0e517b00119fd80d,0.0,0.0,0.0,0.0,1.4,0.8,2.3,3.5,0.293115
2026-01-03 12:53:47,5b6c155aca0577001163fe36,0.0,0.0,0.0,0.0,1.4,0.8,2.3,3.5,0.3
2026-01-03 12:53:47,5d8cd2a3766c88001718893c,0.0,0.0,0.0,0.0,1.4,0.8,2.3,3.5,0.293115
2026-01-03 12:53:47,662b4e8e1afb9c00172d865c,0.0,0.0,0.0,0.0,1.4,0.8,2.3,3.5,0.293115
2026-01-03 12:53:47,66b1c190779f740018673ed4,0.0,0.0,0.0,0.0,1.4,0.8,2.3,3.5,0.293115
2026-01-03 12:53:47,662b7f9f1afb9c00172dca50,0.0,0.0,0.0,0.0,1.4,0.8,2.3,3.5,0.293115
2026-01-03 12:53:47,68a589294e89b100173b61d9,0.0,0.0,0.0,0.0,1.4,0.8,2.3,3.5,0.293115
2026-01-03 12:53:47,58747923b807da0011e33cf5,0.0,0.0,0.0,0.0,1.4,0.8,2.3,3.5,0.293115
2026-01-03 12:53:47,63ae7af4bfd3d90017e8f32c,0.0,0.0,0.0,0.0,1.4,0.8,2.3,3.5,0.293115
2026-01-03 12:53:47,5875d4f8b807da0011e33d1a,0.0,0.0,0.0,0.0,1.4,0.8,2.3,3.5,0.293115
2026-01-03 12:53:47,595d92013dcfc400106f2877,0.0,0.0,0.0,0.0,1.4,0.8,2.3,3.5,0.293115
2026-01-03 12:53:47,681886f26dfb4b0018f8f31a,0.0,0.0,0.0,0.0,1.4,0.8,2.3,3.5,0.293115
2026-01-03 12:53:47,662b80721afb9c00172dcb28,0.0,0.0,0.0,0.0,1.4,0.8,2.3,3.5,0.293115
2026-01-03 12:53:47,59ca2f4402eb490011a0a3f9,0.0,0.0,0.0,0.0,1.4,0.8,2.3,3.5,0.293115
2026-01-03 12:53:47,586e1f18f9fab7001111b0a5,0.0,0.0,0.0,0.0,1.4,0.8,2.3,3.5,0.293115
2026-01-03 12:53:47,681891e26dfb4b0018f90a69,0.0,0.0,0.0,0.0,1.4,0.8,2.3,3.5,0.293115
2026-01-03 12:53:47,5d9de3c2766c880017188cb3,0.0,0.0,0.0,0.0,1.4,0.8,2.3,3.5,0.293115
2026-01-03 12:53:47,63ae7cfcbfd3d90017e8f422,0.0,0.0,0.0,0.0,1.4,0.8,2.3,3.5,0.3
2026-01-03 12:53:47,5b0e1faacddcc80011ceb449,0.0,0.0,0.0,0.0,1.4,0.8,2.3,3.5,0.293115
2026-01-03 12:53:47,63b65fa9bfd3d90017eaa449,0.0,0.0,0.0,0.0,1.4,0.8,2.3,3.5,0.3
2026-01-03 12:53:47,6623e5066f998a001b252317,0.0,0.0,0.0,0.0,1.4,0.8,2.3,3.5,0.293115
2026-01-03 12:53:47,662b5c141afb9c00172d93d7,0.0,0.0,0.0,0.0,1.4,0.8,2.3,3.5,0.293115
2026-01-03 12:53:47,66b1c158779f740018673eb4,0.0,0.0,0.0,0.0,1.4,0.8,2.3,3.5,0.293115
2026-01-03 12:53:47,56df8381c062921100c143e2,0.0,0.0,0.0,0.0,1.4,0.8,2.3,3.5,0.293115
2026-01-03 12:53:47,5d8cd1f9766c880017188938,0.0,0.0,0.0,0.0,1.4,0.8,2.3,3.5,0.3
2026-01-03 12:53:47,595da2dd3dcfc400106f2885,0.0,0.0,0.0,0.0,1.4,0.8,2.3,3.5,0.293115
2026-01-03 12:53:47,595f80e83dcfc400106f28e4,0.0,0.0,0.0,0.0,1.4,0.8,2.3,3.5,0.293115
2026-01-03 12:53:47,631955e7c9eae60017a1c30a,0.0,0.0,0.0,0.0,1.4,0.8,2.3,3.5,0.293115
2026-01-03 12:53:47,5a6060e08576340017d0660f,0.0,0.0,0.0,0.0,1.4,0.8,2.3,3.5,0.293115
2026-01-03 12:53:47,5a607ea98576340017d0666d,0.0,0.0,0.0,0.0,1.4,0.8,2.3,3.5,0.3
2026-01-03 12:53:47,63b548c3bfd3d90017ea77c0,0.0,0.0,0.0,0.0,1.4,0.8,2.3,3.5,0.293115
2026-01-03 12:53:47,662a8c931afb9c00172d2901,0.0,0.0,0.0,0.0,1.4,0.8,2.3,3.5,0.293115
2026-01-03 12:53:47,63195556c9eae60017a1c2ba,0.0,0.0,0.0,0.0,1.4,0.8,2.3,3.5,0.293115
2026-01-03 12:53:47,58df4adedc195800111e04b4,0.0,0.0,0.0,0.0,1.4,0.8,2.3,3.5,0.293115
2026-01-03 12:53:47,59ca301902eb490011a0a400,0.0,0.0,0.0,0.0,1.4,0.8,2.3,3.5,0.293115
2026-01-03 12:53:47,584e738361cfea0012cf6951,0.0,0.0,0.0,0.0,1.4,0.8,2.3,3.5,0.293115
2026-01-03 12:53:47,583f958161cfea0012cf68f5,0.0,0.0,0.0,0.0,1.4,0.8,2.3,3.5,0.293115
2026-01-03 12:53:47,6922921744912200174bc71d,0.0,0.0,0.0,0.0,1.4,0.8,2.3,3.5,0.293115
2026-01-03 12:53:47,5a8253615058170011f6eabf,0.0,0.0,0.0,0.0,1.4,0.8,2.3,3.5,0.293115
2026-01-03 12:53:47,5deb576d1dc17d7c5515ad0f,0.0,0.0,0.0,0.0,1.4,0.8,2.3,3.5,0.293115
2026-01-03 12:53:47,68fae2b66b936b00172186e5,0.0,0.0,0.0,0.0,1.4,0.8,2.3,3.5,0.293115
2026-01-03 12:53:47,662b51761afb9c00172d88ef,0.0,0.0,0.0,0.0,1.4,0.8,2.3,3.5,0.293115
2026-01-03 12:53:47,68a5873d4e89b100173b5f60,0.0,0.0,0.0,0.0,1.4,0.8,2.3,3.5,0.293115
2026-01-03 12:53:47,66b1c370779f7400186740b3,0.0,0.0,0.0,0.0,1.4,0.8,2.3,3.5,0.293115
2026-01-03 12:53:47,6623ec376f998a001b252671,0.0,0.0,0.0,0.0,1.4,0.8,2.3,3.5,0.293115
2026-01-03 12:53:47,59ca2e6002eb490011a0a3f3,0.0,0.0,0.0,0.0,1.4,0.8,2.3,3.5,0.3
2026-01-03 12:53:47,5b6c1618ca0577001163fe3c,0.0,0.0,0.0,0.0,1.4,0.8,2.3,3.5,0.3
2026-01-03 12:53:47,5deb576d1dc17d7c5515ad22,0.0,0.0,0.0,0.0,1.4,0.8,2.3,3.5,0.293115
2026-01-03 12:53:47,63b664d2bfd3d90017eaaa0f,0.0,0.0,0.0,0.0,1.4,0.8,2.3,3.5,0.293115
2026-01-03 12:53:47,56df85bdc062921100c143e8,0.0,0.0,0.0,0.0,1.4,0.8,2.3,3.5,0.3
2026-01-03 12:53:47,662b85031afb9c00172dd0dc,0.0,0.0,0.0,0.0,1.4,0.8,2.3,3.5,0.293115
2026-01-03 12:53:47,58d7b5a7c1e33c00112b320a,0.0,0.0,0.0,0.0,1.4,0.8,2.3,3.5,0.293115
2026-01-03 12:53:47,662a8f3a1afb9c00172d2b31,0.0,0.0,0.0,0.0,1.4,0.8,2.3,3.5,0.293115
2026-01-03 12:53:47,58aff01fbd82540010390c50,0.0,0.0,0.0,0.0,1.4,0.8,2.3,3.5,0.293115
2026-01-03 12:53:47,5d8cdb9f766c880017188968,0.0,0.0,0.0,0.0,1.4,0.8,2.3,3.5,0.293115
2026-01-03 12:53:47,5a6085fb8576340017d06686,0.0,0.0,0.0,0.0,1.4,0.8,2.3,3.5,0.293115
2026-01-03 12:53:47,59ca31d602eb490011a0a40b,0.0,0.0,0.0,0.0,1.4,0.8,2.3,3.5,0.293115
2026-01-03 12:53:47,587c782db807da0011e33d3b,0.0,0.0,0.0,0.0,1.4,0.8,2.3,3.5,0.293115
2026-01-03 12:53:47,662a8d821afb9c00172d29c8,0.0,0.0,0.0,0.0,1.4,0.8,2.3,3.5,0.293115
2026-01-03 12:53:47,63ae7d29bfd3d90017e8f437,0.0,0.0,0.0,0.0,1.4,0.8,2.3,3.5,0.293115
2026-01-03 12:53:47,68ae7ee47d735d00173c7492,0.0,0.0,0.0,0.0,1.4,0.8,2.3,3.5,0.293115
2026-01-03 12:53:47,56de42f611f398ec0c48129f,0.0,0.0,0.0,0.0,1.4,0.8,2.3,3.5,0.293115
2026-01-03 12:53:47,68188b296dfb4b0018f8f9a3,0.0,0.0,0.0,0.0,1.4,0.8,2.3,3.5,0.293115
2026-01-03 12:53:47,662b80b91afb9c00172dcb5b,0.0,0.0,0.0,0.0,1.4,0.8,2.3,3.5,0.293115
2026-01-03 12:53:47,692292c044912200174bc76d,0.0,0.0,0.0,0.0,1.4,0.8,2.3,3.5,0.293115
2026-01-03 12:53:47,68188d586dfb4b0018f9018d,0.0,0.0,0.0,0.0,1.4,0.8,2.3,3.5,0.293115
2026-01-03 12:53:47,662b50261afb9c00172d87b2,0.0,0.0,0.0,0.0,1.4,0.8,2.3,3.5,0.293115
2026-01-03 12:53:47,59ca2d9d02eb490011a0a3f0,0.0,0.0,0.0,0.0,1.4,0.8,2.3,3.5,0.293115
2026-01-03 12:53:47,68a588984e89b100173b6138,0.0,0.0,0.0,0.0,1.4,0.8,2.3,3.5,0.293115
2026-01-03 12:53:47,5a8256df5058170011f6eacb,0.0,0.0,0.0,0.0,1.4,0.8,2.3,3.5,0.293115
2026-01-03 12:53:47,5deb576d1dc17d7c5515acfc,0.0,0.0,0.0,0.0,1.4,0.8,2.3,3.5,0.293115
2026-01-03 12:53:47,587c8c20b807da0011e33d47,0.0,0.0,0.0,0.0,1.4,0.8,2.3,3.5,0.293115
2026-01-03 12:53:47,58744fb0b807da0011e33cc0,0.0,0.0,0.0,0.0,1.4,0.8,2.3,3.5,0.293115
2026-01-03 12:53:47,5822f23aedeb6c0012a2d6a8,0.0,0.0,0.0,0.0,1.4,0.8,2.3,3.5,0.3
2026-01-03 12:53:47,649da495a6068200171a6cb6,0.0,0.0,0.0,0.0,1.4,0.8,2.3,3.5,0.293115
2026-01-03 13:53:53,59d3524f02eb490011a0a61b,0.0,0.0,0.0,0.0,2.3,1.4,3.0,3.9,0.3
2026-01-03 13:53:53,5a6065c58576340017d06615,0.0,0.0,0.0,0.0,2.3,1.4,3.0,3.9,0.28624858950000004
2026-01-03 13:53:53,6623f4df6f998a001b2528eb,0.0,0.0,0.0,0.0,2.3,1.4,3.0,3.9,0.28624858950000004
2026-01-03 13:53:53,662b7ce71afb9c00172dc676,0.0,0.0,0.0,0.0,2.3,1.4,3.0,3.9,0.28624858950000004
2026-01-03 13:53:53,583f969161cfea0012cf68f7,0.0,0.0,0.0,0.0,2.3,1.4,3.0,3.9,0.28624858950000004
2026-01-03 13:53:53,59ca317602eb490011a0a408,0.0,0.0,0.0,0.0,2.3,1.4,3.0,3.9,0.28624858950000004
2026-01-03 13:53:53,6623e8da6f998a001b2524a6,0.0,0.0,0.0,0.0,2.3,1.4,3.0,3.9,0.28624858950000004
2026-01-03 13:53:53,56de42f611f398ec0c481299,0.0,0.0,0.0,0.0,2.3,1.4,3.0,3.9,0.28624858950000004
2026-01-03 13:53:53,66b1c426779f74001867415e,0.0,0.0,0.0,0.0,2.3,1.4,3.0,3.9,0.28624858950000004
2026-01-03 13:53:53,595dc29c3dcfc400106f2894,0.0,0.0,0.0,0.0,2.3,1.4,3.0,3.9,0.28624858950000004
2026-01-03 13:53:53,5d9de4de766c880017188cbb,0.0,0.0,0.0,0.0,2.3,1.4,3.0,3.9,0.28624858950000004
2026-01-03 13:53:53,6623f44f6f998a001b2528aa,0.0,0.0,0.0,0.0,2.3,1.4,3.0,3.9,0.28624858950000004
2026-01-03 13:53:53,662a881a1afb9c00172d2559,0.0,0.0,0.0,0.0,2.3,1.4,3.0,3.9,0.28624858950000004
2026-01-03 13:53:53,5a605f828576340017d06608,0.0,0.0,0.0,0.0,2.3,1.4,3.0,3.9,0.3
2026-01-03 13:53:53,68188fe36dfb4b0018f90520,0.0,0.0,0.0,0.0,2.3,1.4,3.0,3.9,0.3
2026-01-03 13:53:53,5deb576d1dc17d7c5515ad15,0.0,0.0,0.0,0.0,2.3,1.4,3.0,3.9,0.28624858950000004
2026-01-03 13:53:53,5b8b2323ca057700116405d0,0.0,0.0,0.0,0.0,2.3,1.4,3.0,3.9,0.28624858950000004
2026-01-03 13:53:53,68188a226dfb4b0018f8f70a,0.0,0.0,0.0,0.0,2.3,1.4,3.0,3.9,0.28624858950000004
2026-01-03 13:53:53,681889a96dfb4b0018f8f67e,0.0,0.0,0.0,0.0,2.3,1.4,3.0,3.9,0.28624858950000004
2026-01-03 13:53:53,63ae7a50bfd3d90017e8f2b2,0.0,0.0,0.0,0.0,2.3,1.4,3.0,3.9,0.28624858950000004
2026-01-03 13:53:53,587ee0ecb807da0011e33d50,0.0,0.0,0.0,0.0,2.3,1.4,3.0,3.9,0.2997121394999999
2026-01-03 13:53:53,56de42f611f398ec0c48128f,0.0,0.0,0.0,0.0,2.3,1.4,3.0,3.9,0.28624858950000004
2026-01-03 13:53:53,56de42f611f398ec0c4812a2,0.0,0.0,0.0,0.0,2.3,1.4,3.0,3.9,0.28624858950000004
2026-01-03 13:53:53,6922934b44912200174bc7ec,0.0,0.0,0.0,0.0,2.3,1.4,3.0,3.9,0.28624858950000004
2026-01-03 13:53:53,63bd1f21bfd3d90017ec3d04,0.0,0.0,0.0,0.0,2.3,1.4,3.0,3.9,0.28624858950000004
2026-01-03 13:53:53,58df4d95dc195800111e04b9,0.0,0.0,0.0,0.0,2.3,1.4,3.0,3.9,0.28624858950000004
2026-01-03 13:53:53,586e28a0f9fab7001111b0b3,0.0,0.0,0.0,0.0,2.3,1.4,3.0,3.9,0.28624858950000004
2026-01-03 13:53:53,595dd8463dcfc400106f28b2,0.0,0.0,0.0,0.0,2.3,1.4,3.0,3.9,0.28624858950000004
2026-01-03 13:53:53,662b81721afb9c00172dcc44,0.0,0.0,0.0,0.0,2.3,1.4,3.0,3.9,0.28624858950000004
2026-01-03 13:53:53,67e217c43215f90017863bc8,0.0,0.0,0.0,0.0,2.3,1.4,3.0,3.9,0.28624858950000004
2026-01-03 13:53:53,66b1c3c2779f740018674125,0.0,0.0,0.0,0.0,2.3,1.4,3.0,3.9,0.28624858950000004
2026-01-03 13:53:53,5a8269c45058170011f6eae4,0.0,0.0,0.0,0.0,2.3,1.4,3.0,3.9,0.28624858950000004
2026-01-03 13:53:53,56de42f611f398ec0c481297,0.0,0.0,0.0,0.0,2.3,1.4,3.0,3.9,0.28624858950000004
2026-01-03 13:53:53,5822adbbedeb6c0012a2d65f,0.0,0.0,0.0,0.0,2.3,1.4,3.0,3.9,0.28624858950000004
2026-01-03 13:53:53,5deb576d1dc17d7c5515ad00,0.0,0.0,0.0,0.0,2.3,1.4,3.0,3.9,0.3
2026-01-03 13:53:53,5a823e425058170011f6eaa4,0.0,0.0,0.0,0.0,2.3,1.4,3.0,3.9,0.28624858950000004
2026-01-03 13:53:53,649da72ca6068200171a6dbb,0.0,0.0,0.0,0.0,2.3,1.4,3.0,3.9,0.28624858950000004
2026-01-03 13:53:53,5a6088218576340017d06693,0.0,0.0,0.0,0.0,2.3,1.4,3.0,3.9,0.28624858950000004
2026-01-03 13:53:53,63b65fd8bfd3d90017eaa461,0.0,0.0,0.0,0.0,2.3,1.4,3.0,3.9,0.28624858950000004
2026-01-03 13:53:53,5deb576d1dc17d7c5515ad08,0.0,0.0,0.0,0.0,2.3,1.4,3.0,3.9,0.28624858950000004
2026-01-03 13:53:53,595dc70d3dcfc400106f289a,0.0,0.0,0.0,0.0,2.3,1.4,3.0,3.9,0.3
2026-01-03 13:53:53,63b65ebebfd3d90017eaa3ae,0.0,0.0,0.0,0.0,2.3,1.4,3.0,3.9,0.28624858950000004
2026-01-03 13:53:53,5874769eb807da0011e33cec,0.0,0.0,0.0,0.0,2.3,1.4,3.0,3.9,0.28624858950000004
2026-01-03 13:53:53,63b660f8bfd3d90017eaa4ea,0.0,0.0,0.0,0.0,2.3,1.4,3.0,3.9,0.28624858950000004
2026-01-03 13:53:53,58af994abd82540010390c37,0.0,0.0,0.0,0.0,2.3,1.4,3.0,3.9,0.28624858950000004
2026-01-03 13:53:53,56df8108c062921100c143db,0.0,0.0,0.0,0.0,2.3,1.4,3.0,3.9,0.28624858950000004
2026-01-03 13:53:53,63ae7903bfd3d90017e8f211,0.0,0.0,0.0,0.0,2.3,1.4,3.0,3.9,0.28624858950000004
2026-01-03 13:53:53,63ae7727bfd3d90017e8f14a,0.0,0.0,0.0,0.0,2.3,1.4,3.0,3.9,0.28624858950000004
2026-01-03 13:53:53,6623f36e6f998a001b252878,0.0,0.0,0.0,0.0,2.3,1.4,3.0,3.9,0.28624858950000004
2026-01-03 13:53:53,5d9ddec9766c880017188c9c,0.0,0.0,0.0,0.0,2.3,1.4,3.0,3.9,0.28624858950000004
2026-01-03 13:53:53,5deb576d1dc17d7c5515ad02,0.0,0.0,0.0,0.0,2.3,1.4,3.0,3.9,0.28624858950000004
2026-01-03 13:53:53,681885ff6dfb4b0018f8f1ee,0.0,0.0,0.0,0.0,2.3,1.4,3.0,3.9,0.28624858950000004
2026-01-03 13:53:53,63ae79aabfd3d90017e8f26a,0.0,0.0,0.0,0.0,2.3,1.4,3.0,3.9,0.28624858950000004
2026-01-03 13:53:53,5d8cd7fb766c880017188954,0.0,0.0,0.0,0.0,2.3,1.4,3.0,3.9,0.28624858950000004
2026-01-03 13:53:53,56de42f611f398ec0c481293,0.0,0.0,0.0,0.0,2.3,1.4,3.0,3.9,0.28624858950000004
2026-01-03 13:53:53,63b66089bfd3d90017eaa4bd,0.0,0.0,0.0,0.0,2.3,1.4,3.0,3.9,0.28624858950000004
2026-01-03 13:53:53,63ae798abfd3d90017e8f255,0.0,0.0,0.0,0.0,2.3,1.4,3.0,3.9,0.28624858950000004
2026-01-03 13:53:53,662a89f51afb9c00172d26ef,0.0,0.0,0.0,0.0,2.3,1.4,3.0,3.9,0.28624858950000004
2026-01-03 13:53:53,6318287ec9eae60017a19f36,0.0,0.0,0.0,0.0,2.3,1.4,3.0,3.9,0.28624858950000004
2026-01-03 13:53:53,6792f3058c5ed4001b27f58e,0.0,0.0,0.0,0.0,2.3,1.4,3.0,3.9,0.28624858950000004
2026-01-03 13:53:53,587476e3b807da0011e33cee,0.0,0.0,0.0,0.0,2.3,1.4,3.0,3.9,0.28624858950000004
2026-01-03 13:53:53,597bf277faa7ea0011c7c29f,0.0,0.0,0.0,0.0,2.3,1.4,3.0,3.9,0.28624858950000004
2026-01-03 13:53:53,5d9de49d766c880017188cb9,0.0,0.0,0.0,0.0,2.3,1.4,3.0,3.9,0.28624858950000004
2026-01-03 13:53:53,5d9ddf49766c880017188ca0,0.0,0.0,0.0,0.0,2.3,1.4,3.0,3.9,0.28624858950000004
2026-01-03 13:53:53,63ae763bbfd3d90017e8f0c4,0.0,0.0,0.0,0.0,2.3,1.4,3.0,3.9,0.28624858950000004
2026-01-03 13:53:53,5d8cda6a766c880017188960,0.0,0.0,0.0,0.0,2.3,1.4,3.0,3.9,0.28624858950000004
2026-01-03 13:53:53,662b80e81afb9c00172dcbec,0.0,0.0,0.0,0.0,2.3,1.4,3.0,3.9,0.28624858950000004
2026-01-03 13:53:53,681826506dfb4b0018f83e64,0.0,0.0,0.0,0.0,2.3,1.4,3.0,3.9,0.3
2026-01-03 13:53:53,662a86a11afb9c00172d2410,0.0,0.0,0.0,0.0,2.3,1.4,3.0,3.9,0.28624858950000004
2026-01-03 13:53:53,5a6083198576340017d0667a,0.0,0.0,0.0,0.0,2.3,1.4,3.0,3.9,0.28624858950000004
2026-01-03 13:53:53,56de42f611f398ec0c48128b,0.0,0.0,0.0,0.0,2.3,1.4,3.0,3.9,0.28624858950000004
2026-01-03 13:53:53,58e49ff8d9d6200011e0b9d4,0.0,0.0,0.0,0.0,2.3,1.4,3.0,3.9,0.28624858950000004
2026-01-03 13:53:53,6922924644912200174bc737,0.0,0.0,0.0,0.0,2.3,1.4,3.0,3.9,0.28624858950000004
2026-01-03 13:53:53,681885a26dfb4b0018f8f176,0.0,0.0,0.0,0.0,2.3,1.4,3.0,3.9,0.28624858950000004
2026-01-03 13:53:53,5a8241105058170011f6eaa6,0.0,0.0,0.0,0.0,2.3,1.4,3.0,3.9,0.28624858950000004
2026-01-03 13:53:53,65e054fb6b18080018db6632,0.0,0.0,0.0,0.0,2.3,1.4,3.0,3.9,0.28624858950000004
2026-01-03 13:53:53,5a825ded5058170011f6ead7,0.0,0.0,0.0,0.0,2.3,1.4,3.0,3.9,0.28624858950000004
2026-01-03 13:53:53,5d8cdb0a766c880017188964,0.0,0.0,0.0,0.0,2.3,1.4,3.0,3.9,0.28624858950000004
2026-01-03 13:53:53,68188bb96dfb4b0018f8fdbf,0.0,0.0,0.0,0.0,2.3,1.4,3.0,3.9,0.28624858950000004
2026-01-03 13:53:53,56df833ac062921100c143e1,0.0,0.0,0.0,0.0,2.3,1.4,3.0,3.9,0.3
2026-01-03 13:53:53,6792efe48c5ed4001b27f336,0.0,0.0,0.0,0.0,2.3,1.4,3.0,3.9,0.28624858950000004
2026-01-03 13:53:53,63b5503bbfd3d90017ea7ccc,0.0,0.0,0.0,0.0,2.3,1.4,3.0,3.9,0.28624858950000004
2026-01-03 13:53:53,662a873b1afb9c00172d2483,0.0,0.0,0.0,0.0,2.3,1.4,3.0,3.9,0.28624858950000004
2026-01-03 13:53:53,66b1c3fa779f740018674146,0.0,0.0,0.0,0.0,2.3,1.4,3.0,3.9,0.28624858950000004
2026-01-03 13:53:53,5ad0621c98d8fc001102e268,0.0,0.0,0.0,0.0,2.3,1.4,3.0,3.9,0.28624858950000004
2026-01-03 13:53:53,66b1c34d779f74001867409e,0.0,0.0,0.0,0.0,2.3,1.4,3.0,3.9,0.28624858950000004
2026-01-03 13:53:53,595f89323dcfc400106f28ee,0.0,0.0,0.0,0.0,2.3,1.4,3.0,3.9,0.28624858950000004
2026-01-03 13:53:53,56de42f611f398ec0c48128c,0.0,0.0,0.0,0.0,2.3,1.4,3.0,3.9,0.28624858950000004
2026-01-03 13:53:53,662b558c1afb9c00172d8ed2,0.0,0.0,0.0,0.0,2.3,1.4,3.0,3.9,0.28624858950000004
2026-01-03 13:53:53,6623f4836f998a001b2528bf,0.0,0.0,0.0,0.0,2.3,1.4,3.0,3.9,0.28624858950000004
2026-01-03 13:53:53,662b85bf1afb9c00172dd149,0.0,0.0,0.0,0.0,2.3,1.4,3.0,3.9,0.28624858950000004
2026-01-03 13:53:53,595d98fc3dcfc400106f287b,0.0,0.0,0.0,0.0,2.3,1.4,3.0,3.9,0.3
2026-01-03 13:53:53,6818887f6dfb4b0018f8f54c,0.0,0.0,0.0,0.0,2.3,1.4,3.0,3.9,0.28624858950000004
2026-01-03 13:53:53,63b54bcdbfd3d90017ea7a82,0.0,0.0,0.0,0.0,2.3,1.4,3.0,3.9,0.28624858950000004
2026-01-03 13:53:53,68eddd0a230ee50017d040b2,0.0,0.0,0.0,0.0,2.3,1.4,3.0,3.9,0.28624858950000004
2026-01-03 13:53:53,68a587d54e89b100173b6021,0.0,0.0,0.0,0.0,2.3,1.4,3.0,3.9,0.28624858950000004
2026-01-03 13:53:53,5b5995a3fd4edb0019c7d9ab,0.0,0.0,0.0,0.0,2.3,1.4,3.0,3.9,0.28624858950000004
2026-01-03 13:53:53,692291f044912200174bc703,0.0,0.0,0.0,0.0,2.3,1.4,3.0,3.9,0.28624858950000004
2026-01-03 13:53:53,662b81a31afb9c00172dcc65,0.0,0.0,0.0,0.0,2.3,1.4,3.0,3.9,0.293115
2026-01-03 13:53:53,5deb576d1dc17d7c5515acf6,0.0,0.0,0.0,0.0,2.3,1.4,3.0,3.9,0.28624858950000004
2026-01-03 13:53:53,58746488b807da0011e33cd7,0.0,0.0,0.0,0.0,2.3,1.4,3.0,3.9,0.28624858950000004
2026-01-03 13:53:53,662b83381afb9c00172dcf88,0.0,0.0,0.0,0.0,2.3,1.4,3.0,3.9,0.28624858950000004
2026-01-03 13:53:53,5822b5ededeb6c0012a2d66a,0.0,0.0,0.0,0.0,2.3,1.4,3.0,3.9,0.28624858950000004
2026-01-03 13:53:53,63b660d8bfd3d90017eaa4d5,0.0,0.0,0.0,0.0,2.3,1.4,3.0,3.9,0.28624858950000004
2026-01-03 13:53:53,63ae7be0bfd3d90017e8f3a8,0.0,0.0,0.0,0.0,2.3,1.4,3.0,3.9,0.28624858950000004
2026-01-03 13:53:53,63b54a04bfd3d90017ea783e,0.0,0.0,0.0,0.0,2.3,1.4,3.0,3.9,0.293115
2026-01-03 13:53:53,63b54f70bfd3d90017ea7c86,0.0,0.0,0.0,0.0,2.3,1.4,3.0,3.9,0.28624858950000004
2026-01-03 13:53:53,5a8267fe5058170011f6eae1,0.0,0.0,0.0,0.0,2.3,1.4,3.0,3.9,0.28624858950000004
2026-01-03 13:53:53,595d984b3dcfc400106f2879,0.0,0.0,0.0,0.0,2.3,1.4,3.0,3.9,0.28624858950000004
2026-01-03 13:53:53,5b25a268f13cba001124e713,0.0,0.0,0.0,0.0,2.3,1.4,3.0,3.9,0.3
2026-01-03 13:53:53,63ae768dbfd3d90017e8f0f1,0.0,0.0,0.0,0.0,2.3,1.4,3.0,3.9,0.28624858950000004
2026-01-03 13:53:53,6818884f6dfb4b0018f8f50f,0.0,0.0,0.0,0.0,2.3,1.4,3.0,3.9,0.28624858950000004
2026-01-03 13:53:53,662a89ae1afb9c00172d26ad,0.0,0.0,0.0,0.0,2.3,1.4,3.0,3.9,0.28624858950000004
2026-01-03 13:53:53,63b54a70bfd3d90017ea7862,0.0,0.0,0.0,0.0,2.3,1.4,3.0,3.9,0.28624858950000004
2026-01-03 13:53:53,58e49783d9d6200011e0b9ce,0.0,0.0,0.0,0.0,2.3,1.4,3.0,3.9,0.28624858950000004
2026-01-03 13:53:53,5deb576d1dc17d7c5515ad0c,0.0,0.0,0.0,0.0,2.3,1.4,3.0,3.9,0.28624858950000004
2026-01-03 13:53:53,6623ef776f998a001b252768,0.0,0.0,0.0,0.0,2.3,1.4,3.0,3.9,0.28624858950000004
2026-01-03 13:53:53,58d7bbf2c1e33c00112b3216,0.0,0.0,0.0,0.0,2.3,1.4,3.0,3.9,0.28624858950000004
2026-01-03 13:53:53,662b51d21afb9c00172d89bf,0.0,0.0,0.0,0.0,2.3,1.4,3.0,3.9,0.28624858950000004
2026-01-03 13:53:53,58746295b807da0011e33ccb,0.0,0.0,0.0,0.0,2.3,1.4,3.0,3.9,0.28624858950000004
2026-01-03 13:53:53,585b2baec3f96200127dc508,0.0,0.0,0.0,0.0,2.3,1.4,3.0,3.9,0.28624858950000004
2026-01-03 13:53:53,5a606cd08576340017d06628,0.0,0.0,0.0,0.0,2.3,1.4,3.0,3.9,0.28624858950000004
2026-01-03 13:53:53,662b80051afb9c00172dcaf6,0.0,0.0,0.0,0.0,2.3,1.4,3.0,3.9,0.28624858950000004
2026-01-03 13:53:53,5d8cd253766c88001718893a,0.0,0.0,0.0,0.0,2.3,1.4,3.0,3.9,0.3
2026-01-03 13:53:53,662b5bc31afb9c00172d92e2,0.0,0.0,0.0,0.0,2.3,1.4,3.0,3.9,0.28624858950000004
2026-01-03 13:53:53,662b58401afb9c00172d90f5,0.0,0.0,0.0,0.0,2.3,1.4,3.0,3.9,0.28624858950000004
2026-01-03 13:53:53,5874644cb807da0011e33cd5,0.0,0.0,0.0,0.0,2.3,1.4,3.0,3.9,0.28624858950000004
2026-01-03 13:53:53,662b867b1afb9c00172dd250,0.0,0.0,0.0,0.0,2.3,1.4,3.0,3.9,0.28624858950000004
2026-01-03 13:53:53,597bf0b8faa7ea0011c7c293,0.0,0.0,0.0,0.0,2.3,1.4,3.0,3.9,0.28624858950000004
2026-01-03 13:53:53,5a10c79f02eb490011a0b0dd,0.0,0.0,0.0,0.0,2.3,1.4,3.0,3.9,0.28624858950000004
2026-01-03 13:53:53,68188af96dfb4b0018f8f8e4,0.0,0.0,0.0,0.0,2.3,1.4,3.0,3.9,0.28624858950000004
2026-01-03 13:53:53,662b83ff1afb9c00172dcffb,0.0,0.0,0.0,0.0,2.3,1.4,3.0,3.9,0.28624858950000004
2026-01-03 13:53:53,5deb576d1dc17d7c5515ad19,0.0,0.0,0.0,0.0,2.3,1.4,3.0,3.9,0.28624858950000004
2026-01-03 13:53:53,5b6329fdfd4edb0019c7dc0b,0.0,0.0,0.0,0.0,2.3,1.4,3.0,3.9,0.3
2026-01-03 13:53:53,589add0fb3bf7600110283ae,0.0,0.0,0.0,0.0,2.3,1.4,3.0,3.9,0.28624858950000004
2026-01-03 13:53:53,5deb576d1dc17d7c5515ad01,0.0,0.0,0.0,0.0,2.3,1.4,3.0,3.9,0.28624858950000004
2026-01-03 13:53:53,58abbf72bd82540010390ba4,0.0,0.0,0.0,0.0,2.3,1.4,3.0,3.9,0.28624858950000004
2026-01-03 13:53:53,6623f1f16f998a001b25281f,0.0,0.0,0.0,0.0,2.3,1.4,3.0,3.9,0.28624858950000004
2026-01-03 13:53:53,58ad6961bd82540010390be5,0.0,0.0,0.0,0.0,2.3,1.4,3.0,3.9,0.28624858950000004
2026-01-03 13:53:53,59ca2fa302eb490011a0a3fd,0.0,0.0,0.0,0.0,2.3,1.4,3.0,3.9,0.3
2026-01-03 13:53:53,5a606dbc8576340017d0662b,0.0,0.0,0.0,0.0,2.3,1.4,3.0,3.9,0.28624858950000004
2026-01-03 13:53:53,662b52a31afb9c00172d8b01,0.0,0.0,0.0,0.0,2.3,1.4,3.0,3.9,0.28624858950000004
2026-01-03 13:53:53,58abbee5bd82540010390ba2,0.0,0.0,0.0,0.0,2.3,1.4,3.0,3.9,0.28624858950000004
2026-01-03 13:53:53,662a8ef41afb9c00172d2af2,0.0,0.0,0.0,0.0,2.3,1.4,3.0,3.9,0.28624858950000004
2026-01-03 13:53:53,6623f5b56f998a001b25292f,0.0,0.0,0.0,0.0,2.3,1.4,3.0,3.9,0.28624858950000004
2026-01-03 13:53:53,66b1c398779f7400186740e3,0.0,0.0,0.0,0.0,2.3,1.4,3.0,3.9,0.28624858950000004
2026-01-03 13:53:53,58d7b756c1e33c00112b320d,0.0,0.0,0.0,0.0,2.3,1.4,3.0,3.9,0.28624858950000004
2026-01-03 13:53:53,6623e31e6f998a001b252250,0.0,0.0,0.0,0.0,2.3,1.4,3.0,3.9,0.28624858950000004
2026-01-03 13:53:53,5deb576d1dc17d7c5515acfe,0.0,0.0,0.0,0.0,2.3,1.4,3.0,3.9,0.28624858950000004
2026-01-03 13:53:53,6792f3cf8c5ed4001b27f61e,0.0,0.0,0.0,0.0,2.3,1.4,3.0,3.9,0.28624858950000004
2026-01-03 13:53:53,58df4e22dc195800111e04bb,0.0,0.0,0.0,0.0,2.3,1.4,3.0,3.9,0.28624858950000004
2026-01-03 13:53:53,58d7b3e8c1e33c00112b3207,0.0,0.0,0.0,0.0,2.3,1.4,3.0,3.9,0.3
2026-01-03 13:53:53,5d8cdc57766c88001718896e,0.0,0.0,0.0,0.0,2.3,1.4,3.0,3.9,0.28624858950000004
2026-01-03 13:53:53,66f1266f538c780017c93579,0.0,0.0,0.0,0.0,2.3,1.4,3.0,3.9,0.28624858950000004
2026-01-03 13:53:53,5ad0679598d8fc001102e274,0.0,0.0,0.0,0.0,2.3,1.4,3.0,3.9,0.28624858950000004
2026-01-03 13:53:53,5a824b6c5058170011f6eaab,0.0,0.0,0.0,0.0,2.3,1.4,3.0,3.9,0.3
2026-01-03 13:53:53,62da3e840637a10017d7073d,0.0,0.0,0.0,0.0,2.3,1.4,3.0,3.9,0.28624858950000004
2026-01-03 13:53:53,56de42f611f398ec0c481288,0.0,0.0,0.0,0.0,2.3,1.4,3.0,3.9,0.28624858950000004
2026-01-03 13:53:53,5d8cd614766c88001718894a,0.0,0.0,0.0,0.0,2.3,1.4,3.0,3.9,0.28624858950000004
2026-01-03 13:53:53,5a824f975058170011f6eab8,0.0,0.0,0.0,0.0,2.3,1.4,3.0,3.9,0.28624858950000004
2026-01-03 13:53:53,5a824c3e5058170011f6eaae,0.0,0.0,0.0,0.0,2.3,1.4,3.0,3.9,0.28624858950000004
2026-01-03 13:53:53,5deb576d1dc17d7c5515acf9,0.0,0.0,0.0,0.0,2.3,1.4,3.0,3.9,0.28624858950000004
2026-01-03 13:53:53,587470c2b807da0011e33ce4,0.0,0.0,0.0,0.0,2.3,1.4,3.0,3.9,0.28624858950000004
2026-01-03 13:53:53,68188cbf6dfb4b0018f900e9,0.0,0.0,0.0,0.0,2.3,1.4,3.0,3.9,0.28624858950000004
2026-01-03 13:53:53,67e217ea3215f90017863bf1,0.0,0.0,0.0,0.0,2.3,1.4,3.0,3.9,0.28624858950000004
2026-01-03 13:53:53,68ede6d0230ee50017d04d4c,0.0,0.0,0.0,0.0,2.3,1.4,3.0,3.9,0.28624858950000004
2026-01-03 13:53:53,584e734a61cfea0012cf694f,0.0,0.0,0.0,0.0,2.3,1.4,3.0,3.9,0.28624858950000004
2026-01-03 13:53:53,662b7f251afb9c00172dc8bc,0.0,0.0,0.0,0.0,2.3,1.4,3.0,3.9,0.28624858950000004
2026-01-03 13:53:53,6623ec826f998a001b252686,0.0,0.0,0.0,0.0,2.3,1.4,3.0,3.9,0.28624858950000004
2026-01-03 13:53:53,5deb576d1dc17d7c5515ad23,0.0,0.0,0.0,0.0,2.3,1.4,3.0,3.9,0.28624858950000004
2026-01-03 13:53:53,6922939144912200174bc80c,0.0,0.0,0.0,0.0,2.3,1.4,3.0,3.9,0.28624858950000004
2026-01-03 13:53:53,595d9ba43dcfc400106f2880,0.0,0.0,0.0,0.0,2.3,1.4,3.0,3.9,0.3
2026-01-03 13:53:53,6818863c6dfb4b0018f8f235,0.0,0.0,0.0,0.0,2.3,1.4,3.0,3.9,0.28624858950000004
2026-01-03 13:53:53,589ad89eb3bf7600110283ac,0.0,0.0,0.0,0.0,2.3,1.4,3.0,3.9,0.28624858950000004
2026-01-03 13:53:53,662b5adc1afb9c00172d925b,0.0,0.0,0.0,0.0,2.3,1.4,3.0,3.9,0.28624858950000004
2026-01-03 13:53:53,5701e22bc4350a1100e26f6c,0.0,0.0,0.0,0.0,2.3,1.4,3.0,3.9,0.3
2026-01-03 13:53:53,5b87c386ca057700116404a6,0.0,0.0,0.0,0.0,2.3,1.4,3.0,3.9,0.28624858950000004
2026-01-03 13:53:53,5d8cd542766c880017188948,0.0,0.0,0.0,0.0,2.3,1.4,3.0,3.9,0.28624858950000004
2026-01-03 13:53:53,6623e8406f998a001b252465,0.0,0.0,0.0,0.0,2.3,1.4,3.0,3.9,0.28624858950000004
2026-01-03 13:53:53,5875cef0b807da0011e33d14,0.0,0.0,0.0,0.0,2.3,1.4,3.0,3.9,0.3
2026-01-03 13:53:53,5a823d555058170011f6eaa2,0.0,0.0,0.0,0.0,2.3,1.4,3.0,3.9,0.293115
2026-01-03 13:53:53,595da2853dcfc400106f2883,0.0,0.0,0.0,0.0,2.3,1.4,3.0,3.9,0.28624858950000004
2026-01-03 13:53:53,5b632950fd4edb0019c7dc07,0.0,0.0,0.0,0.0,2.3,1.4,3.0,3.9,0.28624858950000004
2026-01-03 13:53:53,5deb576d1dc17d7c5515ad06,0.0,0.0,0.0,0.0,2.3,1.4,3.0,3.9,0.28624858950000004
2026-01-03 13:53:53,662b54711afb9c00172d8d4f,0.0,0.0,0.0,0.0,2.3,1.4,3.0,3.9,0.28624858950000004
2026-01-03 13:53:53,5a8279865058170011f6eaef,0.0,0.0,0.0,0.0,2.3,1.4,3.0,3.9,0.28624858950000004
2026-01-03 13:53:53,662b4faa1afb9c00172d875e,0.0,0.0,0.0,0.0,2.3,1.4,3.0,3.9,0.28624858950000004
2026-01-03 13:53:53,662a87641afb9c00172d24b0,0.0,0.0,0.0,0.0,2.3,1.4,3.0,3.9,0.28624858950000004
2026-01-03 13:53:53,56de42f611f398ec0c4812a1,0.0,0.0,0.0,0.0,2.3,1.4,3.0,3.9,0.28624858950000004
2026-01-03 13:53:53,63ae7669bfd3d90017e8f0d9,0.0,0.0,0.0,0.0,2.3,1.4,3.0,3.9,0.28624858950000004
2026-01-03 13:53:53,63b65e6abfd3d90017eaa361,0.0,0.0,0.0,0.0,2.3,1.4,3.0,3.9,0.28624858950000004
2026-01-03 13:53:53,662a8fd41afb9c00172d2bac,0.0,0.0,0.0,0.0,2.3,1.4,3.0,3.9,0.28624858950000004
2026-01-03 13:53:53,56f11afc3ac17b11001c504e,0.0,0.0,0.0,0.0,2.3,1.4,3.0,3.9,0.28624858950000004
2026-01-03 13:53:53,585b2b1ec3f96200127dc505,0.0,0.0,0.0,0.0,2.3,1.4,3.0,3.9,0.28624858950000004
2026-01-03 13:53:53,5a825b7d5058170011f6ead4,0.0,0.0,0.0,0.0,2.3,1.4,3.0,3.9,0.28624858950000004
2026-01-03 13:53:53,5a6069238576340017d0661c,0.0,0.0,0.0,0.0,2.3,1.4,3.0,3.9,0.28624858950000004
2026-01-03 13:53:53,662b857b1afb9c00172dd106,0.0,0.0,0.0,0.0,2.3,1.4,3.0,3.9,0.28624858950000004
2026-01-03 13:53:53,56de42f611f398ec0c481298,0.0,0.0,0.0,0.0,2.3,1.4,3.0,3.9,0.28624858950000004
2026-01-03 13:53:53,63ae75f9bfd3d90017e8f097,0.0,0.0,0.0,0.0,2.3,1.4,3.0,3.9,0.28624858950000004
2026-01-03 13:53:53,63ae7829bfd3d90017e8f1ac,0.0,0.0,0.0,0.0,2.3,1.4,3.0,3.9,0.28624858950000004
2026-01-03 13:53:53,65e0556b6b18080018db665e,0.0,0.0,0.0,0.0,2.3,1.4,3.0,3.9,0.28624858950000004
2026-01-03 13:53:53,662b81eb1afb9c00172dcc85,0.0,0.0,0.0,0.0,2.3,1.4,3.0,3.9,0.28624858950000004
2026-01-03 13:53:53,595dd9ac3dcfc400106f28b4,0.0,0.0,0.0,0.0,2.3,1.4,3.0,3.9,0.28624858950000004
2026-01-03 13:53:53,662a8cc51afb9c00172d2938,0.0,0.0,0.0,0.0,2.3,1.4,3.0,3.9,0.28624858950000004
2026-01-03 13:53:53,587654d3b807da0011e33d36,0.0,0.0,0.0,0.0,2.3,1.4,3.0,3.9,0.28624858950000004
2026-01-03 13:53:53,5990ffdbbec3b90016d2ad2d,0.0,0.0,0.0,0.0,2.3,1.4,3.0,3.9,0.28624858950000004
2026-01-03 13:53:53,5a8259035058170011f6eacf,0.0,0.0,0.0,0.0,2.3,1.4,3.0,3.9,0.3
2026-01-03 13:53:53,63b54cffbfd3d90017ea7ad0,0.0,0.0,0.0,0.0,2.3,1.4,3.0,3.9,0.28624858950000004
2026-01-03 13:53:53,589b4644b3bf7600110283ce,0.0,0.0,0.0,0.0,2.3,1.4,3.0,3.9,0.28624858950000004
2026-01-03 13:53:53,5d8cd8e2766c880017188958,0.0,0.0,0.0,0.0,2.3,1.4,3.0,3.9,0.28624858950000004
2026-01-03 13:53:53,63b54fe4bfd3d90017ea7ca2,0.0,0.0,0.0,0.0,2.3,1.4,3.0,3.9,0.3
2026-01-03 13:53:53,6623ebd76f998a001b25264d,0.0,0.0,0.0,0.0,2.3,1.4,3.0,3.9,0.28624858950000004
2026-01-03 13:53:53,5a6086e88576340017d0668a,0.0,0.0,0.0,0.0,2.3,1.4,3.0,3.9,0.28624858950000004
2026-01-03 13:53:53,681888b66dfb4b0018f8f58c,0.0,0.0,0.0,0.0,2.3,1.4,3.0,3.9,0.28624858950000004
2026-01-03 13:53:53,5b6c15b8ca0577001163fe39,0.0,0.0,0.0,0.0,2.3,1.4,3.0,3.9,0.3
2026-01-03 13:53:53,5d8cd98d766c88001718895a,0.0,0.0,0.0,0.0,2.3,1.4,3.0,3.9,0.28624858950000004
2026-01-03 13:53:53,6623ee666f998a001b252726,0.0,0.0,0.0,0.0,2.3,1.4,3.0,3.9,0.28624858950000004
2026-01-03 13:53:53,662b84c11afb9c00172dd0b5,0.0,0.0,0.0,0.0,2.3,1.4,3.0,3.9,0.28624858950000004
2026-01-03 13:53:53,662b51201afb9c00172d889a,0.0,0.0,0.0,0.0,2.3,1.4,3.0,3.9,0.28624858950000004
2026-01-03 13:53:53,56df8198c062921100c143dd,0.0,0.0,0.0,0.0,2.3,1.4,3.0,3.9,0.28624858950000004
2026-01-03 13:53:53,56de42f611f398ec0c481282,0.0,0.0,0.0,0.0,2.3,1.4,3.0,3.9,0.28624858950000004
2026-01-03 13:53:53,58df4c2bdc195800111e04b7,0.0,0.0,0.0,0.0,2.3,1.4,3.0,3.9,0.3
2026-01-03 13:53:53,6623ea416f998a001b25260a,0.0,0.0,0.0,0.0,2.3,1.4,3.0,3.9,0.28624858950000004
2026-01-03 13:53:53,662b872d1afb9c00172dd36a,0.0,0.0,0.0,0.0,2.3,1.4,3.0,3.9,0.28624858950000004
2026-01-03 13:53:53,6623e4b06f998a001b2522f1,0.0,0.0,0.0,0.0,2.3,1.4,3.0,3.9,0.28624858950000004
2026-01-03 13:53:53,56de42f611f398ec0c48127e,0.0,0.0,0.0,0.0,2.3,1.4,3.0,3.9,0.28624858950000004
2026-01-03 13:53:53,595dd3a63dcfc400106f28a7,0.0,0.0,0.0,0.0,2.3,1.4,3.0,3.9,0.28624858950000004
2026-01-03 13:53:53,68ede5d4230ee50017d04c24,0.0,0.0,0.0,0.0,2.3,1.4,3.0,3.9,0.28624858950000004
2026-01-03 13:53:53,5a8266105058170011f6eadf,0.0,0.0,0.0,0.0,2.3,1.4,3.0,3.9,0.28624858950000004
2026-01-03 13:53:53,662b5afe1afb9c00172d9284,0.0,0.0,0.0,0.0,2.3,1.4,3.0,3.9,0.28624858950000004
2026-01-03 13:53:53,5a82602c5058170011f6ead9,0.0,0.0,0.0,0.0,2.3,1.4,3.0,3.9,0.28624858950000004
2026-01-03 13:53:53,585b2980c3f96200127dc502,0.0,0.0,0.0,0.0,2.3,1.4,3.0,3.9,0.28624858950000004
2026-01-03 13:53:53,56de42f611f398ec0c481284,0.0,0.0,0.0,0.0,2.3,1.4,3.0,3.9,0.3
2026-01-03 13:53:53,662b56c51afb9c00172d9071,0.0,0.0,0.0,0.0,2.3,1.4,3.0,3.9,0.28624858950000004
2026-01-03 13:53:53,63ae7a08bfd3d90017e8f285,0.0,0.0,0.0,0.0,2.3,1.4,3.0,3.9,0.28624858950000004
2026-01-03 13:53:53,662a8b061afb9c00172d27d7,0.0,0.0,0.0,0.0,2.3,1.4,3.0,3.9,0.28624858950000004
2026-01-03 13:53:53,587ee7d7b807da0011e33d55,0.0,0.0,0.0,0.0,2.3,1.4,3.0,3.9,0.28624858950000004
2026-01-03 13:53:53,5deb576d1dc17d7c5515ad12,0.0,0.0,0.0,0.0,2.3,1.4,3.0,3.9,0.3
2026-01-03 13:53:53,662b51a41afb9c00172d8926,0.0,0.0,0.0,0.0,2.3,1.4,3.0,3.9,0.293115
2026-01-03 13:53:53,63ae7893bfd3d90017e8f1e1,0.0,0.0,0.0,0.0,2.3,1.4,3.0,3.9,0.28624858950000004
2026-01-03 13:53:53,662a8b9e1afb9c00172d284d,0.0,0.0,0.0,0.0,2.3,1.4,3.0,3.9,0.28624858950000004
2026-01-03 13:53:53,5a823ba75058170011f6ea9e,0.0,0.0,0.0,0.0,2.3,1.4,3.0,3.9,0.28624858950000004
2026-01-03 13:53:53,681887346dfb4b0018f8f36a,0.0,0.0,0.0,0.0,2.3,1.4,3.0,3.9,0.28624858950000004
2026-01-03 13:53:53,662b5a401afb9c00172d91fc,0.0,0.0,0.0,0.0,2.3,1.4,3.0,3.9,0.28624858950000004
2026-01-03 13:53:53,56df8544c062921100c143e6,0.0,0.0,0.0,0.0,2.3,1.4,3.0,3.9,0.28624858950000004
2026-01-03 13:53:53,595ddb493dcfc400106f28b6,0.0,0.0,0.0,0.0,2.3,1.4,3.0,3.9,0.3
2026-01-03 13:53:53,66b1c1f2779f740018673f0d,0.0,0.0,0.0,0.0,2.3,1.4,3.0,3.9,0.28624858950000004
2026-01-03 13:53:53,589b4379b3bf7600110283c9,0.0,0.0,0.0,0.0,2.3,1.4,3.0,3.9,0.28624858950000004
2026-01-03 13:53:53,5a60604f8576340017d0660b,0.0,0.0,0.0,0.0,2.3,1.4,3.0,3.9,0.28624858950000004
2026-01-03 13:53:53,5d8cd9cb766c88001718895c,0.0,0.0,0.0,0.0,2.3,1.4,3.0,3.9,0.293115
2026-01-03 13:53:53,6623e6b86f998a001b2523b8,0.0,0.0,0.0,0.0,2.3,1.4,3.0,3.9,0.28624858950000004
2026-01-03 13:53:53,5a8256315058170011f6eac9,0.0,0.0,0.0,0.0,2.3,1.4,3.0,3.9,0.28624858950000004
2026-01-03 13:53:53,5ad064b498d8fc001102e26f,0.0,0.0,0.0,0.0,2.3,1.4,3.0,3.9,0.28624858950000004
2026-01-03 13:53:53,58af8d68bd82540010390c2e,0.0,0.0,0.0,0.0,2.3,1.4,3.0,3.9,0.28624858950000004
2026-01-03 13:53:53,65e0552f6b18080018db6647,0.0,0.0,0.0,0.0,2.3,1.4,3.0,3.9,0.28624858950000004
2026-01-03 13:53:53,595da7783dcfc400106f2888,0.0,0.0,0.0,0.0,2.3,1.4,3.0,3.9,0.28624858950000004
2026-01-03 13:53:53,662a8e121afb9c00172d2a3f,0.0,0.0,0.0,0.0,2.3,1.4,3.0,3.9,0.28624858950000004
2026-01-03 13:53:53,662b5be91afb9c00172d939b,0.0,0.0,0.0,0.0,2.3,1.4,3.0,3.9,0.28624858950000004
2026-01-03 13:53:53,5b728aafca0577001163ff7e,0.0,0.0,0.0,0.0,2.3,1.4,3.0,3.9,0.3
2026-01-03 13:53:53,6818901a6dfb4b0018f9058a,0.0,0.0,0.0,0.0,2.3,1.4,3.0,3.9,0.28624858950000004
2026-01-03 13:53:53,63ae7966bfd3d90017e8f240,0.0,0.0,0.0,0.0,2.3,1.4,3.0,3.9,0.3
2026-01-03 13:53:53,5a607fa38576340017d06671,0.0,0.0,0.0,0.0,2.3,1.4,3.0,3.9,0.28624858950000004
2026-01-03 13:53:53,662b87551afb9c00172dd43a,0.0,0.0,0.0,0.0,2.3,1.4,3.0,3.9,0.28624858950000004
2026-01-03 13:53:53,5deb576d1dc17d7c5515ad21,0.0,0.0,0.0,0.0,2.3,1.4,3.0,3.9,0.28624858950000004
2026-01-03 13:53:53,68188bf46dfb4b0018f8ff12,0.0,0.0,0.0,0.0,2.3,1.4,3.0,3.9,0.28624858950000004
2026-01-03 13:53:53,68a589a54e89b100173b6267,0.0,0.0,0.0,0.0,2.3,1.4,3.0,3.9,0.28624858950000004
2026-01-03 13:53:53,56de42f611f398ec0c481289,0.0,0.0,0.0,0.0,2.3,1.4,3.0,3.9,0.28624858950000004
2026-01-03 13:53:53,58ad69c4bd82540010390be7,0.0,0.0,0.0,0.0,2.3,1.4,3.0,3.9,0.28624858950000004
2026-01-03 13:53:53,6623f5876f998a001b25291a,0.0,0.0,0.0,0.0,2.3,1.4,3.0,3.9,0.28624858950000004
2026-01-03 13:53:53,6623e2e16f998a001b252233,0.0,0.0,0.0,0.0,2.3,1.4,3.0,3.9,0.28624858950000004
2026-01-03 13:53:53,63b54898bfd3d90017ea77ae,0.0,0.0,0.0,0.0,2.3,1.4,3.0,3.9,0.28624858950000004
2026-01-03 13:53:53,63b549b8bfd3d90017ea782c,0.0,0.0,0.0,0.0,2.3,1.4,3.0,3.9,0.28624858950000004
2026-01-03 13:53:53,662b5b271afb9c00172d9296,0.0,0.0,0.0,0.0,2.3,1.4,3.0,3.9,0.28624858950000004
2026-01-03 13:53:53,662a87df1afb9c00172d2522,0.0,0.0,0.0,0.0,2.3,1.4,3.0,3.9,0.28624858950000004
2026-01-03 13:53:53,68ede60a230ee50017d04c69,0.0,0.0,0.0,0.0,2.3,1.4,3.0,3.9,0.28624858950000004
2026-01-03 13:53:53,5a823bd55058170011f6eaa0,0.0,0.0,0.0,0.0,2.3,1.4,3.0,3.9,0.28624858950000004
2026-01-03 13:53:53,5a6085688576340017d06684,0.0,0.0,0.0,0.0,2.3,1.4,3.0,3.9,0.28624858950000004
2026-01-03 13:53:53,595dd7693dcfc400106f28b0,0.0,0.0,0.0,0.0,2.3,1.4,3.0,3.9,0.28624858950000004
2026-01-03 13:53:53,6623e88c6f998a001b25248b,0.0,0.0,0.0,0.0,2.3,1.4,3.0,3.9,0.28624858950000004
2026-01-03 13:53:53,63b54996bfd3d90017ea781a,0.0,0.0,0.0,0.0,2.3,1.4,3.0,3.9,0.28624858950000004
2026-01-03 13:53:53,56de42f611f398ec0c481283,0.0,0.0,0.0,0.0,2.3,1.4,3.0,3.9,0.28624858950000004
2026-01-03 13:53:53,5d8cdcf0766c880017188972,0.0,0.0,0.0,0.0,2.3,1.4,3.0,3.9,0.28624858950000004
2026-01-03 13:53:53,67e217643215f90017863b73,0.0,0.0,0.0,0.0,2.3,1.4,3.0,3.9,0.28624858950000004
2026-01-03 13:53:53,662b57ec1afb9c00172d90e3,0.0,0.0,0.0,0.0,2.3,1.4,3.0,3.9,0.3
2026-01-03 13:53:53,662b50571afb9c00172d87df,0.0,0.0,0.0,0.0,2.3,1.4,3.0,3.9,0.28624858950000004
2026-01-03 13:53:53,56df8274c062921100c143df,0.0,0.0,0.0,0.0,2.3,1.4,3.0,3.9,0.28624858950000004
2026-01-03 13:53:53,662b52131afb9c00172d8a23,0.0,0.0,0.0,0.0,2.3,1.4,3.0,3.9,0.293115
2026-01-03 13:53:53,68188b786dfb4b0018f8face,0.0,0.0,0.0,0.0,2.3,1.4,3.0,3.9,0.28624858950000004
2026-01-03 13:53:53,5a6061fd8576340017d06613,0.0,0.0,0.0,0.0,2.3,1.4,3.0,3.9,0.28624858950000004
2026-01-03 13:53:53,6623f0246f998a001b252797,0.0,0.0,0.0,0.0,2.3,1.4,3.0,3.9,0.28624858950000004
2026-01-03 13:53:53,595da7d93dcfc400106f288a,0.0,0.0,0.0,0.0,2.3,1.4,3.0,3.9,0.28624858950000004
2026-01-03 13:53:53,66b1c311779f740018674083,0.0,0.0,0.0,0.0,2.3,1.4,3.0,3.9,0.28624858950000004
2026-01-03 13:53:53,68ae7f327d735d00173c74e4,0.0,0.0,0.0,0.0,2.3,1.4,3.0,3.9,0.28624858950000004
2026-01-03 13:53:53,59ca30fd02eb490011a0a406,0.0,0.0,0.0,0.0,2.3,1.4,3.0,3.9,0.28624858950000004
2026-01-03 13:53:53,662a8cfe1afb9c00172d296e,0.0,0.0,0.0,0.0,2.3,1.4,3.0,3.9,0.28624858950000004
2026-01-03 13:53:53,589b39d9b3bf7600110283c1,0.0,0.0,0.0,0.0,2.3,1.4,3.0,3.9,0.28624858950000004
2026-01-03 13:53:53,5d8cd326766c88001718893e,0.0,0.0,0.0,0.0,2.3,1.4,3.0,3.9,0.28624858950000004
2026-01-03 13:53:53,587461c1b807da0011e33cc8,0.0,0.0,0.0,0.0,2.3,1.4,3.0,3.9,0.28624858950000004
2026-01-03 13:53:53,63ae76afbfd3d90017e8f106,0.0,0.0,0.0,0.0,2.3,1.4,3.0,3.9,0.28624858950000004
2026-01-03 13:53:53,63b661a3bfd3d90017eaa520,0.0,0.0,0.0,0.0,2.3,1.4,3.0,3.9,0.28624858950000004
2026-01-03 13:53:53,583f926761cfea0012cf68f1,0.0,0.0,0.0,0.0,2.3,1.4,3.0,3.9,0.28624858950000004
2026-01-03 13:53:53,6878bab06145d3001ba517f7,0.0,0.0,0.0,0.0,2.3,1.4,3.0,3.9,0.28624858950000004
2026-01-03 13:53:53,56df81d8c062921100c143de,0.0,0.0,0.0,0.0,2.3,1.4,3.0,3.9,0.28624858950000004
2026-01-03 13:53:53,63ae73cebfd3d90017e8f00d,0.0,0.0,0.0,0.0,2.3,1.4,3.0,3.9,0.28624858950000004
2026-01-03 13:53:53,662a8a661afb9c00172d2762,0.0,0.0,0.0,0.0,2.3,1.4,3.0,3.9,0.28624858950000004
2026-01-03 13:53:53,6623e7526f998a001b252407,0.0,0.0,0.0,0.0,2.3,1.4,3.0,3.9,0.28624858950000004
2026-01-03 13:53:53,5a6084898576340017d06680,0.0,0.0,0.0,0.0,2.3,1.4,3.0,3.9,0.28624858950000004
2026-01-03 13:53:53,56de42f611f398ec0c48129b,0.0,0.0,0.0,0.0,2.3,1.4,3.0,3.9,0.28624858950000004
2026-01-03 13:53:53,586e2492f9fab7001111b0ab,0.0,0.0,0.0,0.0,2.3,1.4,3.0,3.9,0.28624858950000004
2026-01-03 13:53:53,68edd621230ee50017d031c5,0.0,0.0,0.0,0.0,2.3,1.4,3.0,3.9,0.28624858950000004
2026-01-03 13:53:53,68ede0cf230ee50017d04657,0.0,0.0,0.0,0.0,2.3,1.4,3.0,3.9,0.28624858950000004
2026-01-03 13:53:53,662b571d1afb9c00172d9083,0.0,0.0,0.0,0.0,2.3,1.4,3.0,3.9,0.3
2026-01-03 13:53:53,587479b1b807da0011e33cf9,0.0,0.0,0.0,0.0,2.3,1.4,3.0,3.9,0.28624858950000004
2026-01-03 13:53:53,62da3e620637a10017d70720,0.0,0.0,0.0,0.0,2.3,1.4,3.0,3.9,0.3
2026-01-03 13:53:53,63b54909bfd3d90017ea77e4,0.0,0.0,0.0,0.0,2.3,1.4,3.0,3.9,0.28624858950000004
2026-01-03 13:53:53,595ddbbf3dcfc400106f28b8,0.0,0.0,0.0,0.0,2.3,1.4,3.0,3.9,0.28624858950000004
2026-01-03 13:53:53,5d9de43b766c880017188cb6,0.0,0.0,0.0,0.0,2.3,1.4,3.0,3.9,0.28624858950000004
2026-01-03 13:53:53,5a8250cc5058170011f6eaba,0.0,0.0,0.0,0.0,2.3,1.4,3.0,3.9,0.3
2026-01-03 13:53:53,6818868b6dfb4b0018f8f298,0.0,0.0,0.0,0.0,2.3,1.4,3.0,3.9,0.28624858950000004
2026-01-03 13:53:53,5b0b7e1c0e517b00119fd80b,0.0,0.0,0.0,0.0,2.3,1.4,3.0,3.9,0.3
2026-01-03 13:53:53,56de42f611f398ec0c48129a,0.0,0.0,0.0,0.0,2.3,1.4,3.0,3.9,0.28624858950000004
2026-01-03 13:53:53,662b57711afb9c00172d90a7,0.0,0.0,0.0,0.0,2.3,1.4,3.0,3.9,0.28624858950000004
2026-01-03 13:53:53,63b54968bfd3d90017ea7808,0.0,0.0,0.0,0.0,2.3,1.4,3.0,3.9,0.28624858950000004
2026-01-03 13:53:53,56de42f611f398ec0c48127f,0.0,0.0,0.0,0.0,2.3,1.4,3.0,3.9,0.28624858950000004
2026-01-03 13:53:53,58df5016dc195800111e04bd,0.0,0.0,0.0,0.0,2.3,1.4,3.0,3.9,0.28624858950000004
2026-01-03 13:53:53,681887836dfb4b0018f8f3d1,0.0,0.0,0.0,0.0,2.3,1.4,3.0,3.9,0.28624858950000004
2026-01-03 13:53:53,681884726dfb4b0018f8f035,0.0,0.0,0.0,0.0,2.3,1.4,3.0,3.9,0.28624858950000004
2026-01-03 13:53:53,5d8cdac3766c880017188962,0.0,0.0,0.0,0.0,2.3,1.4,3.0,3.9,0.28624858950000004
2026-01-03 13:53:53,587ef5dfb807da0011e33d59,0.0,0.0,0.0,0.0,2.3,1.4,3.0,3.9,0.28624858950000004
2026-01-03 13:53:53,68fae32b6b936b001721878b,0.0,0.0,0.0,0.0,2.3,1.4,3.0,3.9,0.28624858950000004
2026-01-03 13:53:53,595dc2f03dcfc400106f2896,0.0,0.0,0.0,0.0,2.3,1.4,3.0,3.9,0.28624858950000004
2026-01-03 13:53:53,662b85f51afb9c00172dd1c2,0.0,0.0,0.0,0.0,2.3,1.4,3.0,3.9,0.28624858950000004
2026-01-03 13:53:53,692293f044912200174bc856,0.0,0.0,0.0,0.0,2.3,1.4,3.0,3.9,0.28624858950000004
2026-01-03 13:53:53,68a588c04e89b100173b616b,0.0,0.0,0.0,0.0,2.3,1.4,3.0,3.9,0.28624858950000004
2026-01-03 13:53:53,5d8cdbdc766c88001718896a,0.0,0.0,0.0,0.0,2.3,1.4,3.0,3.9,0.28624858950000004
2026-01-03 13:53:53,63b54d5abfd3d90017ea7afe,0.0,0.0,0.0,0.0,2.3,1.4,3.0,3.9,0.28624858950000004
2026-01-03 13:53:53,5deb576d1dc17d7c5515ad13,0.0,0.0,0.0,0.0,2.3,1.4,3.0,3.9,0.28624858950000004
2026-01-03 13:53:53,662b862a1afb9c00172dd1ff,0.0,0.0,0.0,0.0,2.3,1.4,3.0,3.9,0.28624858950000004
2026-01-03 13:53:53,5deb576d1dc17d7c5515acf2,0.0,0.0,0.0,0.0,2.3,1.4,3.0,3.9,0.28624858950000004
2026-01-03 13:53:53,5a824e465058170011f6eab4,0.0,0.0,0.0,0.0,2.3,1.4,3.0,3.9,0.28624858950000004
2026-01-03 13:53:53,662b57471afb9c00172d9095,0.0,0.0,0.0,0.0,2.3,1.4,3.0,3.9,0.28624858950000004
2026-01-03 13:53:53,56de42f611f398ec0c481291,0.0,0.0,0.0,0.0,2.3,1.4,3.0,3.9,0.28624858950000004
2026-01-03 13:53:53,584e71cb61cfea0012cf694b,0.0,0.0,0.0,0.0,2.3,1.4,3.0,3.9,0.3
2026-01-03 13:53:53,595f874d3dcfc400106f28ec,0.0,0.0,0.0,0.0,2.3,1.4,3.0,3.9,0.28624858950000004
2026-01-03 13:53:53,5b19d34faf4ff60011d6ea52,0.0,0.0,0.0,0.0,2.3,1.4,3.0,3.9,0.28624858950000004
2026-01-03 13:53:53,63b3c9bfbfd3d90017e9b039,0.0,0.0,0.0,0.0,2.3,1.4,3.0,3.9,0.28624858950000004
2026-01-03 13:53:53,5deb576d1dc17d7c5515acf4,0.0,0.0,0.0,0.0,2.3,1.4,3.0,3.9,0.3
2026-01-03 13:53:53,6922944044912200174bc883,0.0,0.0,0.0,0.0,2.3,1.4,3.0,3.9,0.28624858950000004
2026-01-03 13:53:53,58af99abbd82540010390c39,0.0,0.0,0.0,0.0,2.3,1.4,3.0,3.9,0.28624858950000004
2026-01-03 13:53:53,68a5894a4e89b100173b6202,0.0,0.0,0.0,0.0,2.3,1.4,3.0,3.9,0.28624858950000004
2026-01-03 13:53:53,6623ecc16f998a001b25269e,0.0,0.0,0.0,0.0,2.3,1.4,3.0,3.9,0.28624858950000004
2026-01-03 13:53:53,6623e3ea6f998a001b2522ae,0.0,0.0,0.0,0.0,2.3,1.4,3.0,3.9,0.28624858950000004
2026-01-03 13:53:53,662b7d0c1afb9c00172dc6a6,0.0,0.0,0.0,0.0,2.3,1.4,3.0,3.9,0.28624858950000004
2026-01-03 13:53:53,662b54bb1afb9c00172d8dbb,0.0,0.0,0.0,0.0,2.3,1.4,3.0,3.9,0.28624858950000004
2026-01-03 13:53:53,662b58bd1afb9c00172d9119,0.0,0.0,0.0,0.0,2.3,1.4,3.0,3.9,0.28624858950000004
2026-01-03 13:53:53,595f86c43dcfc400106f28ea,0.0,0.0,0.0,0.0,2.3,1.4,3.0,3.9,0.28624858950000004
2026-01-03 13:53:53,59ca321b02eb490011a0a40d,0.0,0.0,0.0,0.0,2.3,1.4,3.0,3.9,0.28624858950000004
2026-01-03 13:53:53,5a82439f5058170011f6eaa9,0.0,0.0,0.0,0.0,2.3,1.4,3.0,3.9,0.28624858950000004
2026-01-03 13:53:53,6623e5d66f998a001b25235a,0.0,0.0,0.0,0.0,2.3,1.4,3.0,3.9,0.28624858950000004
2026-01-03 13:53:53,58d7c20ac1e33c00112b321c,0.0,0.0,0.0,0.0,2.3,1.4,3.0,3.9,0.28624858950000004
2026-01-03 13:53:53,589d0b74b3bf7600110283d4,0.0,0.0,0.0,0.0,2.3,1.4,3.0,3.9,0.28624858950000004
2026-01-03 13:53:53,56df807bc062921100c143da,0.0,0.0,0.0,0.0,2.3,1.4,3.0,3.9,0.28624858950000004
2026-01-03 13:53:53,662b82a61afb9c00172dcdfd,0.0,0.0,0.0,0.0,2.3,1.4,3.0,3.9,0.28624858950000004
2026-01-03 13:53:53,586e266ef9fab7001111b0b0,0.0,0.0,0.0,0.0,2.3,1.4,3.0,3.9,0.28624858950000004
2026-01-03 13:53:53,63ae7a74bfd3d90017e8f2c7,0.0,0.0,0.0,0.0,2.3,1.4,3.0,3.9,0.28624858950000004
2026-01-03 13:53:53,59d3414302eb490011a0a610,0.0,0.0,0.0,0.0,2.3,1.4,3.0,3.9,0.28624858950000004
2026-01-03 13:53:53,6623e9e96f998a001b2525ce,0.0,0.0,0.0,0.0,2.3,1.4,3.0,3.9,0.28624858950000004
2026-01-03 13:53:53,63ae7a9cbfd3d90017e8f303,0.0,0.0,0.0,0.0,2.3,1.4,3.0,3.9,0.28624858950000004
2026-01-03 13:53:53,5a6085188576340017d06682,0.0,0.0,0.0,0.0,2.3,1.4,3.0,3.9,0.3
2026-01-03 13:53:53,56de42f611f398ec0c481286,0.0,0.0,0.0,0.0,2.3,1.4,3.0,3.9,0.28624858950000004
2026-01-03 13:53:53,6623f14b6f998a001b2527f0,0.0,0.0,0.0,0.0,2.3,1.4,3.0,3.9,0.28624858950000004
2026-01-03 13:53:53,662b4f411afb9c00172d86fc,0.0,0.0,0.0,0.0,2.3,1.4,3.0,3.9,0.28624858950000004
2026-01-03 13:53:53,6792f9c88c5ed4001b27fb3d,0.0,0.0,0.0,0.0,2.3,1.4,3.0,3.9,0.28624858950000004
2026-01-03 13:53:53,662b843d1afb9c00172dd02d,0.0,0.0,0.0,0.0,2.3,1.4,3.0,3.9,0.28624858950000004
2026-01-03 13:53:53,595d9b3b3dcfc400106f287e,0.0,0.0,0.0,0.0,2.3,1.4,3.0,3.9,0.28624858950000004
2026-01-03 13:53:53,5deb576d1dc17d7c5515ad0b,0.0,0.0,0.0,0.0,2.3,1.4,3.0,3.9,0.28624858950000004
2026-01-03 13:53:53,5a6087858576340017d0668e,0.0,0.0,0.0,0.0,2.3,1.4,3.0,3.9,0.28624858950000004
2026-01-03 13:53:53,662b4e581afb9c00172d862f,0.0,0.0,0.0,0.0,2.3,1.4,3.0,3.9,0.28624858950000004
2026-01-03 13:53:53,587464e2b807da0011e33cd9,0.0,0.0,0.0,0.0,2.3,1.4,3.0,3.9,0.28624858950000004
2026-01-03 13:53:53,58afdbaebd82540010390c48,0.0,0.0,0.0,0.0,2.3,1.4,3.0,3.9,0.28624858950000004
2026-01-03 13:53:53,63b54c51bfd3d90017ea7aa0,0.0,0.0,0.0,0.0,2.3,1.4,3.0,3.9,0.28624858950000004
2026-01-03 13:53:53,58ad6214bd82540010390be2,0.0,0.0,0.0,0.0,2.3,1.4,3.0,3.9,0.28624858950000004
2026-01-03 13:53:53,5deb576d1dc17d7c5515ad09,0.0,0.0,0.0,0.0,2.3,1.4,3.0,3.9,0.28624858950000004
2026-01-03 13:53:53,58af8a0bbd82540010390c25,0.0,0.0,0.0,0.0,2.3,1.4,3.0,3.9,0.28624858950000004
2026-01-03 13:53:53,5b0b74280e517b00119fd7f9,0.0,0.0,0.0,0.0,2.3,1.4,3.0,3.9,0.3
2026-01-03 13:53:53,587ef859b807da0011e33d5b,0.0,0.0,0.0,0.0,2.3,1.4,3.0,3.9,0.28624858950000004
2026-01-03 13:53:53,58744e97b807da0011e33cb9,0.0,0.0,0.0,0.0,2.3,1.4,3.0,3.9,0.28624858950000004
2026-01-03 13:53:53,692293c644912200174bc83b,0.0,0.0,0.0,0.0,2.3,1.4,3.0,3.9,0.28624858950000004
2026-01-03 13:53:53,63b54a48bfd3d90017ea7850,0.0,0.0,0.0,0.0,2.3,1.4,3.0,3.9,0.28624858950000004
2026-01-03 13:53:53,58c2717ed56e930010a39ac0,0.0,0.0,0.0,0.0,2.3,1.4,3.0,3.9,0.28624858950000004
2026-01-03 13:53:53,58afcd9bbd82540010390c41,0.0,0.0,0.0,0.0,2.3,1.4,3.0,3.9,0.28624858950000004
2026-01-03 13:53:53,63b54a9ebfd3d90017ea7911,0.0,0.0,0.0,0.0,2.3,1.4,3.0,3.9,0.28624858950000004
2026-01-03 13:53:53,5bbc7163ca0577001164127f,0.0,0.0,0.0,0.0,2.3,1.4,3.0,3.9,0.28624858950000004
2026-01-03 13:53:53,6623f3d66f998a001b252890,0.0,0.0,0.0,0.0,2.3,1.4,3.0,3.9,0.28624858950000004
2026-01-03 13:53:53,5b6005b6fd4edb0019c7db25,0.0,0.0,0.0,0.0,2.3,1.4,3.0,3.9,0.28624858950000004
2026-01-03 13:53:53,662a902a1afb9c00172d2bed,0.0,0.0,0.0,0.0,2.3,1.4,3.0,3.9,0.28624858950000004
2026-01-03 13:53:53,662b85481afb9c00172dd0f1,0.0,0.0,0.0,0.0,2.3,1.4,3.0,3.9,0.28624858950000004
2026-01-03 13:53:53,6623ef2b6f998a001b252753,0.0,0.0,0.0,0.0,2.3,1.4,3.0,3.9,0.28624858950000004
2026-01-03 13:53:53,66b1c4e7779f7400186741e4,0.0,0.0,0.0,0.0,2.3,1.4,3.0,3.9,0.28624858950000004
2026-01-03 13:53:53,56de42f611f398ec0c48129c,0.0,0.0,0.0,0.0,2.3,1.4,3.0,3.9,0.28624858950000004
2026-01-03 13:53:53,587c8661b807da0011e33d43,0.0,0.0,0.0,0.0,2.3,1.4,3.0,3.9,0.293115
2026-01-03 13:53:53,5b632a79fd4edb0019c7dc0f,0.0,0.0,0.0,0.0,2.3,1.4,3.0,3.9,0.3
2026-01-03 13:53:53,662a87a41afb9c00172d24e9,0.0,0.0,0.0,0.0,2.3,1.4,3.0,3.9,0.28624858950000004
2026-01-03 13:53:53,595dd4133dcfc400106f28a9,0.0,0.0,0.0,0.0,2.3,1.4,3.0,3.9,0.28624858950000004
2026-01-03 13:53:53,662b5b8c1afb9c00172d92ca,0.0,0.0,0.0,0.0,2.3,1.4,3.0,3.9,0.28624858950000004
2026-01-03 13:53:53,5d8cd7bb766c880017188952,0.0,0.0,0.0,0.0,2.3,1.4,3.0,3.9,0.3
2026-01-03 13:53:53,56df857fc062921100c143e7,0.0,0.0,0.0,0.0,2.3,1.4,3.0,3.9,0.3
2026-01-03 13:53:53,63ae75debfd3d90017e8f082,0.0,0.0,0.0,0.0,2.3,1.4,3.0,3.9,0.28624858950000004
2026-01-03 13:53:53,6623eb466f998a001b252632,0.0,0.0,0.0,0.0,2.3,1.4,3.0,3.9,0.28624858950000004
2026-01-03 13:53:53,5a824dc05058170011f6eab2,0.0,0.0,0.0,0.0,2.3,1.4,3.0,3.9,0.28624858950000004
2026-01-03 13:53:53,5d8cd49f766c880017188944,0.0,0.0,0.0,0.0,2.3,1.4,3.0,3.9,0.3
2026-01-03 13:53:53,5a606c078576340017d06624,0.0,0.0,0.0,0.0,2.3,1.4,3.0,3.9,0.28624858950000004
2026-01-03 13:53:53,5deb576d1dc17d7c5515acf3,0.0,0.0,0.0,0.0,2.3,1.4,3.0,3.9,0.28624858950000004
2026-01-03 13:53:53,5a8254b05058170011f6eac3,0.0,0.0,0.0,0.0,2.3,1.4,3.0,3.9,0.28624858950000004
2026-01-03 13:53:53,662b50c11afb9c00172d8843,0.0,0.0,0.0,0.0,2.3,1.4,3.0,3.9,0.28624858950000004
2026-01-03 13:53:53,6623f51a6f998a001b252900,0.0,0.0,0.0,0.0,2.3,1.4,3.0,3.9,0.28624858950000004
2026-01-03 13:53:53,5deb576d1dc17d7c5515ad1b,0.0,0.0,0.0,0.0,2.3,1.4,3.0,3.9,0.3
2026-01-03 13:53:53,58744e3eb807da0011e33cb7,0.0,0.0,0.0,0.0,2.3,1.4,3.0,3.9,0.28624858950000004
2026-01-03 13:53:53,58744dd9b807da0011e33cb5,0.0,0.0,0.0,0.0,2.3,1.4,3.0,3.9,0.28624858950000004
2026-01-03 13:53:53,56df8416c062921100c143e4,0.0,0.0,0.0,0.0,2.3,1.4,3.0,3.9,0.3
2026-01-03 13:53:53,681883b46dfb4b0018f8ef39,0.0,0.0,0.0,0.0,2.3,1.4,3.0,3.9,0.28624858950000004
2026-01-03 13:53:53,58af8b69bd82540010390c28,0.0,0.0,0.0,0.0,2.3,1.4,3.0,3.9,0.28624858950000004
2026-01-03 13:53:53,6623e3a26f998a001b252291,0.0,0.0,0.0,0.0,2.3,1.4,3.0,3.9,0.28624858950000004
2026-01-03 13:53:53,589b3ceeb3bf7600110283c3,0.0,0.0,0.0,0.0,2.3,1.4,3.0,3.9,0.28624858950000004
2026-01-03 13:53:53,595dcab53dcfc400106f289d,0.0,0.0,0.0,0.0,2.3,1.4,3.0,3.9,0.28624858950000004
2026-01-03 13:53:53,662a89211afb9c00172d2636,0.0,0.0,0.0,0.0,2.3,1.4,3.0,3.9,0.28624858950000004
2026-01-03 13:53:53,5deb576d1dc17d7c5515ad05,0.0,0.0,0.0,0.0,2.3,1.4,3.0,3.9,0.28624858950000004
2026-01-03 13:53:53,595dd4f43dcfc400106f28ab,0.0,0.0,0.0,0.0,2.3,1.4,3.0,3.9,0.28624858950000004
2026-01-03 13:53:53,6792ef4f8c5ed4001b27f2c0,0.0,0.0,0.0,0.0,2.3,1.4,3.0,3.9,0.28624858950000004
2026-01-03 13:53:53,662b84771afb9c00172dd076,0.0,0.0,0.0,0.0,2.3,1.4,3.0,3.9,0.28624858950000004
2026-01-03 13:53:53,6623f0b46f998a001b2527c3,0.0,0.0,0.0,0.0,2.3,1.4,3.0,3.9,0.28624858950000004
2026-01-03 13:53:53,6922928544912200174bc755,0.0,0.0,0.0,0.0,2.3,1.4,3.0,3.9,0.28624858950000004
2026-01-03 13:53:53,665861d864f11e00173c73a9,0.0,0.0,0.0,0.0,2.3,1.4,3.0,3.9,0.28624858950000004
2026-01-03 13:53:53,5a607f078576340017d0666f,0.0,0.0,0.0,0.0,2.3,1.4,3.0,3.9,0.28624858950000004
2026-01-03 13:53:53,68ede112230ee50017d046a6,0.0,0.0,0.0,0.0,2.3,1.4,3.0,3.9,0.28624858950000004
2026-01-03 13:53:53,5a824ee15058170011f6eab6,0.0,0.0,0.0,0.0,2.3,1.4,3.0,3.9,0.28624858950000004
2026-01-03 13:53:53,6623ed396f998a001b2526b8,0.0,0.0,0.0,0.0,2.3,1.4,3.0,3.9,0.28624858950000004
2026-01-03 13:53:53,5b632b60fd4edb0019c7dc12,0.0,0.0,0.0,0.0,2.3,1.4,3.0,3.9,0.3
2026-01-03 13:53:53,587c8d97b807da0011e33d49,0.0,0.0,0.0,0.0,2.3,1.4,3.0,3.9,0.28624858950000004
2026-01-03 13:53:53,59414c883dcfc400106f260b,0.0,0.0,0.0,0.0,2.3,1.4,3.0,3.9,0.28624858950000004
2026-01-03 13:53:53,56df82d4c062921100c143e0,0.0,0.0,0.0,0.0,2.3,1.4,3.0,3.9,0.28624858950000004
2026-01-03 13:53:53,6792f1008c5ed4001b27f41f,0.0,0.0,0.0,0.0,2.3,1.4,3.0,3.9,0.28624858950000004
2026-01-03 13:53:53,58affc6017139d0010f35cc8,0.0,0.0,0.0,0.0,2.3,1.4,3.0,3.9,0.28624858950000004
2026-01-03 13:53:53,587463bab807da0011e33cd3,0.0,0.0,0.0,0.0,2.3,1.4,3.0,3.9,0.28624858950000004
2026-01-03 13:53:53,5deb576d1dc17d7c5515ad1c,0.0,0.0,0.0,0.0,2.3,1.4,3.0,3.9,0.28624858950000004
2026-01-03 13:53:53,56de42f611f398ec0c481287,0.0,0.0,0.0,0.0,2.3,1.4,3.0,3.9,0.28624858950000004
2026-01-03 13:53:53,662b5c981afb9c00172d94c0,0.0,0.0,0.0,0.0,2.3,1.4,3.0,3.9,0.28624858950000004
2026-01-03 13:53:53,662a861e1afb9c00172d23ad,0.0,0.0,0.0,0.0,2.3,1.4,3.0,3.9,0.28624858950000004
2026-01-03 13:53:53,662b5a9c1afb9c00172d9240,0.0,0.0,0.0,0.0,2.3,1.4,3.0,3.9,0.28624858950000004
2026-01-03 13:53:53,662a88a01afb9c00172d25d1,0.0,0.0,0.0,0.0,2.3,1.4,3.0,3.9,0.28624858950000004
2026-01-03 13:53:53,68a587fc4e89b100173b6054,0.0,0.0,0.0,0.0,2.3,1.4,3.0,3.9,0.28624858950000004
2026-01-03 13:53:53,662b4e201afb9c00172d85f9,0.0,0.0,0.0,0.0,2.3,1.4,3.0,3.9,0.28624858950000004
2026-01-03 13:53:53,5d8cdb4b766c880017188966,0.0,0.0,0.0,0.0,2.3,1.4,3.0,3.9,0.28624858950000004
2026-01-03 13:53:53,58b57a6c17139d0010f35d65,0.0,0.0,0.0,0.0,2.3,1.4,3.0,3.9,0.3
2026-01-03 13:53:53,62da3e390637a10017d706ff,0.0,0.0,0.0,0.0,2.3,1.4,3.0,3.9,0.28624858950000004
2026-01-03 13:53:53,5deb576d1dc17d7c5515ad10,0.0,0.0,0.0,0.0,2.3,1.4,3.0,3.9,0.28624858950000004
2026-01-03 13:53:53,66b1c4a2779f74001867418c,0.0,0.0,0.0,0.0,2.3,1.4,3.0,3.9,0.28624858950000004
2026-01-03 13:53:53,631813ebc9eae60017a196b0,0.0,0.0,0.0,0.0,2.3,1.4,3.0,3.9,0.28624858950000004
2026-01-03 13:53:53,68188cfa6dfb4b0018f9013c,0.0,0.0,0.0,0.0,2.3,1.4,3.0,3.9,0.28624858950000004
2026-01-03 13:53:53,587475abb807da0011e33cea,0.0,0.0,0.0,0.0,2.3,1.4,3.0,3.9,0.28624858950000004
2026-01-03 13:53:53,5deb576d1dc17d7c5515ad0e,0.0,0.0,0.0,0.0,2.3,1.4,3.0,3.9,0.28624858950000004
2026-01-03 13:53:53,68ede227230ee50017d0480b,0.0,0.0,0.0,0.0,2.3,1.4,3.0,3.9,0.28624858950000004
2026-01-03 13:53:53,5deb576d1dc17d7c5515ad11,0.0,0.0,0.0,0.0,2.3,1.4,3.0,3.9,0.28624858950000004
2026-01-03 13:53:53,68ede25b230ee50017d0484d,0.0,0.0,0.0,0.0,2.3,1.4,3.0,3.9,0.28624858950000004
2026-01-03 13:53:53,587478d8b807da0011e33cf3,0.0,0.0,0.0,0.0,2.3,1.4,3.0,3.9,0.28624858950000004
2026-01-03 13:53:53,5deb576d1dc17d7c5515acf8,0.0,0.0,0.0,0.0,2.3,1.4,3.0,3.9,0.28624858950000004
2026-01-03 13:53:53,591c6833a6bfb500119400a3,0.0,0.0,0.0,0.0,2.3,1.4,3.0,3.9,0.28624858950000004
2026-01-03 13:53:53,63ae7938bfd3d90017e8f226,0.0,0.0,0.0,0.0,2.3,1.4,3.0,3.9,0.28624858950000004
2026-01-03 13:53:53,63b664edbfd3d90017eaaa24,0.0,0.0,0.0,0.0,2.3,1.4,3.0,3.9,0.28624858950000004
2026-01-03 13:53:53,56df83d8c062921100c143e3,0.0,0.0,0.0,0.0,2.3,1.4,3.0,3.9,0.28624858950000004
2026-01-03 13:53:53,6623e5776f998a001b252337,0.0,0.0,0.0,0.0,2.3,1.4,3.0,3.9,0.28624858950000004
2026-01-03 13:53:53,59ca308302eb490011a0a403,0.0,0.0,0.0,0.0,2.3,1.4,3.0,3.9,0.28624858950000004
2026-01-03 13:53:53,5deb576d1dc17d7c5515acfd,0.0,0.0,0.0,0.0,2.3,1.4,3.0,3.9,0.28624858950000004
2026-01-03 13:53:53,56df8159c062921100c143dc,0.0,0.0,0.0,0.0,2.3,1.4,3.0,3.9,0.28624858950000004
2026-01-03 13:53:53,587ef2e4b807da0011e33d57,0.0,0.0,0.0,0.0,2.3,1.4,3.0,3.9,0.28624858950000004
2026-01-03 13:53:53,589b3f7db3bf7600110283c6,0.0,0.0,0.0,0.0,2.3,1.4,3.0,3.9,0.28624858950000004
2026-01-03 13:53:53,68188c876dfb4b0018f9007b,0.0,0.0,0.0,0.0,2.3,1.4,3.0,3.9,0.28624858950000004
2026-01-03 13:53:53,6623e6706f998a001b25239b,0.0,0.0,0.0,0.0,2.3,1.4,3.0,3.9,0.28624858950000004
2026-01-03 13:53:53,662b86551afb9c00172dd227,0.0,0.0,0.0,0.0,2.3,1.4,3.0,3.9,0.28624858950000004
2026-01-03 13:53:53,662a88521afb9c00172d2592,0.0,0.0,0.0,0.0,2.3,1.4,3.0,3.9,0.28624858950000004
2026-01-03 13:53:53,649da77ea6068200171a6dd4,0.0,0.0,0.0,0.0,2.3,1.4,3.0,3.9,0.28624858950000004
2026-01-03 13:53:53,63b3c59fbfd3d90017e9ace8,0.0,0.0,0.0,0.0,2.3,1.4,3.0,3.9,0.28624858950000004
2026-01-03 13:53:53,58b5510817139d0010f35d4e,0.0,0.0,0.0,0.0,2.3,1.4,3.0,3.9,0.28624858950000004
2026-01-03 13:53:53,5a824c905058170011f6eab0,0.0,0.0,0.0,0.0,2.3,1.4,3.0,3.9,0.28624858950000004
2026-01-03 13:53:53,5deb576d1dc17d7c5515ad16,0.0,0.0,0.0,0.0,2.3,1.4,3.0,3.9,0.28624858950000004
2026-01-03 13:53:53,63ae7c73bfd3d90017e8f3ed,0.0,0.0,0.0,0.0,2.3,1.4,3.0,3.9,0.28624858950000004
2026-01-03 13:53:53,586e1d4ef9fab7001111b0a2,0.0,0.0,0.0,0.0,2.3,1.4,3.0,3.9,0.28624858950000004
2026-01-03 13:53:53,63195512c9eae60017a1c279,0.0,0.0,0.0,0.0,2.3,1.4,3.0,3.9,0.28624858950000004
2026-01-03 13:53:53,59ca2ecb02eb490011a0a3f6,0.0,0.0,0.0,0.0,2.3,1.4,3.0,3.9,0.3
2026-01-03 13:53:53,5d8cdc9d766c880017188970,0.0,0.0,0.0,0.0,2.3,1.4,3.0,3.9,0.28624858950000004
2026-01-03 13:53:53,6792f1b78c5ed4001b27f4a9,0.0,0.0,0.0,0.0,2.3,1.4,3.0,3.9,0.28624858950000004
2026-01-03 13:53:53,58d8ec0adc195800111e042b,0.0,0.0,0.0,0.0,2.3,1.4,3.0,3.9,0.28624858950000004
2026-01-03 13:53:53,5a8254f25058170011f6eac5,0.0,0.0,0.0,0.0,2.3,1.4,3.0,3.9,0.28624858950000004
2026-01-03 13:53:53,63ae7c53bfd3d90017e8f3d8,0.0,0.0,0.0,0.0,2.3,1.4,3.0,3.9,0.28624858950000004
2026-01-03 13:53:53,5deb576d1dc17d7c5515ad20,0.0,0.0,0.0,0.0,2.3,1.4,3.0,3.9,0.28624858950000004
2026-01-03 13:53:53,5874796db807da0011e33cf7,0.0,0.0,0.0,0.0,2.3,1.4,3.0,3.9,0.28624858950000004
2026-01-03 13:53:53,5deb576d1dc17d7c5515acfa,0.0,0.0,0.0,0.0,2.3,1.4,3.0,3.9,0.28624858950000004
2026-01-03 13:53:53,58746536b807da0011e33cdc,0.0,0.0,0.0,0.0,2.3,1.4,3.0,3.9,0.28624858950000004
2026-01-03 13:53:53,5a8251575058170011f6eabc,0.0,0.0,0.0,0.0,2.3,1.4,3.0,3.9,0.3
2026-01-03 13:53:53,662b59291afb9c00172d912b,0.0,0.0,0.0,0.0,2.3,1.4,3.0,3.9,0.28624858950000004
2026-01-03 13:53:53,5a6060a88576340017d0660d,0.0,0.0,0.0,0.0,2.3,1.4,3.0,3.9,0.28624858950000004
2026-01-03 13:53:53,63b65f33bfd3d90017eaa405,0.0,0.0,0.0,0.0,2.3,1.4,3.0,3.9,0.28624858950000004
2026-01-03 13:53:53,5deb576d1dc17d7c5515ad1e,0.0,0.0,0.0,0.0,2.3,1.4,3.0,3.9,0.28624858950000004
2026-01-03 13:53:53,5a6061868576340017d06611,0.0,0.0,0.0,0.0,2.3,1.4,3.0,3.9,0.28624858950000004
2026-01-03 13:53:53,589b3705b3bf7600110283bd,0.0,0.0,0.0,0.0,2.3,1.4,3.0,3.9,0.28624858950000004
2026-01-03 13:53:53,63ae7759bfd3d90017e8f162,0.0,0.0,0.0,0.0,2.3,1.4,3.0,3.9,0.28624858950000004
2026-01-03 13:53:53,63ae7709bfd3d90017e8f135,0.0,0.0,0.0,0.0,2.3,1.4,3.0,3.9,0.28624858950000004
2026-01-03 13:53:53,662b55111afb9c00172d8e2e,0.0,0.0,0.0,0.0,2.3,1.4,3.0,3.9,0.28624858950000004
2026-01-03 13:53:53,649da419a6068200171a6c90,0.0,0.0,0.0,0.0,2.3,1.4,3.0,3.9,0.28624858950000004
2026-01-03 13:53:53,58afccadbd82540010390c3f,0.0,0.0,0.0,0.0,2.3,1.4,3.0,3.9,0.28624858950000004
2026-01-03 13:53:53,662b82761afb9c00172dcda3,0.0,0.0,0.0,0.0,2.3,1.4,3.0,3.9,0.28624858950000004
2026-01-03 13:53:53,5deb576d1dc17d7c5515acf7,0.0,0.0,0.0,0.0,2.3,1.4,3.0,3.9,0.28624858950000004
2026-01-03 13:53:53,5d9ddd49766c880017188c94,0.0,0.0,0.0,0.0,2.3,1.4,3.0,3.9,0.28624858950000004
2026-01-03 13:53:53,5d8cd767766c880017188950,0.0,0.0,0.0,0.0,2.3,1.4,3.0,3.9,0.28624858950000004
2026-01-03 13:53:53,6922931044912200174bc7cf,0.0,0.0,0.0,0.0,2.3,1.4,3.0,3.9,0.28624858950000004
2026-01-03 13:53:53,6792f16e8c5ed4001b27f482,0.0,0.0,0.0,0.0,2.3,1.4,3.0,3.9,0.28624858950000004
2026-01-03 13:53:53,595f8d813dcfc400106f28f2,0.0,0.0,0.0,0.0,2.3,1.4,3.0,3.9,0.28624858950000004
2026-01-03 13:53:53,5874656eb807da0011e33cde,0.0,0.0,0.0,0.0,2.3,1.4,3.0,3.9,0.28624858950000004
2026-01-03 13:53:53,6623e3566f998a001b25226d,0.0,0.0,0.0,0.0,2.3,1.4,3.0,3.9,0.28624858950000004
2026-01-03 13:53:53,5abbb6d698d8fc001102dfc8,0.0,0.0,0.0,0.0,2.3,1.4,3.0,3.9,0.293115
2026-01-03 13:53:53,5d8cdd26766c880017188974,0.0,0.0,0.0,0.0,2.3,1.4,3.0,3.9,0.3
2026-01-03 13:53:53,5deb576d1dc17d7c5515ad03,0.0,0.0,0.0,0.0,2.3,1.4,3.0,3.9,0.28624858950000004
2026-01-03 13:53:53,63ae777cbfd3d90017e8f177,0.0,0.0,0.0,0.0,2.3,1.4,3.0,3.9,0.28624858950000004
2026-01-03 13:53:53,631828cac9eae60017a19f50,0.0,0.0,0.0,0.0,2.3,1.4,3.0,3.9,0.28624858950000004
2026-01-03 13:53:53,63b3c2fbbfd3d90017e9abbf,0.0,0.0,0.0,0.0,2.3,1.4,3.0,3.9,0.28624858950000004
2026-01-03 13:53:53,58d7c2e6c1e33c00112b321e,0.0,0.0,0.0,0.0,2.3,1.4,3.0,3.9,0.28624858950000004
2026-01-03 13:53:53,63b54ad1bfd3d90017ea7974,0.0,0.0,0.0,0.0,2.3,1.4,3.0,3.9,0.28624858950000004
2026-01-03 13:53:53,662b5b481afb9c00172d92a8,0.0,0.0,0.0,0.0,2.3,1.4,3.0,3.9,0.28624858950000004
2026-01-03 13:53:53,681885376dfb4b0018f8f0f2,0.0,0.0,0.0,0.0,2.3,1.4,3.0,3.9,0.28624858950000004
2026-01-03 13:53:53,56de42f611f398ec0c48129e,0.0,0.0,0.0,0.0,2.3,1.4,3.0,3.9,0.28624858950000004
2026-01-03 13:53:53,5d9dddb9766c880017188c96,0.0,0.0,0.0,0.0,2.3,1.4,3.0,3.9,0.28624858950000004
2026-01-03 13:53:53,5d8cd372766c880017188940,0.0,0.0,0.0,0.0,2.3,1.4,3.0,3.9,0.3
2026-01-03 13:53:53,5a60839c8576340017d0667c,0.0,0.0,0.0,0.0,2.3,1.4,3.0,3.9,0.28624858950000004
2026-01-03 13:53:53,68188c236dfb4b0018f8ff8f,0.0,0.0,0.0,0.0,2.3,1.4,3.0,3.9,0.28624858950000004
2026-01-03 13:53:53,63b65f64bfd3d90017eaa41f,0.0,0.0,0.0,0.0,2.3,1.4,3.0,3.9,0.28624858950000004
2026-01-03 13:53:53,58746371b807da0011e33cd1,0.0,0.0,0.0,0.0,2.3,1.4,3.0,3.9,0.3
2026-01-03 13:53:53,63bd1e95bfd3d90017ec3cd5,0.0,0.0,0.0,0.0,2.3,1.4,3.0,3.9,0.28624858950000004
2026-01-03 13:53:53,63ae7cd3bfd3d90017e8f408,0.0,0.0,0.0,0.0,2.3,1.4,3.0,3.9,0.28624858950000004
2026-01-03 13:53:53,5d8cd70e766c88001718894e,0.0,0.0,0.0,0.0,2.3,1.4,3.0,3.9,0.28624858950000004
2026-01-03 13:53:53,58b555ac17139d0010f35d59,0.0,0.0,0.0,0.0,2.3,1.4,3.0,3.9,0.28624858950000004
2026-01-03 13:53:53,595ddc123dcfc400106f28ba,0.0,0.0,0.0,0.0,2.3,1.4,3.0,3.9,0.28624858950000004
2026-01-03 13:53:53,63b55020bfd3d90017ea7cb7,0.0,0.0,0.0,0.0,2.3,1.4,3.0,3.9,0.28624858950000004
2026-01-03 13:53:53,68ede746230ee50017d04dcc,0.0,0.0,0.0,0.0,2.3,1.4,3.0,3.9,0.28624858950000004
2026-01-03 13:53:53,5b19d2f9af4ff60011d6ea4f,0.0,0.0,0.0,0.0,2.3,1.4,3.0,3.9,0.3
2026-01-03 13:53:53,662b4d781afb9c00172d8571,0.0,0.0,0.0,0.0,2.3,1.4,3.0,3.9,0.28624858950000004
2026-01-03 13:53:53,5a606a958576340017d06621,0.0,0.0,0.0,0.0,2.3,1.4,3.0,3.9,0.28624858950000004
2026-01-03 13:53:53,662a8c381afb9c00172d28b6,0.0,0.0,0.0,0.0,2.3,1.4,3.0,3.9,0.28624858950000004
2026-01-03 13:53:53,63b6617ebfd3d90017eaa50b,0.0,0.0,0.0,0.0,2.3,1.4,3.0,3.9,0.28624858950000004
2026-01-03 13:53:53,595f91653dcfc400106f28f6,0.0,0.0,0.0,0.0,2.3,1.4,3.0,3.9,0.3
2026-01-03 13:53:53,56de42f611f398ec0c481292,0.0,0.0,0.0,0.0,2.3,1.4,3.0,3.9,0.28624858950000004
2026-01-03 13:53:53,681888066dfb4b0018f8f4c2,0.0,0.0,0.0,0.0,2.3,1.4,3.0,3.9,0.28624858950000004
2026-01-03 13:53:53,5deb576d1dc17d7c5515acff,0.0,0.0,0.0,0.0,2.3,1.4,3.0,3.9,0.28624858950000004
2026-01-03 13:53:53,662b58791afb9c00172d9107,0.0,0.0,0.0,0.0,2.3,1.4,3.0,3.9,0.28624858950000004
2026-01-03 13:53:53,662b811d1afb9c00172dcc1d,0.0,0.0,0.0,0.0,2.3,1.4,3.0,3.9,0.28624858950000004
2026-01-03 13:53:53,662a8eb41afb9c00172d2aba,0.0,0.0,0.0,0.0,2.3,1.4,3.0,3.9,0.28624858950000004
2026-01-03 13:53:53,63b548ecbfd3d90017ea77d2,0.0,0.0,0.0,0.0,2.3,1.4,3.0,3.9,0.28624858950000004
2026-01-03 13:53:53,5deb576d1dc17d7c5515acfb,0.0,0.0,0.0,0.0,2.3,1.4,3.0,3.9,0.28624858950000004
2026-01-03 13:53:53,56de42f611f398ec0c48127d,0.0,0.0,0.0,0.0,2.3,1.4,3.0,3.9,0.28624858950000004
2026-01-03 13:53:53,56de42f611f398ec0c48128d,0.0,0.0,0.0,0.0,2.3,1.4,3.0,3.9,0.28624858950000004
2026-01-03 13:53:53,6792f03d8c5ed4001b27f378,0.0,0.0,0.0,0.0,2.3,1.4,3.0,3.9,0.28624858950000004
2026-01-03 13:53:53,68ede490230ee50017d04ae5,0.0,0.0,0.0,0.0,2.3,1.4,3.0,3.9,0.28624858950000004
2026-01-03 13:53:53,6623e7076f998a001b2523ea,0.0,0.0,0.0,0.0,2.3,1.4,3.0,3.9,0.28624858950000004
2026-01-03 13:53:53,59ca2cac02eb490011a0a3e9,0.0,0.0,0.0,0.0,2.3,1.4,3.0,3.9,0.28624858950000004
2026-01-03 13:53:53,586e25e1f9fab7001111b0ae,0.0,0.0,0.0,0.0,2.3,1.4,3.0,3.9,0.28624858950000004
2026-01-03 13:53:53,681889ec6dfb4b0018f8f6cb,0.0,0.0,0.0,0.0,2.3,1.4,3.0,3.9,0.28624858950000004
2026-01-03 13:53:53,5d9dde8e766c880017188c9a,0.0,0.0,0.0,0.0,2.3,1.4,3.0,3.9,0.3
2026-01-03 13:53:53,5d9ddf0f766c880017188c9e,0.0,0.0,0.0,0.0,2.3,1.4,3.0,3.9,0.28624858950000004
2026-01-03 13:53:53,681883866dfb4b0018f8eef6,0.0,0.0,0.0,0.0,2.3,1.4,3.0,3.9,0.28624858950000004
2026-01-03 13:53:53,63ae76ddbfd3d90017e8f11b,0.0,0.0,0.0,0.0,2.3,1.4,3.0,3.9,0.28624858950000004
2026-01-03 13:53:53,5deb576d1dc17d7c5515ad14,0.0,0.0,0.0,0.0,2.3,1.4,3.0,3.9,0.28624858950000004
2026-01-03 13:53:53,63b66035bfd3d90017eaa48e,0.0,0.0,0.0,0.0,2.3,1.4,3.0,3.9,0.28624858950000004
2026-01-03 13:53:53,585b284ac3f96200127dc500,0.0,0.0,0.0,0.0,2.3,1.4,3.0,3.9,0.28624858950000004
2026-01-03 13:53:53,56de42f611f398ec0c481295,0.0,0.0,0.0,0.0,2.3,1.4,3.0,3.9,0.28624858950000004
2026-01-03 13:53:53,5deb576d1dc17d7c5515ad04,0.0,0.0,0.0,0.0,2.3,1.4,3.0,3.9,0.28624858950000004
2026-01-03 13:53:53,5a8278f35058170011f6eaed,0.0,0.0,0.0,0.0,2.3,1.4,3.0,3.9,0.28624858950000004
2026-01-03 13:53:53,662b830e1afb9c00172dcf50,0.0,0.0,0.0,0.0,2.3,1.4,3.0,3.9,0.28624858950000004
2026-01-03 13:53:53,5a6084208576340017d0667e,0.0,0.0,0.0,0.0,2.3,1.4,3.0,3.9,0.3
2026-01-03 13:53:53,5a825ab55058170011f6ead2,0.0,0.0,0.0,0.0,2.3,1.4,3.0,3.9,0.3
2026-01-03 13:53:53,586e20a0f9fab7001111b0a7,0.0,0.0,0.0,0.0,2.3,1.4,3.0,3.9,0.3
2026-01-03 13:53:53,6623edd26f998a001b2526f7,0.0,0.0,0.0,0.0,2.3,1.4,3.0,3.9,0.28624858950000004
2026-01-03 13:53:53,5a8255a55058170011f6eac7,0.0,0.0,0.0,0.0,2.3,1.4,3.0,3.9,0.28624858950000004
2026-01-03 13:53:53,56de42f611f398ec0c481294,0.0,0.0,0.0,0.0,2.3,1.4,3.0,3.9,0.3
2026-01-03 13:53:53,587ed91db807da0011e33d4e,0.0,0.0,0.0,0.0,2.3,1.4,3.0,3.9,0.28624858950000004
2026-01-03 13:53:53,63b54dcbbfd3d90017ea7ba8,0.0,0.0,0.0,0.0,2.3,1.4,3.0,3.9,0.28624858950000004
2026-01-03 13:53:53,56de42f611f398ec0c48128a,0.0,0.0,0.0,0.0,2.3,1.4,3.0,3.9,0.28624858950000004
2026-01-03 13:53:53,6623ed9b6f998a001b2526cd,0.0,0.0,0.0,0.0,2.3,1.4,3.0,3.9,0.28624858950000004
2026-01-03 13:53:53,58b5752e17139d0010f35d5f,0.0,0.0,0.0,0.0,2.3,1.4,3.0,3.9,0.28624858950000004
2026-01-03 13:53:53,58175c81edeb6c0012a2d5c2,0.0,0.0,0.0,0.0,2.3,1.4,3.0,3.9,0.28624858950000004
2026-01-03 13:53:53,631812e6c9eae60017a19567,0.0,0.0,0.0,0.0,2.3,1.4,3.0,3.9,0.28624858950000004
2026-01-03 13:53:53,6623e7b76f998a001b25242d,0.0,0.0,0.0,0.0,2.3,1.4,3.0,3.9,0.28624858950000004
2026-01-03 13:53:53,5ad068b198d8fc001102e278,0.0,0.0,0.0,0.0,2.3,1.4,3.0,3.9,0.3
2026-01-03 13:53:53,63ae75a3bfd3d90017e8f051,0.0,0.0,0.0,0.0,2.3,1.4,3.0,3.9,0.28624858950000004
2026-01-03 13:53:53,662b7d8a1afb9c00172dc71f,0.0,0.0,0.0,0.0,2.3,1.4,3.0,3.9,0.28624858950000004
2026-01-03 13:53:53,5abbb77298d8fc001102dfce,0.0,0.0,0.0,0.0,2.3,1.4,3.0,3.9,0.28624858950000004
2026-01-03 13:53:53,63bd1f48bfd3d90017ec3d19,0.0,0.0,0.0,0.0,2.3,1.4,3.0,3.9,0.28624858950000004
2026-01-03 13:53:53,58aff2c6bd82540010390c55,0.0,0.0,0.0,0.0,2.3,1.4,3.0,3.9,0.28624858950000004
2026-01-03 13:53:53,5b25a1dcf13cba001124e710,0.0,0.0,0.0,0.0,2.3,1.4,3.0,3.9,0.3
2026-01-03 13:53:53,5deb576d1dc17d7c5515ad18,0.0,0.0,0.0,0.0,2.3,1.4,3.0,3.9,0.28624858950000004
2026-01-03 13:53:53,66b1c1bf779f740018673ef2,0.0,0.0,0.0,0.0,2.3,1.4,3.0,3.9,0.28624858950000004
2026-01-03 13:53:53,56de42f611f398ec0c4812a0,0.0,0.0,0.0,0.0,2.3,1.4,3.0,3.9,0.28624858950000004
2026-01-03 13:53:53,6623efc26f998a001b25277f,0.0,0.0,0.0,0.0,2.3,1.4,3.0,3.9,0.28624858950000004
2026-01-03 13:53:53,662b50841afb9c00172d880d,0.0,0.0,0.0,0.0,2.3,1.4,3.0,3.9,0.28624858950000004
2026-01-03 13:53:53,58abc0cbbd82540010390ba6,0.0,0.0,0.0,0.0,2.3,1.4,3.0,3.9,0.28624858950000004
2026-01-03 13:53:53,58afea5dbd82540010390c4d,0.0,0.0,0.0,0.0,2.3,1.4,3.0,3.9,0.28624858950000004
2026-01-03 13:53:53,5deb576d1dc17d7c5515ad07,0.0,0.0,0.0,0.0,2.3,1.4,3.0,3.9,0.28624858950000004
2026-01-03 13:53:53,5d8cdc1d766c88001718896c,0.0,0.0,0.0,0.0,2.3,1.4,3.0,3.9,0.28624858950000004
2026-01-03 13:53:53,5a606c758576340017d06626,0.0,0.0,0.0,0.0,2.3,1.4,3.0,3.9,0.28624858950000004
2026-01-03 13:53:53,68fae2966b936b00172186a6,0.0,0.0,0.0,0.0,2.3,1.4,3.0,3.9,0.28624858950000004
2026-01-03 13:53:53,63b66008bfd3d90017eaa476,0.0,0.0,0.0,0.0,2.3,1.4,3.0,3.9,0.3
2026-01-03 13:53:53,5a82628e5058170011f6eadb,0.0,0.0,0.0,0.0,2.3,1.4,3.0,3.9,0.28624858950000004
2026-01-03 13:53:53,589b46b3b3bf7600110283d0,0.0,0.0,0.0,0.0,2.3,1.4,3.0,3.9,0.3
2026-01-03 13:53:53,5d8cd653766c88001718894c,0.0,0.0,0.0,0.0,2.3,1.4,3.0,3.9,0.28624858950000004
2026-01-03 13:53:53,662b4de41afb9c00172d85c5,0.0,0.0,0.0,0.0,2.3,1.4,3.0,3.9,0.28624858950000004
2026-01-03 13:53:53,58af8eb2bd82540010390c30,0.0,0.0,0.0,0.0,2.3,1.4,3.0,3.9,0.28624858950000004
2026-01-03 13:53:53,6623ee176f998a001b25270c,0.0,0.0,0.0,0.0,2.3,1.4,3.0,3.9,0.28624858950000004
2026-01-03 13:53:53,5b0b7d240e517b00119fd809,0.0,0.0,0.0,0.0,2.3,1.4,3.0,3.9,0.3
2026-01-03 13:53:53,595f8d233dcfc400106f28f0,0.0,0.0,0.0,0.0,2.3,1.4,3.0,3.9,0.28624858950000004
2026-01-03 13:53:53,5deb576d1dc17d7c5515ad1d,0.0,0.0,0.0,0.0,2.3,1.4,3.0,3.9,0.3
2026-01-03 13:53:53,68ae7e997d735d00173c7445,0.0,0.0,0.0,0.0,2.3,1.4,3.0,3.9,0.28624858950000004
2026-01-03 13:53:53,5b0b835b0e517b00119fd80d,0.0,0.0,0.0,0.0,2.3,1.4,3.0,3.9,0.28624858950000004
2026-01-03 13:53:53,5b6c155aca0577001163fe36,0.0,0.0,0.0,0.0,2.3,1.4,3.0,3.9,0.3
2026-01-03 13:53:53,5d8cd2a3766c88001718893c,0.0,0.0,0.0,0.0,2.3,1.4,3.0,3.9,0.28624858950000004
2026-01-03 13:53:53,662b4e8e1afb9c00172d865c,0.0,0.0,0.0,0.0,2.3,1.4,3.0,3.9,0.28624858950000004
2026-01-03 13:53:53,66b1c190779f740018673ed4,0.0,0.0,0.0,0.0,2.3,1.4,3.0,3.9,0.28624858950000004
2026-01-03 13:53:53,662b7f9f1afb9c00172dca50,0.0,0.0,0.0,0.0,2.3,1.4,3.0,3.9,0.28624858950000004
2026-01-03 13:53:53,68a589294e89b100173b61d9,0.0,0.0,0.0,0.0,2.3,1.4,3.0,3.9,0.28624858950000004
2026-01-03 13:53:53,58747923b807da0011e33cf5,0.0,0.0,0.0,0.0,2.3,1.4,3.0,3.9,0.28624858950000004
2026-01-03 13:53:53,63ae7af4bfd3d90017e8f32c,0.0,0.0,0.0,0.0,2.3,1.4,3.0,3.9,0.28624858950000004
2026-01-03 13:53:53,5875d4f8b807da0011e33d1a,0.0,0.0,0.0,0.0,2.3,1.4,3.0,3.9,0.28624858950000004
2026-01-03 13:53:53,595d92013dcfc400106f2877,0.0,0.0,0.0,0.0,2.3,1.4,3.0,3.9,0.28624858950000004
2026-01-03 13:53:53,681886f26dfb4b0018f8f31a,0.0,0.0,0.0,0.0,2.3,1.4,3.0,3.9,0.28624858950000004
2026-01-03 13:53:53,662b80721afb9c00172dcb28,0.0,0.0,0.0,0.0,2.3,1.4,3.0,3.9,0.28624858950000004
2026-01-03 13:53:53,59ca2f4402eb490011a0a3f9,0.0,0.0,0.0,0.0,2.3,1.4,3.0,3.9,0.28624858950000004
2026-01-03 13:53:53,586e1f18f9fab7001111b0a5,0.0,0.0,0.0,0.0,2.3,1.4,3.0,3.9,0.28624858950000004
2026-01-03 13:53:53,681891e26dfb4b0018f90a69,0.0,0.0,0.0,0.0,2.3,1.4,3.0,3.9,0.28624858950000004
2026-01-03 13:53:53,5d9de3c2766c880017188cb3,0.0,0.0,0.0,0.0,2.3,1.4,3.0,3.9,0.28624858950000004
2026-01-03 13:53:53,63ae7cfcbfd3d90017e8f422,0.0,0.0,0.0,0.0,2.3,1.4,3.0,3.9,0.3
2026-01-03 13:53:53,5b0e1faacddcc80011ceb449,0.0,0.0,0.0,0.0,2.3,1.4,3.0,3.9,0.28624858950000004
2026-01-03 13:53:53,63b65fa9bfd3d90017eaa449,0.0,0.0,0.0,0.0,2.3,1.4,3.0,3.9,0.3
2026-01-03 13:53:53,6623e5066f998a001b252317,0.0,0.0,0.0,0.0,2.3,1.4,3.0,3.9,0.28624858950000004
2026-01-03 13:53:53,662b5c141afb9c00172d93d7,0.0,0.0,0.0,0.0,2.3,1.4,3.0,3.9,0.28624858950000004
2026-01-03 13:53:53,66b1c158779f740018673eb4,0.0,0.0,0.0,0.0,2.3,1.4,3.0,3.9,0.28624858950000004
2026-01-03 13:53:53,56df8381c062921100c143e2,0.0,0.0,0.0,0.0,2.3,1.4,3.0,3.9,0.28624858950000004
2026-01-03 13:53:53,5d8cd1f9766c880017188938,0.0,0.0,0.0,0.0,2.3,1.4,3.0,3.9,0.3
2026-01-03 13:53:53,595da2dd3dcfc400106f2885,0.0,0.0,0.0,0.0,2.3,1.4,3.0,3.9,0.28624858950000004
2026-01-03 13:53:53,595f80e83dcfc400106f28e4,0.0,0.0,0.0,0.0,2.3,1.4,3.0,3.9,0.28624858950000004
2026-01-03 13:53:53,631955e7c9eae60017a1c30a,0.0,0.0,0.0,0.0,2.3,1.4,3.0,3.9,0.28624858950000004
2026-01-03 13:53:53,5a6060e08576340017d0660f,0.0,0.0,0.0,0.0,2.3,1.4,3.0,3.9,0.28624858950000004
2026-01-03 13:53:53,5a607ea98576340017d0666d,0.0,0.0,0.0,0.0,2.3,1.4,3.0,3.9,0.3
2026-01-03 13:53:53,63b548c3bfd3d90017ea77c0,0.0,0.0,0.0,0.0,2.3,1.4,3.0,3.9,0.28624858950000004
2026-01-03 13:53:53,662a8c931afb9c00172d2901,0.0,0.0,0.0,0.0,2.3,1.4,3.0,3.9,0.28624858950000004
2026-01-03 13:53:53,63195556c9eae60017a1c2ba,0.0,0.0,0.0,0.0,2.3,1.4,3.0,3.9,0.28624858950000004
2026-01-03 13:53:53,58df4adedc195800111e04b4,0.0,0.0,0.0,0.0,2.3,1.4,3.0,3.9,0.28624858950000004
2026-01-03 13:53:53,59ca301902eb490011a0a400,0.0,0.0,0.0,0.0,2.3,1.4,3.0,3.9,0.28624858950000004
2026-01-03 13:53:53,584e738361cfea0012cf6951,0.0,0.0,0.0,0.0,2.3,1.4,3.0,3.9,0.28624858950000004
2026-01-03 13:53:53,583f958161cfea0012cf68f5,0.0,0.0,0.0,0.0,2.3,1.4,3.0,3.9,0.28624858950000004
2026-01-03 13:53:53,6922921744912200174bc71d,0.0,0.0,0.0,0.0,2.3,1.4,3.0,3.9,0.28624858950000004
2026-01-03 13:53:53,5a8253615058170011f6eabf,0.0,0.0,0.0,0.0,2.3,1.4,3.0,3.9,0.28624858950000004
2026-01-03 13:53:53,5deb576d1dc17d7c5515ad0f,0.0,0.0,0.0,0.0,2.3,1.4,3.0,3.9,0.28624858950000004
2026-01-03 13:53:53,68fae2b66b936b00172186e5,0.0,0.0,0.0,0.0,2.3,1.4,3.0,3.9,0.28624858950000004
2026-01-03 13:53:53,662b51761afb9c00172d88ef,0.0,0.0,0.0,0.0,2.3,1.4,3.0,3.9,0.28624858950000004
2026-01-03 13:53:53,68a5873d4e89b100173b5f60,0.0,0.0,0.0,0.0,2.3,1.4,3.0,3.9,0.28624858950000004
2026-01-03 13:53:53,66b1c370779f7400186740b3,0.0,0.0,0.0,0.0,2.3,1.4,3.0,3.9,0.28624858950000004
2026-01-03 13:53:53,6623ec376f998a001b252671,0.0,0.0,0.0,0.0,2.3,1.4,3.0,3.9,0.28624858950000004
2026-01-03 13:53:53,59ca2e6002eb490011a0a3f3,0.0,0.0,0.0,0.0,2.3,1.4,3.0,3.9,0.3
2026-01-03 13:53:53,5b6c1618ca0577001163fe3c,0.0,0.0,0.0,0.0,2.3,1.4,3.0,3.9,0.3
2026-01-03 13:53:53,5deb576d1dc17d7c5515ad22,0.0,0.0,0.0,0.0,2.3,1.4,3.0,3.9,0.28624858950000004
2026-01-03 13:53:53,63b664d2bfd3d90017eaaa0f,0.0,0.0,0.0,0.0,2.3,1.4,3.0,3.9,0.28624858950000004
2026-01-03 13:53:53,56df85bdc062921100c143e8,0.0,0.0,0.0,0.0,2.3,1.4,3.0,3.9,0.3
2026-01-03 13:53:53,662b85031afb9c00172dd0dc,0.0,0.0,0.0,0.0,2.3,1.4,3.0,3.9,0.28624858950000004
2026-01-03 13:53:53,58d7b5a7c1e33c00112b320a,0.0,0.0,0.0,0.0,2.3,1.4,3.0,3.9,0.28624858950000004
2026-01-03 13:53:53,662a8f3a1afb9c00172d2b31,0.0,0.0,0.0,0.0,2.3,1.4,3.0,3.9,0.28624858950000004
2026-01-03 13:53:53,58aff01fbd82540010390c50,0.0,0.0,0.0,0.0,2.3,1.4,3.0,3.9,0.28624858950000004
2026-01-03 13:53:53,5d8cdb9f766c880017188968,0.0,0.0,0.0,0.0,2.3,1.4,3.0,3.9,0.28624858950000004
2026-01-03 13:53:53,5a6085fb8576340017d06686,0.0,0.0,0.0,0.0,2.3,1.4,3.0,3.9,0.28624858950000004
2026-01-03 13:53:53,59ca31d602eb490011a0a40b,0.0,0.0,0.0,0.0,2.3,1.4,3.0,3.9,0.28624858950000004
2026-01-03 13:53:53,587c782db807da0011e33d3b,0.0,0.0,0.0,0.0,2.3,1.4,3.0,3.9,0.28624858950000004
2026-01-03 13:53:53,662a8d821afb9c00172d29c8,0.0,0.0,0.0,0.0,2.3,1.4,3.0,3.9,0.28624858950000004
2026-01-03 13:53:53,63ae7d29bfd3d90017e8f437,0.0,0.0,0.0,0.0,2.3,1.4,3.0,3.9,0.28624858950000004
2026-01-03 13:53:53,68ae7ee47d735d00173c7492,0.0,0.0,0.0,0.0,2.3,1.4,3.0,3.9,0.28624858950000004
2026-01-03 13:53:53,56de42f611f398ec0c48129f,0.0,0.0,0.0,0.0,2.3,1.4,3.0,3.9,0.293115
2026-01-03 13:53:53,68188b296dfb4b0018f8f9a3,0.0,0.0,0.0,0.0,2.3,1.4,3.0,3.9,0.28624858950000004
2026-01-03 13:53:53,662b80b91afb9c00172dcb5b,0.0,0.0,0.0,0.0,2.3,1.4,3.0,3.9,0.28624858950000004
2026-01-03 13:53:53,692292c044912200174bc76d,0.0,0.0,0.0,0.0,2.3,1.4,3.0,3.9,0.28624858950000004
2026-01-03 13:53:53,68188d586dfb4b0018f9018d,0.0,0.0,0.0,0.0,2.3,1.4,3.0,3.9,0.28624858950000004
2026-01-03 13:53:53,662b50261afb9c00172d87b2,0.0,0.0,0.0,0.0,2.3,1.4,3.0,3.9,0.28624858950000004
2026-01-03 13:53:53,59ca2d9d02eb490011a0a3f0,0.0,0.0,0.0,0.0,2.3,1.4,3.0,3.9,0.28624858950000004
2026-01-03 13:53:53,68a588984e89b100173b6138,0.0,0.0,0.0,0.0,2.3,1.4,3.0,3.9,0.28624858950000004
2026-01-03 13:53:53,5a8256df5058170011f6eacb,0.0,0.0,0.0,0.0,2.3,1.4,3.0,3.9,0.28624858950000004
2026-01-03 13:53:53,5deb576d1dc17d7c5515acfc,0.0,0.0,0.0,0.0,2.3,1.4,3.0,3.9,0.28624858950000004
2026-01-03 13:53:53,587c8c20b807da0011e33d47,0.0,0.0,0.0,0.0,2.3,1.4,3.0,3.9,0.28624858950000004
2026-01-03 13:53:53,58744fb0b807da0011e33cc0,0.0,0.0,0.0,0.0,2.3,1.4,3.0,3.9,0.28624858950000004
2026-01-03 13:53:53,5822f23aedeb6c0012a2d6a8,0.0,0.0,0.0,0.0,2.3,1.4,3.0,3.9,0.3
2026-01-03 13:53:53,649da495a6068200171a6cb6,0.0,0.0,0.0,0.0,2.3,1.4,3.0,3.9,0.28624858950000004
2026-01-03 14:53:51,59d3524f02eb490011a0a61b,0.0,0.0,0.0,0.0,3.0,2.3,3.5,4.1,0.3
2026-01-03 14:53:51,5a6065c58576340017d06615,0.0,0.0,0.0,0.0,3.0,2.3,3.5,4.1,0.27940071830835006
2026-01-03 14:53:51,6623f4df6f998a001b2528eb,0.0,0.0,0.0,0.0,3.0,2.3,3.5,4.1,0.27940071830835006
2026-01-03 14:53:51,662b7ce71afb9c00172dc676,0.0,0.0,0.0,0.0,3.0,2.3,3.5,4.1,0.27940071830835006
2026-01-03 14:53:51,583f969161cfea0012cf68f7,0.0,0.0,0.0,0.0,3.0,2.3,3.5,4.1,0.27940071830835006
2026-01-03 14:53:51,59ca317602eb490011a0a408,0.0,0.0,0.0,0.0,3.0,2.3,3.5,4.1,0.27940071830835006
2026-01-03 14:53:51,6623e8da6f998a001b2524a6,0.0,0.0,0.0,0.0,3.0,2.3,3.5,4.1,0.27940071830835006
2026-01-03 14:53:51,56de42f611f398ec0c481299,0.0,0.0,0.0,0.0,3.0,2.3,3.5,4.1,0.27940071830835006
2026-01-03 14:53:51,66b1c426779f74001867415e,0.0,0.0,0.0,0.0,3.0,2.3,3.5,4.1,0.27940071830835006
2026-01-03 14:53:51,595dc29c3dcfc400106f2894,0.0,0.0,0.0,0.0,3.0,2.3,3.5,4.1,0.27940071830835006
2026-01-03 14:53:51,5d9de4de766c880017188cbb,0.0,0.0,0.0,0.0,3.0,2.3,3.5,4.1,0.27940071830835006
2026-01-03 14:53:51,6623f44f6f998a001b2528aa,0.0,0.0,0.0,0.0,3.0,2.3,3.5,4.1,0.27940071830835006
2026-01-03 14:53:51,662a881a1afb9c00172d2559,0.0,0.0,0.0,0.0,3.0,2.3,3.5,4.1,0.27940071830835006
2026-01-03 14:53:51,5a605f828576340017d06608,0.0,0.0,0.0,0.0,3.0,2.3,3.5,4.1,0.3
2026-01-03 14:53:51,68188fe36dfb4b0018f90520,0.0,0.0,0.0,0.0,3.0,2.3,3.5,4.1,0.3
2026-01-03 14:53:51,5deb576d1dc17d7c5515ad15,0.0,0.0,0.0,0.0,3.0,2.3,3.5,4.1,0.27940071830835006
2026-01-03 14:53:51,5b8b2323ca057700116405d0,0.0,0.0,0.0,0.0,3.0,2.3,3.5,4.1,0.27940071830835006
2026-01-03 14:53:51,68188a226dfb4b0018f8f70a,0.0,0.0,0.0,0.0,3.0,2.3,3.5,4.1,0.27940071830835006
2026-01-03 14:53:51,681889a96dfb4b0018f8f67e,0.0,0.0,0.0,0.0,3.0,2.3,3.5,4.1,0.27940071830835006
2026-01-03 14:53:51,63ae7a50bfd3d90017e8f2b2,0.0,0.0,0.0,0.0,3.0,2.3,3.5,4.1,0.27940071830835006
2026-01-03 14:53:51,587ee0ecb807da0011e33d50,0.0,0.0,0.0,0.0,3.0,2.3,3.5,4.1,0.2928279167233499
2026-01-03 14:53:51,56de42f611f398ec0c48128f,0.0,0.0,0.0,0.0,3.0,2.3,3.5,4.1,0.27940071830835006
2026-01-03 14:53:51,56de42f611f398ec0c4812a2,0.0,0.0,0.0,0.0,3.0,2.3,3.5,4.1,0.27940071830835006
2026-01-03 14:53:51,6922934b44912200174bc7ec,0.0,0.0,0.0,0.0,3.0,2.3,3.5,4.1,0.27940071830835006
2026-01-03 14:53:51,63bd1f21bfd3d90017ec3d04,0.0,0.0,0.0,0.0,3.0,2.3,3.5,4.1,0.27940071830835006
2026-01-03 14:53:51,58df4d95dc195800111e04b9,0.0,0.0,0.0,0.0,3.0,2.3,3.5,4.1,0.27940071830835006
2026-01-03 14:53:51,586e28a0f9fab7001111b0b3,0.0,0.0,0.0,0.0,3.0,2.3,3.5,4.1,0.27940071830835006
2026-01-03 14:53:51,595dd8463dcfc400106f28b2,0.0,0.0,0.0,0.0,3.0,2.3,3.5,4.1,0.27940071830835006
2026-01-03 14:53:51,662b81721afb9c00172dcc44,0.0,0.0,0.0,0.0,3.0,2.3,3.5,4.1,0.27940071830835006
2026-01-03 14:53:51,67e217c43215f90017863bc8,0.0,0.0,0.0,0.0,3.0,2.3,3.5,4.1,0.27940071830835006
2026-01-03 14:53:51,66b1c3c2779f740018674125,0.0,0.0,0.0,0.0,3.0,2.3,3.5,4.1,0.27940071830835006
2026-01-03 14:53:51,5a8269c45058170011f6eae4,0.0,0.0,0.0,0.0,3.0,2.3,3.5,4.1,0.27940071830835006
2026-01-03 14:53:51,56de42f611f398ec0c481297,0.0,0.0,0.0,0.0,3.0,2.3,3.5,4.1,0.27940071830835006
2026-01-03 14:53:51,5822adbbedeb6c0012a2d65f,0.0,0.0,0.0,0.0,3.0,2.3,3.5,4.1,0.27940071830835006
2026-01-03 14:53:51,5deb576d1dc17d7c5515ad00,0.0,0.0,0.0,0.0,3.0,2.3,3.5,4.1,0.3
2026-01-03 14:53:51,5a823e425058170011f6eaa4,0.0,0.0,0.0,0.0,3.0,2.3,3.5,4.1,0.27940071830835006
2026-01-03 14:53:51,649da72ca6068200171a6dbb,0.0,0.0,0.0,0.0,3.0,2.3,3.5,4.1,0.27940071830835006
2026-01-03 14:53:51,5a6088218576340017d06693,0.0,0.0,0.0,0.0,3.0,2.3,3.5,4.1,0.27940071830835006
2026-01-03 14:53:51,63b65fd8bfd3d90017eaa461,0.0,0.0,0.0,0.0,3.0,2.3,3.5,4.1,0.27940071830835006
2026-01-03 14:53:51,5deb576d1dc17d7c5515ad08,0.0,0.0,0.0,0.0,3.0,2.3,3.5,4.1,0.27940071830835006
2026-01-03 14:53:51,595dc70d3dcfc400106f289a,0.0,0.0,0.0,0.0,3.0,2.3,3.5,4.1,0.3
2026-01-03 14:53:51,63b65ebebfd3d90017eaa3ae,0.0,0.0,0.0,0.0,3.0,2.3,3.5,4.1,0.27940071830835006
2026-01-03 14:53:51,5874769eb807da0011e33cec,0.0,0.0,0.0,0.0,3.0,2.3,3.5,4.1,0.27940071830835006
2026-01-03 14:53:51,63b660f8bfd3d90017eaa4ea,0.0,0.0,0.0,0.0,3.0,2.3,3.5,4.1,0.27940071830835006
2026-01-03 14:53:51,58af994abd82540010390c37,0.0,0.0,0.0,0.0,3.0,2.3,3.5,4.1,0.27940071830835006
2026-01-03 14:53:51,56df8108c062921100c143db,0.0,0.0,0.0,0.0,3.0,2.3,3.5,4.1,0.27940071830835006
2026-01-03 14:53:51,63ae7903bfd3d90017e8f211,0.0,0.0,0.0,0.0,3.0,2.3,3.5,4.1,0.27940071830835006
2026-01-03 14:53:51,63ae7727bfd3d90017e8f14a,0.0,0.0,0.0,0.0,3.0,2.3,3.5,4.1,0.27940071830835006
2026-01-03 14:53:51,6623f36e6f998a001b252878,0.0,0.0,0.0,0.0,3.0,2.3,3.5,4.1,0.27940071830835006
2026-01-03 14:53:51,5d9ddec9766c880017188c9c,0.0,0.0,0.0,0.0,3.0,2.3,3.5,4.1,0.27940071830835006
2026-01-03 14:53:51,5deb576d1dc17d7c5515ad02,0.0,0.0,0.0,0.0,3.0,2.3,3.5,4.1,0.27940071830835006
2026-01-03 14:53:51,681885ff6dfb4b0018f8f1ee,0.0,0.0,0.0,0.0,3.0,2.3,3.5,4.1,0.27940071830835006
2026-01-03 14:53:51,63ae79aabfd3d90017e8f26a,0.0,0.0,0.0,0.0,3.0,2.3,3.5,4.1,0.27940071830835006
2026-01-03 14:53:51,5d8cd7fb766c880017188954,0.0,0.0,0.0,0.0,3.0,2.3,3.5,4.1,0.27940071830835006
2026-01-03 14:53:51,56de42f611f398ec0c481293,0.0,0.0,0.0,0.0,3.0,2.3,3.5,4.1,0.27940071830835006
2026-01-03 14:53:51,63b66089bfd3d90017eaa4bd,0.0,0.0,0.0,0.0,3.0,2.3,3.5,4.1,0.27940071830835006
2026-01-03 14:53:51,63ae798abfd3d90017e8f255,0.0,0.0,0.0,0.0,3.0,2.3,3.5,4.1,0.27940071830835006
2026-01-03 14:53:51,662a89f51afb9c00172d26ef,0.0,0.0,0.0,0.0,3.0,2.3,3.5,4.1,0.27940071830835006
2026-01-03 14:53:51,6318287ec9eae60017a19f36,0.0,0.0,0.0,0.0,3.0,2.3,3.5,4.1,0.27940071830835006
2026-01-03 14:53:51,6792f3058c5ed4001b27f58e,0.0,0.0,0.0,0.0,3.0,2.3,3.5,4.1,0.27940071830835006
2026-01-03 14:53:51,587476e3b807da0011e33cee,0.0,0.0,0.0,0.0,3.0,2.3,3.5,4.1,0.27940071830835006
2026-01-03 14:53:51,597bf277faa7ea0011c7c29f,0.0,0.0,0.0,0.0,3.0,2.3,3.5,4.1,0.27940071830835006
2026-01-03 14:53:51,5d9de49d766c880017188cb9,0.0,0.0,0.0,0.0,3.0,2.3,3.5,4.1,0.27940071830835006
2026-01-03 14:53:51,5d9ddf49766c880017188ca0,0.0,0.0,0.0,0.0,3.0,2.3,3.5,4.1,0.27940071830835006
2026-01-03 14:53:51,63ae763bbfd3d90017e8f0c4,0.0,0.0,0.0,0.0,3.0,2.3,3.5,4.1,0.27940071830835006
2026-01-03 14:53:51,5d8cda6a766c880017188960,0.0,0.0,0.0,0.0,3.0,2.3,3.5,4.1,0.27940071830835006
2026-01-03 14:53:51,662b80e81afb9c00172dcbec,0.0,0.0,0.0,0.0,3.0,2.3,3.5,4.1,0.27940071830835006
2026-01-03 14:53:51,681826506dfb4b0018f83e64,0.0,0.0,0.0,0.0,3.0,2.3,3.5,4.1,0.3
2026-01-03 14:53:51,662a86a11afb9c00172d2410,0.0,0.0,0.0,0.0,3.0,2.3,3.5,4.1,0.27940071830835006
2026-01-03 14:53:51,5a6083198576340017d0667a,0.0,0.0,0.0,0.0,3.0,2.3,3.5,4.1,0.27940071830835006
2026-01-03 14:53:51,56de42f611f398ec0c48128b,0.0,0.0,0.0,0.0,3.0,2.3,3.5,4.1,0.27940071830835006
2026-01-03 14:53:51,58e49ff8d9d6200011e0b9d4,0.0,0.0,0.0,0.0,3.0,2.3,3.5,4.1,0.27940071830835006
2026-01-03 14:53:51,6922924644912200174bc737,0.0,0.0,0.0,0.0,3.0,2.3,3.5,4.1,0.27940071830835006
2026-01-03 14:53:51,681885a26dfb4b0018f8f176,0.0,0.0,0.0,0.0,3.0,2.3,3.5,4.1,0.27940071830835006
2026-01-03 14:53:51,5a8241105058170011f6eaa6,0.0,0.0,0.0,0.0,3.0,2.3,3.5,4.1,0.27940071830835006
2026-01-03 14:53:51,65e054fb6b18080018db6632,0.0,0.0,0.0,0.0,3.0,2.3,3.5,4.1,0.27940071830835006
2026-01-03 14:53:51,5a825ded5058170011f6ead7,0.0,0.0,0.0,0.0,3.0,2.3,3.5,4.1,0.27940071830835006
2026-01-03 14:53:51,5d8cdb0a766c880017188964,0.0,0.0,0.0,0.0,3.0,2.3,3.5,4.1,0.27940071830835006
2026-01-03 14:53:51,68188bb96dfb4b0018f8fdbf,0.0,0.0,0.0,0.0,3.0,2.3,3.5,4.1,0.27940071830835006
2026-01-03 14:53:51,56df833ac062921100c143e1,0.0,0.0,0.0,0.0,3.0,2.3,3.5,4.1,0.3
2026-01-03 14:53:51,6792efe48c5ed4001b27f336,0.0,0.0,0.0,0.0,3.0,2.3,3.5,4.1,0.27940071830835006
2026-01-03 14:53:51,63b5503bbfd3d90017ea7ccc,0.0,0.0,0.0,0.0,3.0,2.3,3.5,4.1,0.27940071830835006
2026-01-03 14:53:51,662a873b1afb9c00172d2483,0.0,0.0,0.0,0.0,3.0,2.3,3.5,4.1,0.27940071830835006
2026-01-03 14:53:51,66b1c3fa779f740018674146,0.0,0.0,0.0,0.0,3.0,2.3,3.5,4.1,0.27940071830835006
2026-01-03 14:53:51,5ad0621c98d8fc001102e268,0.0,0.0,0.0,0.0,3.0,2.3,3.5,4.1,0.27940071830835006
2026-01-03 14:53:51,66b1c34d779f74001867409e,0.0,0.0,0.0,0.0,3.0,2.3,3.5,4.1,0.27940071830835006
2026-01-03 14:53:51,595f89323dcfc400106f28ee,0.0,0.0,0.0,0.0,3.0,2.3,3.5,4.1,0.27940071830835006
2026-01-03 14:53:51,56de42f611f398ec0c48128c,0.0,0.0,0.0,0.0,3.0,2.3,3.5,4.1,0.27940071830835006
2026-01-03 14:53:51,662b558c1afb9c00172d8ed2,0.0,0.0,0.0,0.0,3.0,2.3,3.5,4.1,0.27940071830835006
2026-01-03 14:53:51,6623f4836f998a001b2528bf,0.0,0.0,0.0,0.0,3.0,2.3,3.5,4.1,0.27940071830835006
2026-01-03 14:53:51,662b85bf1afb9c00172dd149,0.0,0.0,0.0,0.0,3.0,2.3,3.5,4.1,0.27940071830835006
2026-01-03 14:53:51,595d98fc3dcfc400106f287b,0.0,0.0,0.0,0.0,3.0,2.3,3.5,4.1,0.3
2026-01-03 14:53:51,6818887f6dfb4b0018f8f54c,0.0,0.0,0.0,0.0,3.0,2.3,3.5,4.1,0.27940071830835006
2026-01-03 14:53:51,63b54bcdbfd3d90017ea7a82,0.0,0.0,0.0,0.0,3.0,2.3,3.5,4.1,0.27940071830835006
2026-01-03 14:53:51,68eddd0a230ee50017d040b2,0.0,0.0,0.0,0.0,3.0,2.3,3.5,4.1,0.27940071830835006
2026-01-03 14:53:51,68a587d54e89b100173b6021,0.0,0.0,0.0,0.0,3.0,2.3,3.5,4.1,0.27940071830835006
2026-01-03 14:53:51,5b5995a3fd4edb0019c7d9ab,0.0,0.0,0.0,0.0,3.0,2.3,3.5,4.1,0.27940071830835006
2026-01-03 14:53:51,692291f044912200174bc703,0.0,0.0,0.0,0.0,3.0,2.3,3.5,4.1,0.27940071830835006
2026-01-03 14:53:51,662b81a31afb9c00172dcc65,0.0,0.0,0.0,0.0,3.0,2.3,3.5,4.1,0.293115
2026-01-03 14:53:51,5deb576d1dc17d7c5515acf6,0.0,0.0,0.0,0.0,3.0,2.3,3.5,4.1,0.27940071830835006
2026-01-03 14:53:51,58746488b807da0011e33cd7,0.0,0.0,0.0,0.0,3.0,2.3,3.5,4.1,0.27940071830835006
2026-01-03 14:53:51,662b83381afb9c00172dcf88,0.0,0.0,0.0,0.0,3.0,2.3,3.5,4.1,0.27940071830835006
2026-01-03 14:53:51,5822b5ededeb6c0012a2d66a,0.0,0.0,0.0,0.0,3.0,2.3,3.5,4.1,0.27940071830835006
2026-01-03 14:53:51,63b660d8bfd3d90017eaa4d5,0.0,0.0,0.0,0.0,3.0,2.3,3.5,4.1,0.27940071830835006
2026-01-03 14:53:51,63ae7be0bfd3d90017e8f3a8,0.0,0.0,0.0,0.0,3.0,2.3,3.5,4.1,0.27940071830835006
2026-01-03 14:53:51,63b54a04bfd3d90017ea783e,0.0,0.0,0.0,0.0,3.0,2.3,3.5,4.1,0.28624858950000004
2026-01-03 14:53:51,63b54f70bfd3d90017ea7c86,0.0,0.0,0.0,0.0,3.0,2.3,3.5,4.1,0.27940071830835006
2026-01-03 14:53:51,5a8267fe5058170011f6eae1,0.0,0.0,0.0,0.0,3.0,2.3,3.5,4.1,0.27940071830835006
2026-01-03 14:53:51,595d984b3dcfc400106f2879,0.0,0.0,0.0,0.0,3.0,2.3,3.5,4.1,0.27940071830835006
2026-01-03 14:53:51,5b25a268f13cba001124e713,0.0,0.0,0.0,0.0,3.0,2.3,3.5,4.1,0.3
2026-01-03 14:53:51,63ae768dbfd3d90017e8f0f1,0.0,0.0,0.0,0.0,3.0,2.3,3.5,4.1,0.27940071830835006
2026-01-03 14:53:51,6818884f6dfb4b0018f8f50f,0.0,0.0,0.0,0.0,3.0,2.3,3.5,4.1,0.27940071830835006
2026-01-03 14:53:51,662a89ae1afb9c00172d26ad,0.0,0.0,0.0,0.0,3.0,2.3,3.5,4.1,0.27940071830835006
2026-01-03 14:53:51,63b54a70bfd3d90017ea7862,0.0,0.0,0.0,0.0,3.0,2.3,3.5,4.1,0.27940071830835006
2026-01-03 14:53:51,58e49783d9d6200011e0b9ce,0.0,0.0,0.0,0.0,3.0,2.3,3.5,4.1,0.27940071830835006
2026-01-03 14:53:51,5deb576d1dc17d7c5515ad0c,0.0,0.0,0.0,0.0,3.0,2.3,3.5,4.1,0.27940071830835006
2026-01-03 14:53:51,6623ef776f998a001b252768,0.0,0.0,0.0,0.0,3.0,2.3,3.5,4.1,0.27940071830835006
2026-01-03 14:53:51,58d7bbf2c1e33c00112b3216,0.0,0.0,0.0,0.0,3.0,2.3,3.5,4.1,0.27940071830835006
2026-01-03 14:53:51,662b51d21afb9c00172d89bf,0.0,0.0,0.0,0.0,3.0,2.3,3.5,4.1,0.27940071830835006
2026-01-03 14:53:51,58746295b807da0011e33ccb,0.0,0.0,0.0,0.0,3.0,2.3,3.5,4.1,0.27940071830835006
2026-01-03 14:53:51,585b2baec3f96200127dc508,0.0,0.0,0.0,0.0,3.0,2.3,3.5,4.1,0.27940071830835006
2026-01-03 14:53:51,5a606cd08576340017d06628,0.0,0.0,0.0,0.0,3.0,2.3,3.5,4.1,0.27940071830835006
2026-01-03 14:53:51,662b80051afb9c00172dcaf6,0.0,0.0,0.0,0.0,3.0,2.3,3.5,4.1,0.27940071830835006
2026-01-03 14:53:51,5d8cd253766c88001718893a,0.0,0.0,0.0,0.0,3.0,2.3,3.5,4.1,0.3
2026-01-03 14:53:51,662b5bc31afb9c00172d92e2,0.0,0.0,0.0,0.0,3.0,2.3,3.5,4.1,0.27940071830835006
2026-01-03 14:53:51,662b58401afb9c00172d90f5,0.0,0.0,0.0,0.0,3.0,2.3,3.5,4.1,0.27940071830835006
2026-01-03 14:53:51,5874644cb807da0011e33cd5,0.0,0.0,0.0,0.0,3.0,2.3,3.5,4.1,0.27940071830835006
2026-01-03 14:53:51,662b867b1afb9c00172dd250,0.0,0.0,0.0,0.0,3.0,2.3,3.5,4.1,0.27940071830835006
2026-01-03 14:53:51,597bf0b8faa7ea0011c7c293,0.0,0.0,0.0,0.0,3.0,2.3,3.5,4.1,0.27940071830835006
2026-01-03 14:53:51,5a10c79f02eb490011a0b0dd,0.0,0.0,0.0,0.0,3.0,2.3,3.5,4.1,0.27940071830835006
2026-01-03 14:53:51,68188af96dfb4b0018f8f8e4,0.0,0.0,0.0,0.0,3.0,2.3,3.5,4.1,0.27940071830835006
2026-01-03 14:53:51,662b83ff1afb9c00172dcffb,0.0,0.0,0.0,0.0,3.0,2.3,3.5,4.1,0.27940071830835006
2026-01-03 14:53:51,5deb576d1dc17d7c5515ad19,0.0,0.0,0.0,0.0,3.0,2.3,3.5,4.1,0.27940071830835006
2026-01-03 14:53:51,5b6329fdfd4edb0019c7dc0b,0.0,0.0,0.0,0.0,3.0,2.3,3.5,4.1,0.3
2026-01-03 14:53:51,589add0fb3bf7600110283ae,0.0,0.0,0.0,0.0,3.0,2.3,3.5,4.1,0.27940071830835006
2026-01-03 14:53:51,5deb576d1dc17d7c5515ad01,0.0,0.0,0.0,0.0,3.0,2.3,3.5,4.1,0.27940071830835006
2026-01-03 14:53:51,58abbf72bd82540010390ba4,0.0,0.0,0.0,0.0,3.0,2.3,3.5,4.1,0.27940071830835006
2026-01-03 14:53:51,6623f1f16f998a001b25281f,0.0,0.0,0.0,0.0,3.0,2.3,3.5,4.1,0.27940071830835006
2026-01-03 14:53:51,58ad6961bd82540010390be5,0.0,0.0,0.0,0.0,3.0,2.3,3.5,4.1,0.27940071830835006
2026-01-03 14:53:51,59ca2fa302eb490011a0a3fd,0.0,0.0,0.0,0.0,3.0,2.3,3.5,4.1,0.3
2026-01-03 14:53:51,5a606dbc8576340017d0662b,0.0,0.0,0.0,0.0,3.0,2.3,3.5,4.1,0.27940071830835006
2026-01-03 14:53:51,662b52a31afb9c00172d8b01,0.0,0.0,0.0,0.0,3.0,2.3,3.5,4.1,0.27940071830835006
2026-01-03 14:53:51,58abbee5bd82540010390ba2,0.0,0.0,0.0,0.0,3.0,2.3,3.5,4.1,0.27940071830835006
2026-01-03 14:53:51,662a8ef41afb9c00172d2af2,0.0,0.0,0.0,0.0,3.0,2.3,3.5,4.1,0.27940071830835006
2026-01-03 14:53:51,6623f5b56f998a001b25292f,0.0,0.0,0.0,0.0,3.0,2.3,3.5,4.1,0.27940071830835006
2026-01-03 14:53:51,66b1c398779f7400186740e3,0.0,0.0,0.0,0.0,3.0,2.3,3.5,4.1,0.27940071830835006
2026-01-03 14:53:51,58d7b756c1e33c00112b320d,0.0,0.0,0.0,0.0,3.0,2.3,3.5,4.1,0.27940071830835006
2026-01-03 14:53:51,6623e31e6f998a001b252250,0.0,0.0,0.0,0.0,3.0,2.3,3.5,4.1,0.27940071830835006
2026-01-03 14:53:51,5deb576d1dc17d7c5515acfe,0.0,0.0,0.0,0.0,3.0,2.3,3.5,4.1,0.27940071830835006
2026-01-03 14:53:51,6792f3cf8c5ed4001b27f61e,0.0,0.0,0.0,0.0,3.0,2.3,3.5,4.1,0.27940071830835006
2026-01-03 14:53:51,58df4e22dc195800111e04bb,0.0,0.0,0.0,0.0,3.0,2.3,3.5,4.1,0.27940071830835006
2026-01-03 14:53:51,58d7b3e8c1e33c00112b3207,0.0,0.0,0.0,0.0,3.0,2.3,3.5,4.1,0.3
2026-01-03 14:53:51,5d8cdc57766c88001718896e,0.0,0.0,0.0,0.0,3.0,2.3,3.5,4.1,0.27940071830835006
2026-01-03 14:53:51,66f1266f538c780017c93579,0.0,0.0,0.0,0.0,3.0,2.3,3.5,4.1,0.27940071830835006
2026-01-03 14:53:51,5ad0679598d8fc001102e274,0.0,0.0,0.0,0.0,3.0,2.3,3.5,4.1,0.27940071830835006
2026-01-03 14:53:51,5a824b6c5058170011f6eaab,0.0,0.0,0.0,0.0,3.0,2.3,3.5,4.1,0.3
2026-01-03 14:53:51,62da3e840637a10017d7073d,0.0,0.0,0.0,0.0,3.0,2.3,3.5,4.1,0.27940071830835006
2026-01-03 14:53:51,56de42f611f398ec0c481288,0.0,0.0,0.0,0.0,3.0,2.3,3.5,4.1,0.27940071830835006
2026-01-03 14:53:51,5d8cd614766c88001718894a,0.0,0.0,0.0,0.0,3.0,2.3,3.5,4.1,0.27940071830835006
2026-01-03 14:53:51,5a824f975058170011f6eab8,0.0,0.0,0.0,0.0,3.0,2.3,3.5,4.1,0.27940071830835006
2026-01-03 14:53:51,5a824c3e5058170011f6eaae,0.0,0.0,0.0,0.0,3.0,2.3,3.5,4.1,0.27940071830835006
2026-01-03 14:53:51,5deb576d1dc17d7c5515acf9,0.0,0.0,0.0,0.0,3.0,2.3,3.5,4.1,0.27940071830835006
2026-01-03 14:53:51,587470c2b807da0011e33ce4,0.0,0.0,0.0,0.0,3.0,2.3,3.5,4.1,0.27940071830835006
2026-01-03 14:53:51,68188cbf6dfb4b0018f900e9,0.0,0.0,0.0,0.0,3.0,2.3,3.5,4.1,0.27940071830835006
2026-01-03 14:53:51,67e217ea3215f90017863bf1,0.0,0.0,0.0,0.0,3.0,2.3,3.5,4.1,0.27940071830835006
2026-01-03 14:53:51,68ede6d0230ee50017d04d4c,0.0,0.0,0.0,0.0,3.0,2.3,3.5,4.1,0.27940071830835006
2026-01-03 14:53:51,584e734a61cfea0012cf694f,0.0,0.0,0.0,0.0,3.0,2.3,3.5,4.1,0.27940071830835006
2026-01-03 14:53:51,662b7f251afb9c00172dc8bc,0.0,0.0,0.0,0.0,3.0,2.3,3.5,4.1,0.27940071830835006
2026-01-03 14:53:51,6623ec826f998a001b252686,0.0,0.0,0.0,0.0,3.0,2.3,3.5,4.1,0.27940071830835006
2026-01-03 14:53:51,5deb576d1dc17d7c5515ad23,0.0,0.0,0.0,0.0,3.0,2.3,3.5,4.1,0.27940071830835006
2026-01-03 14:53:51,6922939144912200174bc80c,0.0,0.0,0.0,0.0,3.0,2.3,3.5,4.1,0.27940071830835006
2026-01-03 14:53:51,595d9ba43dcfc400106f2880,0.0,0.0,0.0,0.0,3.0,2.3,3.5,4.1,0.3
2026-01-03 14:53:51,6818863c6dfb4b0018f8f235,0.0,0.0,0.0,0.0,3.0,2.3,3.5,4.1,0.27940071830835006
2026-01-03 14:53:51,589ad89eb3bf7600110283ac,0.0,0.0,0.0,0.0,3.0,2.3,3.5,4.1,0.27940071830835006
2026-01-03 14:53:51,662b5adc1afb9c00172d925b,0.0,0.0,0.0,0.0,3.0,2.3,3.5,4.1,0.27940071830835006
2026-01-03 14:53:51,5701e22bc4350a1100e26f6c,0.0,0.0,0.0,0.0,3.0,2.3,3.5,4.1,0.3
2026-01-03 14:53:51,5b87c386ca057700116404a6,0.0,0.0,0.0,0.0,3.0,2.3,3.5,4.1,0.27940071830835006
2026-01-03 14:53:51,5d8cd542766c880017188948,0.0,0.0,0.0,0.0,3.0,2.3,3.5,4.1,0.27940071830835006
2026-01-03 14:53:51,6623e8406f998a001b252465,0.0,0.0,0.0,0.0,3.0,2.3,3.5,4.1,0.27940071830835006
2026-01-03 14:53:51,5875cef0b807da0011e33d14,0.0,0.0,0.0,0.0,3.0,2.3,3.5,4.1,0.3
2026-01-03 14:53:51,5a823d555058170011f6eaa2,0.0,0.0,0.0,0.0,3.0,2.3,3.5,4.1,0.28624858950000004
2026-01-03 14:53:51,595da2853dcfc400106f2883,0.0,0.0,0.0,0.0,3.0,2.3,3.5,4.1,0.27940071830835006
2026-01-03 14:53:51,5b632950fd4edb0019c7dc07,0.0,0.0,0.0,0.0,3.0,2.3,3.5,4.1,0.27940071830835006
2026-01-03 14:53:51,5deb576d1dc17d7c5515ad06,0.0,0.0,0.0,0.0,3.0,2.3,3.5,4.1,0.27940071830835006
2026-01-03 14:53:51,662b54711afb9c00172d8d4f,0.0,0.0,0.0,0.0,3.0,2.3,3.5,4.1,0.27940071830835006
2026-01-03 14:53:51,5a8279865058170011f6eaef,0.0,0.0,0.0,0.0,3.0,2.3,3.5,4.1,0.27940071830835006
2026-01-03 14:53:51,662b4faa1afb9c00172d875e,0.0,0.0,0.0,0.0,3.0,2.3,3.5,4.1,0.27940071830835006
2026-01-03 14:53:51,662a87641afb9c00172d24b0,0.0,0.0,0.0,0.0,3.0,2.3,3.5,4.1,0.27940071830835006
2026-01-03 14:53:51,56de42f611f398ec0c4812a1,0.0,0.0,0.0,0.0,3.0,2.3,3.5,4.1,0.27940071830835006
2026-01-03 14:53:51,63ae7669bfd3d90017e8f0d9,0.0,0.0,0.0,0.0,3.0,2.3,3.5,4.1,0.27940071830835006
2026-01-03 14:53:51,63b65e6abfd3d90017eaa361,0.0,0.0,0.0,0.0,3.0,2.3,3.5,4.1,0.27940071830835006
2026-01-03 14:53:51,662a8fd41afb9c00172d2bac,0.0,0.0,0.0,0.0,3.0,2.3,3.5,4.1,0.27940071830835006
2026-01-03 14:53:51,56f11afc3ac17b11001c504e,0.0,0.0,0.0,0.0,3.0,2.3,3.5,4.1,0.27940071830835006
2026-01-03 14:53:51,585b2b1ec3f96200127dc505,0.0,0.0,0.0,0.0,3.0,2.3,3.5,4.1,0.27940071830835006
2026-01-03 14:53:51,5a825b7d5058170011f6ead4,0.0,0.0,0.0,0.0,3.0,2.3,3.5,4.1,0.27940071830835006
2026-01-03 14:53:51,5a6069238576340017d0661c,0.0,0.0,0.0,0.0,3.0,2.3,3.5,4.1,0.27940071830835006
2026-01-03 14:53:51,662b857b1afb9c00172dd106,0.0,0.0,0.0,0.0,3.0,2.3,3.5,4.1,0.27940071830835006
2026-01-03 14:53:51,56de42f611f398ec0c481298,0.0,0.0,0.0,0.0,3.0,2.3,3.5,4.1,0.27940071830835006
2026-01-03 14:53:51,63ae75f9bfd3d90017e8f097,0.0,0.0,0.0,0.0,3.0,2.3,3.5,4.1,0.27940071830835006
2026-01-03 14:53:51,63ae7829bfd3d90017e8f1ac,0.0,0.0,0.0,0.0,3.0,2.3,3.5,4.1,0.27940071830835006
2026-01-03 14:53:51,65e0556b6b18080018db665e,0.0,0.0,0.0,0.0,3.0,2.3,3.5,4.1,0.27940071830835006
2026-01-03 14:53:51,662b81eb1afb9c00172dcc85,0.0,0.0,0.0,0.0,3.0,2.3,3.5,4.1,0.27940071830835006
2026-01-03 14:53:51,595dd9ac3dcfc400106f28b4,0.0,0.0,0.0,0.0,3.0,2.3,3.5,4.1,0.27940071830835006
2026-01-03 14:53:51,662a8cc51afb9c00172d2938,0.0,0.0,0.0,0.0,3.0,2.3,3.5,4.1,0.27940071830835006
2026-01-03 14:53:51,587654d3b807da0011e33d36,0.0,0.0,0.0,0.0,3.0,2.3,3.5,4.1,0.27940071830835006
2026-01-03 14:53:51,5990ffdbbec3b90016d2ad2d,0.0,0.0,0.0,0.0,3.0,2.3,3.5,4.1,0.27940071830835006
2026-01-03 14:53:51,5a8259035058170011f6eacf,0.0,0.0,0.0,0.0,3.0,2.3,3.5,4.1,0.3
2026-01-03 14:53:51,63b54cffbfd3d90017ea7ad0,0.0,0.0,0.0,0.0,3.0,2.3,3.5,4.1,0.27940071830835006
2026-01-03 14:53:51,589b4644b3bf7600110283ce,0.0,0.0,0.0,0.0,3.0,2.3,3.5,4.1,0.27940071830835006
2026-01-03 14:53:51,5d8cd8e2766c880017188958,0.0,0.0,0.0,0.0,3.0,2.3,3.5,4.1,0.27940071830835006
2026-01-03 14:53:51,63b54fe4bfd3d90017ea7ca2,0.0,0.0,0.0,0.0,3.0,2.3,3.5,4.1,0.3
2026-01-03 14:53:51,6623ebd76f998a001b25264d,0.0,0.0,0.0,0.0,3.0,2.3,3.5,4.1,0.27940071830835006
2026-01-03 14:53:51,5a6086e88576340017d0668a,0.0,0.0,0.0,0.0,3.0,2.3,3.5,4.1,0.27940071830835006
2026-01-03 14:53:51,681888b66dfb4b0018f8f58c,0.0,0.0,0.0,0.0,3.0,2.3,3.5,4.1,0.27940071830835006
2026-01-03 14:53:51,5b6c15b8ca0577001163fe39,0.0,0.0,0.0,0.0,3.0,2.3,3.5,4.1,0.3
2026-01-03 14:53:51,5d8cd98d766c88001718895a,0.0,0.0,0.0,0.0,3.0,2.3,3.5,4.1,0.27940071830835006
2026-01-03 14:53:51,6623ee666f998a001b252726,0.0,0.0,0.0,0.0,3.0,2.3,3.5,4.1,0.27940071830835006
2026-01-03 14:53:51,662b84c11afb9c00172dd0b5,0.0,0.0,0.0,0.0,3.0,2.3,3.5,4.1,0.27940071830835006
2026-01-03 14:53:51,662b51201afb9c00172d889a,0.0,0.0,0.0,0.0,3.0,2.3,3.5,4.1,0.27940071830835006
2026-01-03 14:53:51,56df8198c062921100c143dd,0.0,0.0,0.0,0.0,3.0,2.3,3.5,4.1,0.27940071830835006
2026-01-03 14:53:51,56de42f611f398ec0c481282,0.0,0.0,0.0,0.0,3.0,2.3,3.5,4.1,0.27940071830835006
2026-01-03 14:53:51,58df4c2bdc195800111e04b7,0.0,0.0,0.0,0.0,3.0,2.3,3.5,4.1,0.3
2026-01-03 14:53:51,6623ea416f998a001b25260a,0.0,0.0,0.0,0.0,3.0,2.3,3.5,4.1,0.27940071830835006
2026-01-03 14:53:51,662b872d1afb9c00172dd36a,0.0,0.0,0.0,0.0,3.0,2.3,3.5,4.1,0.27940071830835006
2026-01-03 14:53:51,6623e4b06f998a001b2522f1,0.0,0.0,0.0,0.0,3.0,2.3,3.5,4.1,0.27940071830835006
2026-01-03 14:53:51,56de42f611f398ec0c48127e,0.0,0.0,0.0,0.0,3.0,2.3,3.5,4.1,0.27940071830835006
2026-01-03 14:53:51,595dd3a63dcfc400106f28a7,0.0,0.0,0.0,0.0,3.0,2.3,3.5,4.1,0.27940071830835006
2026-01-03 14:53:51,68ede5d4230ee50017d04c24,0.0,0.0,0.0,0.0,3.0,2.3,3.5,4.1,0.27940071830835006
2026-01-03 14:53:51,5a8266105058170011f6eadf,0.0,0.0,0.0,0.0,3.0,2.3,3.5,4.1,0.27940071830835006
2026-01-03 14:53:51,662b5afe1afb9c00172d9284,0.0,0.0,0.0,0.0,3.0,2.3,3.5,4.1,0.27940071830835006
2026-01-03 14:53:51,5a82602c5058170011f6ead9,0.0,0.0,0.0,0.0,3.0,2.3,3.5,4.1,0.27940071830835006
2026-01-03 14:53:51,585b2980c3f96200127dc502,0.0,0.0,0.0,0.0,3.0,2.3,3.5,4.1,0.27940071830835006
2026-01-03 14:53:51,56de42f611f398ec0c481284,0.0,0.0,0.0,0.0,3.0,2.3,3.5,4.1,0.3
2026-01-03 14:53:51,662b56c51afb9c00172d9071,0.0,0.0,0.0,0.0,3.0,2.3,3.5,4.1,0.27940071830835006
2026-01-03 14:53:51,63ae7a08bfd3d90017e8f285,0.0,0.0,0.0,0.0,3.0,2.3,3.5,4.1,0.27940071830835006
2026-01-03 14:53:51,662a8b061afb9c00172d27d7,0.0,0.0,0.0,0.0,3.0,2.3,3.5,4.1,0.27940071830835006
2026-01-03 14:53:51,587ee7d7b807da0011e33d55,0.0,0.0,0.0,0.0,3.0,2.3,3.5,4.1,0.27940071830835006
2026-01-03 14:53:51,5deb576d1dc17d7c5515ad12,0.0,0.0,0.0,0.0,3.0,2.3,3.5,4.1,0.3
2026-01-03 14:53:51,662b51a41afb9c00172d8926,0.0,0.0,0.0,0.0,3.0,2.3,3.5,4.1,0.28624858950000004
2026-01-03 14:53:51,63ae7893bfd3d90017e8f1e1,0.0,0.0,0.0,0.0,3.0,2.3,3.5,4.1,0.27940071830835006
2026-01-03 14:53:51,662a8b9e1afb9c00172d284d,0.0,0.0,0.0,0.0,3.0,2.3,3.5,4.1,0.27940071830835006
2026-01-03 14:53:51,5a823ba75058170011f6ea9e,0.0,0.0,0.0,0.0,3.0,2.3,3.5,4.1,0.27940071830835006
2026-01-03 14:53:51,681887346dfb4b0018f8f36a,0.0,0.0,0.0,0.0,3.0,2.3,3.5,4.1,0.27940071830835006
2026-01-03 14:53:51,662b5a401afb9c00172d91fc,0.0,0.0,0.0,0.0,3.0,2.3,3.5,4.1,0.27940071830835006
2026-01-03 14:53:51,56df8544c062921100c143e6,0.0,0.0,0.0,0.0,3.0,2.3,3.5,4.1,0.27940071830835006
2026-01-03 14:53:51,595ddb493dcfc400106f28b6,0.0,0.0,0.0,0.0,3.0,2.3,3.5,4.1,0.3
2026-01-03 14:53:51,66b1c1f2779f740018673f0d,0.0,0.0,0.0,0.0,3.0,2.3,3.5,4.1,0.27940071830835006
2026-01-03 14:53:51,589b4379b3bf7600110283c9,0.0,0.0,0.0,0.0,3.0,2.3,3.5,4.1,0.27940071830835006
2026-01-03 14:53:51,5a60604f8576340017d0660b,0.0,0.0,0.0,0.0,3.0,2.3,3.5,4.1,0.27940071830835006
2026-01-03 14:53:51,5d8cd9cb766c88001718895c,0.0,0.0,0.0,0.0,3.0,2.3,3.5,4.1,0.293115
2026-01-03 14:53:51,6623e6b86f998a001b2523b8,0.0,0.0,0.0,0.0,3.0,2.3,3.5,4.1,0.27940071830835006
2026-01-03 14:53:51,5a8256315058170011f6eac9,0.0,0.0,0.0,0.0,3.0,2.3,3.5,4.1,0.27940071830835006
2026-01-03 14:53:51,5ad064b498d8fc001102e26f,0.0,0.0,0.0,0.0,3.0,2.3,3.5,4.1,0.27940071830835006
2026-01-03 14:53:51,58af8d68bd82540010390c2e,0.0,0.0,0.0,0.0,3.0,2.3,3.5,4.1,0.27940071830835006
2026-01-03 14:53:51,65e0552f6b18080018db6647,0.0,0.0,0.0,0.0,3.0,2.3,3.5,4.1,0.27940071830835006
2026-01-03 14:53:51,595da7783dcfc400106f2888,0.0,0.0,0.0,0.0,3.0,2.3,3.5,4.1,0.27940071830835006
2026-01-03 14:53:51,662a8e121afb9c00172d2a3f,0.0,0.0,0.0,0.0,3.0,2.3,3.5,4.1,0.27940071830835006
2026-01-03 14:53:51,662b5be91afb9c00172d939b,0.0,0.0,0.0,0.0,3.0,2.3,3.5,4.1,0.27940071830835006
2026-01-03 14:53:51,5b728aafca0577001163ff7e,0.0,0.0,0.0,0.0,3.0,2.3,3.5,4.1,0.3
2026-01-03 14:53:51,6818901a6dfb4b0018f9058a,0.0,0.0,0.0,0.0,3.0,2.3,3.5,4.1,0.27940071830835006
2026-01-03 14:53:51,63ae7966bfd3d90017e8f240,0.0,0.0,0.0,0.0,3.0,2.3,3.5,4.1,0.3
2026-01-03 14:53:51,5a607fa38576340017d06671,0.0,0.0,0.0,0.0,3.0,2.3,3.5,4.1,0.27940071830835006
2026-01-03 14:53:51,662b87551afb9c00172dd43a,0.0,0.0,0.0,0.0,3.0,2.3,3.5,4.1,0.27940071830835006
2026-01-03 14:53:51,5deb576d1dc17d7c5515ad21,0.0,0.0,0.0,0.0,3.0,2.3,3.5,4.1,0.27940071830835006
2026-01-03 14:53:51,68188bf46dfb4b0018f8ff12,0.0,0.0,0.0,0.0,3.0,2.3,3.5,4.1,0.27940071830835006
2026-01-03 14:53:51,68a589a54e89b100173b6267,0.0,0.0,0.0,0.0,3.0,2.3,3.5,4.1,0.27940071830835006
2026-01-03 14:53:51,56de42f611f398ec0c481289,0.0,0.0,0.0,0.0,3.0,2.3,3.5,4.1,0.27940071830835006
2026-01-03 14:53:51,58ad69c4bd82540010390be7,0.0,0.0,0.0,0.0,3.0,2.3,3.5,4.1,0.27940071830835006
2026-01-03 14:53:51,6623f5876f998a001b25291a,0.0,0.0,0.0,0.0,3.0,2.3,3.5,4.1,0.27940071830835006
2026-01-03 14:53:51,6623e2e16f998a001b252233,0.0,0.0,0.0,0.0,3.0,2.3,3.5,4.1,0.27940071830835006
2026-01-03 14:53:51,63b54898bfd3d90017ea77ae,0.0,0.0,0.0,0.0,3.0,2.3,3.5,4.1,0.27940071830835006
2026-01-03 14:53:51,63b549b8bfd3d90017ea782c,0.0,0.0,0.0,0.0,3.0,2.3,3.5,4.1,0.27940071830835006
2026-01-03 14:53:51,662b5b271afb9c00172d9296,0.0,0.0,0.0,0.0,3.0,2.3,3.5,4.1,0.27940071830835006
2026-01-03 14:53:51,662a87df1afb9c00172d2522,0.0,0.0,0.0,0.0,3.0,2.3,3.5,4.1,0.27940071830835006
2026-01-03 14:53:51,68ede60a230ee50017d04c69,0.0,0.0,0.0,0.0,3.0,2.3,3.5,4.1,0.27940071830835006
2026-01-03 14:53:51,5a823bd55058170011f6eaa0,0.0,0.0,0.0,0.0,3.0,2.3,3.5,4.1,0.27940071830835006
2026-01-03 14:53:51,5a6085688576340017d06684,0.0,0.0,0.0,0.0,3.0,2.3,3.5,4.1,0.27940071830835006
2026-01-03 14:53:51,595dd7693dcfc400106f28b0,0.0,0.0,0.0,0.0,3.0,2.3,3.5,4.1,0.27940071830835006
2026-01-03 14:53:51,6623e88c6f998a001b25248b,0.0,0.0,0.0,0.0,3.0,2.3,3.5,4.1,0.27940071830835006
2026-01-03 14:53:51,63b54996bfd3d90017ea781a,0.0,0.0,0.0,0.0,3.0,2.3,3.5,4.1,0.27940071830835006
2026-01-03 14:53:51,56de42f611f398ec0c481283,0.0,0.0,0.0,0.0,3.0,2.3,3.5,4.1,0.27940071830835006
2026-01-03 14:53:51,5d8cdcf0766c880017188972,0.0,0.0,0.0,0.0,3.0,2.3,3.5,4.1,0.27940071830835006
2026-01-03 14:53:51,67e217643215f90017863b73,0.0,0.0,0.0,0.0,3.0,2.3,3.5,4.1,0.27940071830835006
2026-01-03 14:53:51,662b57ec1afb9c00172d90e3,0.0,0.0,0.0,0.0,3.0,2.3,3.5,4.1,0.3
2026-01-03 14:53:51,662b50571afb9c00172d87df,0.0,0.0,0.0,0.0,3.0,2.3,3.5,4.1,0.27940071830835006
2026-01-03 14:53:51,56df8274c062921100c143df,0.0,0.0,0.0,0.0,3.0,2.3,3.5,4.1,0.27940071830835006
2026-01-03 14:53:51,662b52131afb9c00172d8a23,0.0,0.0,0.0,0.0,3.0,2.3,3.5,4.1,0.28624858950000004
2026-01-03 14:53:51,68188b786dfb4b0018f8face,0.0,0.0,0.0,0.0,3.0,2.3,3.5,4.1,0.27940071830835006
2026-01-03 14:53:51,5a6061fd8576340017d06613,0.0,0.0,0.0,0.0,3.0,2.3,3.5,4.1,0.27940071830835006
2026-01-03 14:53:51,6623f0246f998a001b252797,0.0,0.0,0.0,0.0,3.0,2.3,3.5,4.1,0.27940071830835006
2026-01-03 14:53:51,595da7d93dcfc400106f288a,0.0,0.0,0.0,0.0,3.0,2.3,3.5,4.1,0.27940071830835006
2026-01-03 14:53:51,66b1c311779f740018674083,0.0,0.0,0.0,0.0,3.0,2.3,3.5,4.1,0.27940071830835006
2026-01-03 14:53:51,68ae7f327d735d00173c74e4,0.0,0.0,0.0,0.0,3.0,2.3,3.5,4.1,0.27940071830835006
2026-01-03 14:53:51,59ca30fd02eb490011a0a406,0.0,0.0,0.0,0.0,3.0,2.3,3.5,4.1,0.27940071830835006
2026-01-03 14:53:51,662a8cfe1afb9c00172d296e,0.0,0.0,0.0,0.0,3.0,2.3,3.5,4.1,0.27940071830835006
2026-01-03 14:53:51,589b39d9b3bf7600110283c1,0.0,0.0,0.0,0.0,3.0,2.3,3.5,4.1,0.27940071830835006
2026-01-03 14:53:51,5d8cd326766c88001718893e,0.0,0.0,0.0,0.0,3.0,2.3,3.5,4.1,0.27940071830835006
2026-01-03 14:53:51,587461c1b807da0011e33cc8,0.0,0.0,0.0,0.0,3.0,2.3,3.5,4.1,0.27940071830835006
2026-01-03 14:53:51,63ae76afbfd3d90017e8f106,0.0,0.0,0.0,0.0,3.0,2.3,3.5,4.1,0.27940071830835006
2026-01-03 14:53:51,63b661a3bfd3d90017eaa520,0.0,0.0,0.0,0.0,3.0,2.3,3.5,4.1,0.27940071830835006
2026-01-03 14:53:51,583f926761cfea0012cf68f1,0.0,0.0,0.0,0.0,3.0,2.3,3.5,4.1,0.27940071830835006
2026-01-03 14:53:51,6878bab06145d3001ba517f7,0.0,0.0,0.0,0.0,3.0,2.3,3.5,4.1,0.27940071830835006
2026-01-03 14:53:51,56df81d8c062921100c143de,0.0,0.0,0.0,0.0,3.0,2.3,3.5,4.1,0.27940071830835006
2026-01-03 14:53:51,63ae73cebfd3d90017e8f00d,0.0,0.0,0.0,0.0,3.0,2.3,3.5,4.1,0.27940071830835006
2026-01-03 14:53:51,662a8a661afb9c00172d2762,0.0,0.0,0.0,0.0,3.0,2.3,3.5,4.1,0.27940071830835006
2026-01-03 14:53:51,6623e7526f998a001b252407,0.0,0.0,0.0,0.0,3.0,2.3,3.5,4.1,0.27940071830835006
2026-01-03 14:53:51,5a6084898576340017d06680,0.0,0.0,0.0,0.0,3.0,2.3,3.5,4.1,0.27940071830835006
2026-01-03 14:53:51,56de42f611f398ec0c48129b,0.0,0.0,0.0,0.0,3.0,2.3,3.5,4.1,0.27940071830835006
2026-01-03 14:53:51,586e2492f9fab7001111b0ab,0.0,0.0,0.0,0.0,3.0,2.3,3.5,4.1,0.27940071830835006
2026-01-03 14:53:51,68edd621230ee50017d031c5,0.0,0.0,0.0,0.0,3.0,2.3,3.5,4.1,0.27940071830835006
2026-01-03 14:53:51,68ede0cf230ee50017d04657,0.0,0.0,0.0,0.0,3.0,2.3,3.5,4.1,0.27940071830835006
2026-01-03 14:53:51,662b571d1afb9c00172d9083,0.0,0.0,0.0,0.0,3.0,2.3,3.5,4.1,0.3
2026-01-03 14:53:51,587479b1b807da0011e33cf9,0.0,0.0,0.0,0.0,3.0,2.3,3.5,4.1,0.27940071830835006
2026-01-03 14:53:51,62da3e620637a10017d70720,0.0,0.0,0.0,0.0,3.0,2.3,3.5,4.1,0.3
2026-01-03 14:53:51,63b54909bfd3d90017ea77e4,0.0,0.0,0.0,0.0,3.0,2.3,3.5,4.1,0.27940071830835006
2026-01-03 14:53:51,595ddbbf3dcfc400106f28b8,0.0,0.0,0.0,0.0,3.0,2.3,3.5,4.1,0.27940071830835006
2026-01-03 14:53:51,5d9de43b766c880017188cb6,0.0,0.0,0.0,0.0,3.0,2.3,3.5,4.1,0.27940071830835006
2026-01-03 14:53:51,5a8250cc5058170011f6eaba,0.0,0.0,0.0,0.0,3.0,2.3,3.5,4.1,0.3
2026-01-03 14:53:51,6818868b6dfb4b0018f8f298,0.0,0.0,0.0,0.0,3.0,2.3,3.5,4.1,0.27940071830835006
2026-01-03 14:53:51,5b0b7e1c0e517b00119fd80b,0.0,0.0,0.0,0.0,3.0,2.3,3.5,4.1,0.3
2026-01-03 14:53:51,56de42f611f398ec0c48129a,0.0,0.0,0.0,0.0,3.0,2.3,3.5,4.1,0.27940071830835006
2026-01-03 14:53:51,662b57711afb9c00172d90a7,0.0,0.0,0.0,0.0,3.0,2.3,3.5,4.1,0.27940071830835006
2026-01-03 14:53:51,63b54968bfd3d90017ea7808,0.0,0.0,0.0,0.0,3.0,2.3,3.5,4.1,0.27940071830835006
2026-01-03 14:53:51,56de42f611f398ec0c48127f,0.0,0.0,0.0,0.0,3.0,2.3,3.5,4.1,0.27940071830835006
2026-01-03 14:53:51,58df5016dc195800111e04bd,0.0,0.0,0.0,0.0,3.0,2.3,3.5,4.1,0.27940071830835006
2026-01-03 14:53:51,681887836dfb4b0018f8f3d1,0.0,0.0,0.0,0.0,3.0,2.3,3.5,4.1,0.27940071830835006
2026-01-03 14:53:51,681884726dfb4b0018f8f035,0.0,0.0,0.0,0.0,3.0,2.3,3.5,4.1,0.27940071830835006
2026-01-03 14:53:51,5d8cdac3766c880017188962,0.0,0.0,0.0,0.0,3.0,2.3,3.5,4.1,0.27940071830835006
2026-01-03 14:53:51,587ef5dfb807da0011e33d59,0.0,0.0,0.0,0.0,3.0,2.3,3.5,4.1,0.27940071830835006
2026-01-03 14:53:51,68fae32b6b936b001721878b,0.0,0.0,0.0,0.0,3.0,2.3,3.5,4.1,0.27940071830835006
2026-01-03 14:53:51,595dc2f03dcfc400106f2896,0.0,0.0,0.0,0.0,3.0,2.3,3.5,4.1,0.27940071830835006
2026-01-03 14:53:51,662b85f51afb9c00172dd1c2,0.0,0.0,0.0,0.0,3.0,2.3,3.5,4.1,0.27940071830835006
2026-01-03 14:53:51,692293f044912200174bc856,0.0,0.0,0.0,0.0,3.0,2.3,3.5,4.1,0.27940071830835006
2026-01-03 14:53:51,68a588c04e89b100173b616b,0.0,0.0,0.0,0.0,3.0,2.3,3.5,4.1,0.27940071830835006
2026-01-03 14:53:51,5d8cdbdc766c88001718896a,0.0,0.0,0.0,0.0,3.0,2.3,3.5,4.1,0.27940071830835006
2026-01-03 14:53:51,63b54d5abfd3d90017ea7afe,0.0,0.0,0.0,0.0,3.0,2.3,3.5,4.1,0.27940071830835006
2026-01-03 14:53:51,5deb576d1dc17d7c5515ad13,0.0,0.0,0.0,0.0,3.0,2.3,3.5,4.1,0.27940071830835006
2026-01-03 14:53:51,662b862a1afb9c00172dd1ff,0.0,0.0,0.0,0.0,3.0,2.3,3.5,4.1,0.27940071830835006
2026-01-03 14:53:51,5deb576d1dc17d7c5515acf2,0.0,0.0,0.0,0.0,3.0,2.3,3.5,4.1,0.27940071830835006
2026-01-03 14:53:51,5a824e465058170011f6eab4,0.0,0.0,0.0,0.0,3.0,2.3,3.5,4.1,0.27940071830835006
2026-01-03 14:53:51,662b57471afb9c00172d9095,0.0,0.0,0.0,0.0,3.0,2.3,3.5,4.1,0.27940071830835006
2026-01-03 14:53:51,56de42f611f398ec0c481291,0.0,0.0,0.0,0.0,3.0,2.3,3.5,4.1,0.27940071830835006
2026-01-03 14:53:51,584e71cb61cfea0012cf694b,0.0,0.0,0.0,0.0,3.0,2.3,3.5,4.1,0.3
2026-01-03 14:53:51,595f874d3dcfc400106f28ec,0.0,0.0,0.0,0.0,3.0,2.3,3.5,4.1,0.27940071830835006
2026-01-03 14:53:51,5b19d34faf4ff60011d6ea52,0.0,0.0,0.0,0.0,3.0,2.3,3.5,4.1,0.27940071830835006
2026-01-03 14:53:51,63b3c9bfbfd3d90017e9b039,0.0,0.0,0.0,0.0,3.0,2.3,3.5,4.1,0.27940071830835006
2026-01-03 14:53:51,5deb576d1dc17d7c5515acf4,0.0,0.0,0.0,0.0,3.0,2.3,3.5,4.1,0.3
2026-01-03 14:53:51,6922944044912200174bc883,0.0,0.0,0.0,0.0,3.0,2.3,3.5,4.1,0.27940071830835006
2026-01-03 14:53:51,58af99abbd82540010390c39,0.0,0.0,0.0,0.0,3.0,2.3,3.5,4.1,0.27940071830835006
2026-01-03 14:53:51,68a5894a4e89b100173b6202,0.0,0.0,0.0,0.0,3.0,2.3,3.5,4.1,0.27940071830835006
2026-01-03 14:53:51,6623ecc16f998a001b25269e,0.0,0.0,0.0,0.0,3.0,2.3,3.5,4.1,0.27940071830835006
2026-01-03 14:53:51,6623e3ea6f998a001b2522ae,0.0,0.0,0.0,0.0,3.0,2.3,3.5,4.1,0.27940071830835006
2026-01-03 14:53:51,662b7d0c1afb9c00172dc6a6,0.0,0.0,0.0,0.0,3.0,2.3,3.5,4.1,0.27940071830835006
2026-01-03 14:53:51,662b54bb1afb9c00172d8dbb,0.0,0.0,0.0,0.0,3.0,2.3,3.5,4.1,0.27940071830835006
2026-01-03 14:53:51,662b58bd1afb9c00172d9119,0.0,0.0,0.0,0.0,3.0,2.3,3.5,4.1,0.27940071830835006
2026-01-03 14:53:51,595f86c43dcfc400106f28ea,0.0,0.0,0.0,0.0,3.0,2.3,3.5,4.1,0.27940071830835006
2026-01-03 14:53:51,59ca321b02eb490011a0a40d,0.0,0.0,0.0,0.0,3.0,2.3,3.5,4.1,0.27940071830835006
2026-01-03 14:53:51,5a82439f5058170011f6eaa9,0.0,0.0,0.0,0.0,3.0,2.3,3.5,4.1,0.27940071830835006
2026-01-03 14:53:51,6623e5d66f998a001b25235a,0.0,0.0,0.0,0.0,3.0,2.3,3.5,4.1,0.27940071830835006
2026-01-03 14:53:51,58d7c20ac1e33c00112b321c,0.0,0.0,0.0,0.0,3.0,2.3,3.5,4.1,0.27940071830835006
2026-01-03 14:53:51,589d0b74b3bf7600110283d4,0.0,0.0,0.0,0.0,3.0,2.3,3.5,4.1,0.27940071830835006
2026-01-03 14:53:51,56df807bc062921100c143da,0.0,0.0,0.0,0.0,3.0,2.3,3.5,4.1,0.27940071830835006
2026-01-03 14:53:51,662b82a61afb9c00172dcdfd,0.0,0.0,0.0,0.0,3.0,2.3,3.5,4.1,0.27940071830835006
2026-01-03 14:53:51,586e266ef9fab7001111b0b0,0.0,0.0,0.0,0.0,3.0,2.3,3.5,4.1,0.27940071830835006
2026-01-03 14:53:51,63ae7a74bfd3d90017e8f2c7,0.0,0.0,0.0,0.0,3.0,2.3,3.5,4.1,0.27940071830835006
2026-01-03 14:53:51,59d3414302eb490011a0a610,0.0,0.0,0.0,0.0,3.0,2.3,3.5,4.1,0.27940071830835006
2026-01-03 14:53:51,6623e9e96f998a001b2525ce,0.0,0.0,0.0,0.0,3.0,2.3,3.5,4.1,0.27940071830835006
2026-01-03 14:53:51,63ae7a9cbfd3d90017e8f303,0.0,0.0,0.0,0.0,3.0,2.3,3.5,4.1,0.27940071830835006
2026-01-03 14:53:51,5a6085188576340017d06682,0.0,0.0,0.0,0.0,3.0,2.3,3.5,4.1,0.3
2026-01-03 14:53:51,56de42f611f398ec0c481286,0.0,0.0,0.0,0.0,3.0,2.3,3.5,4.1,0.27940071830835006
2026-01-03 14:53:51,6623f14b6f998a001b2527f0,0.0,0.0,0.0,0.0,3.0,2.3,3.5,4.1,0.27940071830835006
2026-01-03 14:53:51,662b4f411afb9c00172d86fc,0.0,0.0,0.0,0.0,3.0,2.3,3.5,4.1,0.27940071830835006
2026-01-03 14:53:51,6792f9c88c5ed4001b27fb3d,0.0,0.0,0.0,0.0,3.0,2.3,3.5,4.1,0.27940071830835006
2026-01-03 14:53:51,662b843d1afb9c00172dd02d,0.0,0.0,0.0,0.0,3.0,2.3,3.5,4.1,0.27940071830835006
2026-01-03 14:53:51,595d9b3b3dcfc400106f287e,0.0,0.0,0.0,0.0,3.0,2.3,3.5,4.1,0.27940071830835006
2026-01-03 14:53:51,5deb576d1dc17d7c5515ad0b,0.0,0.0,0.0,0.0,3.0,2.3,3.5,4.1,0.27940071830835006
2026-01-03 14:53:51,5a6087858576340017d0668e,0.0,0.0,0.0,0.0,3.0,2.3,3.5,4.1,0.27940071830835006
2026-01-03 14:53:51,662b4e581afb9c00172d862f,0.0,0.0,0.0,0.0,3.0,2.3,3.5,4.1,0.27940071830835006
2026-01-03 14:53:51,587464e2b807da0011e33cd9,0.0,0.0,0.0,0.0,3.0,2.3,3.5,4.1,0.27940071830835006
2026-01-03 14:53:51,58afdbaebd82540010390c48,0.0,0.0,0.0,0.0,3.0,2.3,3.5,4.1,0.27940071830835006
2026-01-03 14:53:51,63b54c51bfd3d90017ea7aa0,0.0,0.0,0.0,0.0,3.0,2.3,3.5,4.1,0.27940071830835006
2026-01-03 14:53:51,58ad6214bd82540010390be2,0.0,0.0,0.0,0.0,3.0,2.3,3.5,4.1,0.27940071830835006
2026-01-03 14:53:51,5deb576d1dc17d7c5515ad09,0.0,0.0,0.0,0.0,3.0,2.3,3.5,4.1,0.27940071830835006
2026-01-03 14:53:51,58af8a0bbd82540010390c25,0.0,0.0,0.0,0.0,3.0,2.3,3.5,4.1,0.27940071830835006
2026-01-03 14:53:51,5b0b74280e517b00119fd7f9,0.0,0.0,0.0,0.0,3.0,2.3,3.5,4.1,0.3
2026-01-03 14:53:51,587ef859b807da0011e33d5b,0.0,0.0,0.0,0.0,3.0,2.3,3.5,4.1,0.27940071830835006
2026-01-03 14:53:51,58744e97b807da0011e33cb9,0.0,0.0,0.0,0.0,3.0,2.3,3.5,4.1,0.27940071830835006
2026-01-03 14:53:51,692293c644912200174bc83b,0.0,0.0,0.0,0.0,3.0,2.3,3.5,4.1,0.27940071830835006
2026-01-03 14:53:51,63b54a48bfd3d90017ea7850,0.0,0.0,0.0,0.0,3.0,2.3,3.5,4.1,0.27940071830835006
2026-01-03 14:53:51,58c2717ed56e930010a39ac0,0.0,0.0,0.0,0.0,3.0,2.3,3.5,4.1,0.27940071830835006
2026-01-03 14:53:51,58afcd9bbd82540010390c41,0.0,0.0,0.0,0.0,3.0,2.3,3.5,4.1,0.27940071830835006
2026-01-03 14:53:51,63b54a9ebfd3d90017ea7911,0.0,0.0,0.0,0.0,3.0,2.3,3.5,4.1,0.27940071830835006
2026-01-03 14:53:51,5bbc7163ca0577001164127f,0.0,0.0,0.0,0.0,3.0,2.3,3.5,4.1,0.27940071830835006
2026-01-03 14:53:51,6623f3d66f998a001b252890,0.0,0.0,0.0,0.0,3.0,2.3,3.5,4.1,0.27940071830835006
2026-01-03 14:53:51,5b6005b6fd4edb0019c7db25,0.0,0.0,0.0,0.0,3.0,2.3,3.5,4.1,0.27940071830835006
2026-01-03 14:53:51,662a902a1afb9c00172d2bed,0.0,0.0,0.0,0.0,3.0,2.3,3.5,4.1,0.27940071830835006
2026-01-03 14:53:51,662b85481afb9c00172dd0f1,0.0,0.0,0.0,0.0,3.0,2.3,3.5,4.1,0.27940071830835006
2026-01-03 14:53:51,6623ef2b6f998a001b252753,0.0,0.0,0.0,0.0,3.0,2.3,3.5,4.1,0.27940071830835006
2026-01-03 14:53:51,66b1c4e7779f7400186741e4,0.0,0.0,0.0,0.0,3.0,2.3,3.5,4.1,0.27940071830835006
2026-01-03 14:53:51,56de42f611f398ec0c48129c,0.0,0.0,0.0,0.0,3.0,2.3,3.5,4.1,0.27940071830835006
2026-01-03 14:53:51,587c8661b807da0011e33d43,0.0,0.0,0.0,0.0,3.0,2.3,3.5,4.1,0.28624858950000004
2026-01-03 14:53:51,5b632a79fd4edb0019c7dc0f,0.0,0.0,0.0,0.0,3.0,2.3,3.5,4.1,0.3
2026-01-03 14:53:51,662a87a41afb9c00172d24e9,0.0,0.0,0.0,0.0,3.0,2.3,3.5,4.1,0.27940071830835006
2026-01-03 14:53:51,595dd4133dcfc400106f28a9,0.0,0.0,0.0,0.0,3.0,2.3,3.5,4.1,0.27940071830835006
2026-01-03 14:53:51,662b5b8c1afb9c00172d92ca,0.0,0.0,0.0,0.0,3.0,2.3,3.5,4.1,0.27940071830835006
2026-01-03 14:53:51,5d8cd7bb766c880017188952,0.0,0.0,0.0,0.0,3.0,2.3,3.5,4.1,0.3
2026-01-03 14:53:51,56df857fc062921100c143e7,0.0,0.0,0.0,0.0,3.0,2.3,3.5,4.1,0.3
2026-01-03 14:53:51,63ae75debfd3d90017e8f082,0.0,0.0,0.0,0.0,3.0,2.3,3.5,4.1,0.27940071830835006
2026-01-03 14:53:51,6623eb466f998a001b252632,0.0,0.0,0.0,0.0,3.0,2.3,3.5,4.1,0.27940071830835006
2026-01-03 14:53:51,5a824dc05058170011f6eab2,0.0,0.0,0.0,0.0,3.0,2.3,3.5,4.1,0.27940071830835006
2026-01-03 14:53:51,5d8cd49f766c880017188944,0.0,0.0,0.0,0.0,3.0,2.3,3.5,4.1,0.3
2026-01-03 14:53:51,5a606c078576340017d06624,0.0,0.0,0.0,0.0,3.0,2.3,3.5,4.1,0.27940071830835006
2026-01-03 14:53:51,5deb576d1dc17d7c5515acf3,0.0,0.0,0.0,0.0,3.0,2.3,3.5,4.1,0.27940071830835006
2026-01-03 14:53:51,5a8254b05058170011f6eac3,0.0,0.0,0.0,0.0,3.0,2.3,3.5,4.1,0.27940071830835006
2026-01-03 14:53:51,662b50c11afb9c00172d8843,0.0,0.0,0.0,0.0,3.0,2.3,3.5,4.1,0.27940071830835006
2026-01-03 14:53:51,6623f51a6f998a001b252900,0.0,0.0,0.0,0.0,3.0,2.3,3.5,4.1,0.27940071830835006
2026-01-03 14:53:51,5deb576d1dc17d7c5515ad1b,0.0,0.0,0.0,0.0,3.0,2.3,3.5,4.1,0.3
2026-01-03 14:53:51,58744e3eb807da0011e33cb7,0.0,0.0,0.0,0.0,3.0,2.3,3.5,4.1,0.27940071830835006
2026-01-03 14:53:51,58744dd9b807da0011e33cb5,0.0,0.0,0.0,0.0,3.0,2.3,3.5,4.1,0.27940071830835006
2026-01-03 14:53:51,56df8416c062921100c143e4,0.0,0.0,0.0,0.0,3.0,2.3,3.5,4.1,0.3
2026-01-03 14:53:51,681883b46dfb4b0018f8ef39,0.0,0.0,0.0,0.0,3.0,2.3,3.5,4.1,0.27940071830835006
2026-01-03 14:53:51,58af8b69bd82540010390c28,0.0,0.0,0.0,0.0,3.0,2.3,3.5,4.1,0.27940071830835006
2026-01-03 14:53:51,6623e3a26f998a001b252291,0.0,0.0,0.0,0.0,3.0,2.3,3.5,4.1,0.27940071830835006
2026-01-03 14:53:51,589b3ceeb3bf7600110283c3,0.0,0.0,0.0,0.0,3.0,2.3,3.5,4.1,0.27940071830835006
2026-01-03 14:53:51,595dcab53dcfc400106f289d,0.0,0.0,0.0,0.0,3.0,2.3,3.5,4.1,0.27940071830835006
2026-01-03 14:53:51,662a89211afb9c00172d2636,0.0,0.0,0.0,0.0,3.0,2.3,3.5,4.1,0.27940071830835006
2026-01-03 14:53:51,5deb576d1dc17d7c5515ad05,0.0,0.0,0.0,0.0,3.0,2.3,3.5,4.1,0.27940071830835006
2026-01-03 14:53:51,595dd4f43dcfc400106f28ab,0.0,0.0,0.0,0.0,3.0,2.3,3.5,4.1,0.27940071830835006
2026-01-03 14:53:51,6792ef4f8c5ed4001b27f2c0,0.0,0.0,0.0,0.0,3.0,2.3,3.5,4.1,0.27940071830835006
2026-01-03 14:53:51,662b84771afb9c00172dd076,0.0,0.0,0.0,0.0,3.0,2.3,3.5,4.1,0.27940071830835006
2026-01-03 14:53:51,6623f0b46f998a001b2527c3,0.0,0.0,0.0,0.0,3.0,2.3,3.5,4.1,0.27940071830835006
2026-01-03 14:53:51,6922928544912200174bc755,0.0,0.0,0.0,0.0,3.0,2.3,3.5,4.1,0.27940071830835006
2026-01-03 14:53:51,665861d864f11e00173c73a9,0.0,0.0,0.0,0.0,3.0,2.3,3.5,4.1,0.27940071830835006
2026-01-03 14:53:51,5a607f078576340017d0666f,0.0,0.0,0.0,0.0,3.0,2.3,3.5,4.1,0.27940071830835006
2026-01-03 14:53:51,68ede112230ee50017d046a6,0.0,0.0,0.0,0.0,3.0,2.3,3.5,4.1,0.27940071830835006
2026-01-03 14:53:51,5a824ee15058170011f6eab6,0.0,0.0,0.0,0.0,3.0,2.3,3.5,4.1,0.27940071830835006
2026-01-03 14:53:51,6623ed396f998a001b2526b8,0.0,0.0,0.0,0.0,3.0,2.3,3.5,4.1,0.27940071830835006
2026-01-03 14:53:51,5b632b60fd4edb0019c7dc12,0.0,0.0,0.0,0.0,3.0,2.3,3.5,4.1,0.3
2026-01-03 14:53:51,587c8d97b807da0011e33d49,0.0,0.0,0.0,0.0,3.0,2.3,3.5,4.1,0.27940071830835006
2026-01-03 14:53:51,59414c883dcfc400106f260b,0.0,0.0,0.0,0.0,3.0,2.3,3.5,4.1,0.27940071830835006
2026-01-03 14:53:51,56df82d4c062921100c143e0,0.0,0.0,0.0,0.0,3.0,2.3,3.5,4.1,0.27940071830835006
2026-01-03 14:53:51,6792f1008c5ed4001b27f41f,0.0,0.0,0.0,0.0,3.0,2.3,3.5,4.1,0.27940071830835006
2026-01-03 14:53:51,58affc6017139d0010f35cc8,0.0,0.0,0.0,0.0,3.0,2.3,3.5,4.1,0.27940071830835006
2026-01-03 14:53:51,587463bab807da0011e33cd3,0.0,0.0,0.0,0.0,3.0,2.3,3.5,4.1,0.27940071830835006
2026-01-03 14:53:51,5deb576d1dc17d7c5515ad1c,0.0,0.0,0.0,0.0,3.0,2.3,3.5,4.1,0.27940071830835006
2026-01-03 14:53:51,56de42f611f398ec0c481287,0.0,0.0,0.0,0.0,3.0,2.3,3.5,4.1,0.27940071830835006
2026-01-03 14:53:51,662b5c981afb9c00172d94c0,0.0,0.0,0.0,0.0,3.0,2.3,3.5,4.1,0.27940071830835006
2026-01-03 14:53:51,662a861e1afb9c00172d23ad,0.0,0.0,0.0,0.0,3.0,2.3,3.5,4.1,0.27940071830835006
2026-01-03 14:53:51,662b5a9c1afb9c00172d9240,0.0,0.0,0.0,0.0,3.0,2.3,3.5,4.1,0.27940071830835006
2026-01-03 14:53:51,662a88a01afb9c00172d25d1,0.0,0.0,0.0,0.0,3.0,2.3,3.5,4.1,0.27940071830835006
2026-01-03 14:53:51,68a587fc4e89b100173b6054,0.0,0.0,0.0,0.0,3.0,2.3,3.5,4.1,0.27940071830835006
2026-01-03 14:53:51,662b4e201afb9c00172d85f9,0.0,0.0,0.0,0.0,3.0,2.3,3.5,4.1,0.27940071830835006
2026-01-03 14:53:51,5d8cdb4b766c880017188966,0.0,0.0,0.0,0.0,3.0,2.3,3.5,4.1,0.27940071830835006
2026-01-03 14:53:51,58b57a6c17139d0010f35d65,0.0,0.0,0.0,0.0,3.0,2.3,3.5,4.1,0.3
2026-01-03 14:53:51,62da3e390637a10017d706ff,0.0,0.0,0.0,0.0,3.0,2.3,3.5,4.1,0.27940071830835006
2026-01-03 14:53:51,5deb576d1dc17d7c5515ad10,0.0,0.0,0.0,0.0,3.0,2.3,3.5,4.1,0.27940071830835006
2026-01-03 14:53:51,66b1c4a2779f74001867418c,0.0,0.0,0.0,0.0,3.0,2.3,3.5,4.1,0.27940071830835006
2026-01-03 14:53:51,631813ebc9eae60017a196b0,0.0,0.0,0.0,0.0,3.0,2.3,3.5,4.1,0.27940071830835006
2026-01-03 14:53:51,68188cfa6dfb4b0018f9013c,0.0,0.0,0.0,0.0,3.0,2.3,3.5,4.1,0.27940071830835006
2026-01-03 14:53:51,587475abb807da0011e33cea,0.0,0.0,0.0,0.0,3.0,2.3,3.5,4.1,0.27940071830835006
2026-01-03 14:53:51,5deb576d1dc17d7c5515ad0e,0.0,0.0,0.0,0.0,3.0,2.3,3.5,4.1,0.27940071830835006
2026-01-03 14:53:51,68ede227230ee50017d0480b,0.0,0.0,0.0,0.0,3.0,2.3,3.5,4.1,0.27940071830835006
2026-01-03 14:53:51,5deb576d1dc17d7c5515ad11,0.0,0.0,0.0,0.0,3.0,2.3,3.5,4.1,0.27940071830835006
2026-01-03 14:53:51,68ede25b230ee50017d0484d,0.0,0.0,0.0,0.0,3.0,2.3,3.5,4.1,0.27940071830835006
2026-01-03 14:53:51,587478d8b807da0011e33cf3,0.0,0.0,0.0,0.0,3.0,2.3,3.5,4.1,0.27940071830835006
2026-01-03 14:53:51,5deb576d1dc17d7c5515acf8,0.0,0.0,0.0,0.0,3.0,2.3,3.5,4.1,0.27940071830835006
2026-01-03 14:53:51,591c6833a6bfb500119400a3,0.0,0.0,0.0,0.0,3.0,2.3,3.5,4.1,0.27940071830835006
2026-01-03 14:53:51,63ae7938bfd3d90017e8f226,0.0,0.0,0.0,0.0,3.0,2.3,3.5,4.1,0.27940071830835006
2026-01-03 14:53:51,63b664edbfd3d90017eaaa24,0.0,0.0,0.0,0.0,3.0,2.3,3.5,4.1,0.27940071830835006
2026-01-03 14:53:51,56df83d8c062921100c143e3,0.0,0.0,0.0,0.0,3.0,2.3,3.5,4.1,0.27940071830835006
2026-01-03 14:53:51,6623e5776f998a001b252337,0.0,0.0,0.0,0.0,3.0,2.3,3.5,4.1,0.27940071830835006
2026-01-03 14:53:51,59ca308302eb490011a0a403,0.0,0.0,0.0,0.0,3.0,2.3,3.5,4.1,0.27940071830835006
2026-01-03 14:53:51,5deb576d1dc17d7c5515acfd,0.0,0.0,0.0,0.0,3.0,2.3,3.5,4.1,0.27940071830835006
2026-01-03 14:53:51,56df8159c062921100c143dc,0.0,0.0,0.0,0.0,3.0,2.3,3.5,4.1,0.27940071830835006
2026-01-03 14:53:51,587ef2e4b807da0011e33d57,0.0,0.0,0.0,0.0,3.0,2.3,3.5,4.1,0.27940071830835006
2026-01-03 14:53:51,589b3f7db3bf7600110283c6,0.0,0.0,0.0,0.0,3.0,2.3,3.5,4.1,0.27940071830835006
2026-01-03 14:53:51,68188c876dfb4b0018f9007b,0.0,0.0,0.0,0.0,3.0,2.3,3.5,4.1,0.27940071830835006
2026-01-03 14:53:51,6623e6706f998a001b25239b,0.0,0.0,0.0,0.0,3.0,2.3,3.5,4.1,0.27940071830835006
2026-01-03 14:53:51,662b86551afb9c00172dd227,0.0,0.0,0.0,0.0,3.0,2.3,3.5,4.1,0.27940071830835006
2026-01-03 14:53:51,662a88521afb9c00172d2592,0.0,0.0,0.0,0.0,3.0,2.3,3.5,4.1,0.27940071830835006
2026-01-03 14:53:51,649da77ea6068200171a6dd4,0.0,0.0,0.0,0.0,3.0,2.3,3.5,4.1,0.27940071830835006
2026-01-03 14:53:51,63b3c59fbfd3d90017e9ace8,0.0,0.0,0.0,0.0,3.0,2.3,3.5,4.1,0.27940071830835006
2026-01-03 14:53:51,58b5510817139d0010f35d4e,0.0,0.0,0.0,0.0,3.0,2.3,3.5,4.1,0.27940071830835006
2026-01-03 14:53:51,5a824c905058170011f6eab0,0.0,0.0,0.0,0.0,3.0,2.3,3.5,4.1,0.27940071830835006
2026-01-03 14:53:51,5deb576d1dc17d7c5515ad16,0.0,0.0,0.0,0.0,3.0,2.3,3.5,4.1,0.27940071830835006
2026-01-03 14:53:51,63ae7c73bfd3d90017e8f3ed,0.0,0.0,0.0,0.0,3.0,2.3,3.5,4.1,0.27940071830835006
2026-01-03 14:53:51,586e1d4ef9fab7001111b0a2,0.0,0.0,0.0,0.0,3.0,2.3,3.5,4.1,0.27940071830835006
2026-01-03 14:53:51,63195512c9eae60017a1c279,0.0,0.0,0.0,0.0,3.0,2.3,3.5,4.1,0.27940071830835006
2026-01-03 14:53:51,59ca2ecb02eb490011a0a3f6,0.0,0.0,0.0,0.0,3.0,2.3,3.5,4.1,0.3
2026-01-03 14:53:51,5d8cdc9d766c880017188970,0.0,0.0,0.0,0.0,3.0,2.3,3.5,4.1,0.27940071830835006
2026-01-03 14:53:51,6792f1b78c5ed4001b27f4a9,0.0,0.0,0.0,0.0,3.0,2.3,3.5,4.1,0.27940071830835006
2026-01-03 14:53:51,58d8ec0adc195800111e042b,0.0,0.0,0.0,0.0,3.0,2.3,3.5,4.1,0.27940071830835006
2026-01-03 14:53:51,5a8254f25058170011f6eac5,0.0,0.0,0.0,0.0,3.0,2.3,3.5,4.1,0.27940071830835006
2026-01-03 14:53:51,63ae7c53bfd3d90017e8f3d8,0.0,0.0,0.0,0.0,3.0,2.3,3.5,4.1,0.27940071830835006
2026-01-03 14:53:51,5deb576d1dc17d7c5515ad20,0.0,0.0,0.0,0.0,3.0,2.3,3.5,4.1,0.27940071830835006
2026-01-03 14:53:51,5874796db807da0011e33cf7,0.0,0.0,0.0,0.0,3.0,2.3,3.5,4.1,0.27940071830835006
2026-01-03 14:53:51,5deb576d1dc17d7c5515acfa,0.0,0.0,0.0,0.0,3.0,2.3,3.5,4.1,0.27940071830835006
2026-01-03 14:53:51,58746536b807da0011e33cdc,0.0,0.0,0.0,0.0,3.0,2.3,3.5,4.1,0.27940071830835006
2026-01-03 14:53:51,5a8251575058170011f6eabc,0.0,0.0,0.0,0.0,3.0,2.3,3.5,4.1,0.3
2026-01-03 14:53:51,662b59291afb9c00172d912b,0.0,0.0,0.0,0.0,3.0,2.3,3.5,4.1,0.27940071830835006
2026-01-03 14:53:51,5a6060a88576340017d0660d,0.0,0.0,0.0,0.0,3.0,2.3,3.5,4.1,0.27940071830835006
2026-01-03 14:53:51,63b65f33bfd3d90017eaa405,0.0,0.0,0.0,0.0,3.0,2.3,3.5,4.1,0.27940071830835006
2026-01-03 14:53:51,5deb576d1dc17d7c5515ad1e,0.0,0.0,0.0,0.0,3.0,2.3,3.5,4.1,0.27940071830835006
2026-01-03 14:53:51,5a6061868576340017d06611,0.0,0.0,0.0,0.0,3.0,2.3,3.5,4.1,0.27940071830835006
2026-01-03 14:53:51,589b3705b3bf7600110283bd,0.0,0.0,0.0,0.0,3.0,2.3,3.5,4.1,0.27940071830835006
2026-01-03 14:53:51,63ae7759bfd3d90017e8f162,0.0,0.0,0.0,0.0,3.0,2.3,3.5,4.1,0.27940071830835006
2026-01-03 14:53:51,63ae7709bfd3d90017e8f135,0.0,0.0,0.0,0.0,3.0,2.3,3.5,4.1,0.27940071830835006
2026-01-03 14:53:51,662b55111afb9c00172d8e2e,0.0,0.0,0.0,0.0,3.0,2.3,3.5,4.1,0.27940071830835006
2026-01-03 14:53:51,649da419a6068200171a6c90,0.0,0.0,0.0,0.0,3.0,2.3,3.5,4.1,0.27940071830835006
2026-01-03 14:53:51,58afccadbd82540010390c3f,0.0,0.0,0.0,0.0,3.0,2.3,3.5,4.1,0.27940071830835006
2026-01-03 14:53:51,662b82761afb9c00172dcda3,0.0,0.0,0.0,0.0,3.0,2.3,3.5,4.1,0.27940071830835006
2026-01-03 14:53:51,5deb576d1dc17d7c5515acf7,0.0,0.0,0.0,0.0,3.0,2.3,3.5,4.1,0.27940071830835006
2026-01-03 14:53:51,5d9ddd49766c880017188c94,0.0,0.0,0.0,0.0,3.0,2.3,3.5,4.1,0.27940071830835006
2026-01-03 14:53:51,5d8cd767766c880017188950,0.0,0.0,0.0,0.0,3.0,2.3,3.5,4.1,0.27940071830835006
2026-01-03 14:53:51,6922931044912200174bc7cf,0.0,0.0,0.0,0.0,3.0,2.3,3.5,4.1,0.27940071830835006
2026-01-03 14:53:51,6792f16e8c5ed4001b27f482,0.0,0.0,0.0,0.0,3.0,2.3,3.5,4.1,0.27940071830835006
2026-01-03 14:53:51,595f8d813dcfc400106f28f2,0.0,0.0,0.0,0.0,3.0,2.3,3.5,4.1,0.27940071830835006
2026-01-03 14:53:51,5874656eb807da0011e33cde,0.0,0.0,0.0,0.0,3.0,2.3,3.5,4.1,0.27940071830835006
2026-01-03 14:53:51,6623e3566f998a001b25226d,0.0,0.0,0.0,0.0,3.0,2.3,3.5,4.1,0.27940071830835006
2026-01-03 14:53:51,5abbb6d698d8fc001102dfc8,0.0,0.0,0.0,0.0,3.0,2.3,3.5,4.1,0.28624858950000004
2026-01-03 14:53:51,5d8cdd26766c880017188974,0.0,0.0,0.0,0.0,3.0,2.3,3.5,4.1,0.3
2026-01-03 14:53:51,5deb576d1dc17d7c5515ad03,0.0,0.0,0.0,0.0,3.0,2.3,3.5,4.1,0.27940071830835006
2026-01-03 14:53:51,63ae777cbfd3d90017e8f177,0.0,0.0,0.0,0.0,3.0,2.3,3.5,4.1,0.27940071830835006
2026-01-03 14:53:51,631828cac9eae60017a19f50,0.0,0.0,0.0,0.0,3.0,2.3,3.5,4.1,0.27940071830835006
2026-01-03 14:53:51,63b3c2fbbfd3d90017e9abbf,0.0,0.0,0.0,0.0,3.0,2.3,3.5,4.1,0.27940071830835006
2026-01-03 14:53:51,58d7c2e6c1e33c00112b321e,0.0,0.0,0.0,0.0,3.0,2.3,3.5,4.1,0.27940071830835006
2026-01-03 14:53:51,63b54ad1bfd3d90017ea7974,0.0,0.0,0.0,0.0,3.0,2.3,3.5,4.1,0.27940071830835006
2026-01-03 14:53:51,662b5b481afb9c00172d92a8,0.0,0.0,0.0,0.0,3.0,2.3,3.5,4.1,0.27940071830835006
2026-01-03 14:53:51,681885376dfb4b0018f8f0f2,0.0,0.0,0.0,0.0,3.0,2.3,3.5,4.1,0.27940071830835006
2026-01-03 14:53:51,56de42f611f398ec0c48129e,0.0,0.0,0.0,0.0,3.0,2.3,3.5,4.1,0.27940071830835006
2026-01-03 14:53:51,5d9dddb9766c880017188c96,0.0,0.0,0.0,0.0,3.0,2.3,3.5,4.1,0.27940071830835006
2026-01-03 14:53:51,5d8cd372766c880017188940,0.0,0.0,0.0,0.0,3.0,2.3,3.5,4.1,0.3
2026-01-03 14:53:51,5a60839c8576340017d0667c,0.0,0.0,0.0,0.0,3.0,2.3,3.5,4.1,0.27940071830835006
2026-01-03 14:53:51,68188c236dfb4b0018f8ff8f,0.0,0.0,0.0,0.0,3.0,2.3,3.5,4.1,0.27940071830835006
2026-01-03 14:53:51,63b65f64bfd3d90017eaa41f,0.0,0.0,0.0,0.0,3.0,2.3,3.5,4.1,0.27940071830835006
2026-01-03 14:53:51,58746371b807da0011e33cd1,0.0,0.0,0.0,0.0,3.0,2.3,3.5,4.1,0.3
2026-01-03 14:53:51,63bd1e95bfd3d90017ec3cd5,0.0,0.0,0.0,0.0,3.0,2.3,3.5,4.1,0.27940071830835006
2026-01-03 14:53:51,63ae7cd3bfd3d90017e8f408,0.0,0.0,0.0,0.0,3.0,2.3,3.5,4.1,0.27940071830835006
2026-01-03 14:53:51,5d8cd70e766c88001718894e,0.0,0.0,0.0,0.0,3.0,2.3,3.5,4.1,0.27940071830835006
2026-01-03 14:53:51,58b555ac17139d0010f35d59,0.0,0.0,0.0,0.0,3.0,2.3,3.5,4.1,0.27940071830835006
2026-01-03 14:53:51,595ddc123dcfc400106f28ba,0.0,0.0,0.0,0.0,3.0,2.3,3.5,4.1,0.27940071830835006
2026-01-03 14:53:51,63b55020bfd3d90017ea7cb7,0.0,0.0,0.0,0.0,3.0,2.3,3.5,4.1,0.27940071830835006
2026-01-03 14:53:51,68ede746230ee50017d04dcc,0.0,0.0,0.0,0.0,3.0,2.3,3.5,4.1,0.27940071830835006
2026-01-03 14:53:51,5b19d2f9af4ff60011d6ea4f,0.0,0.0,0.0,0.0,3.0,2.3,3.5,4.1,0.3
2026-01-03 14:53:51,662b4d781afb9c00172d8571,0.0,0.0,0.0,0.0,3.0,2.3,3.5,4.1,0.27940071830835006
2026-01-03 14:53:51,5a606a958576340017d06621,0.0,0.0,0.0,0.0,3.0,2.3,3.5,4.1,0.27940071830835006
2026-01-03 14:53:51,662a8c381afb9c00172d28b6,0.0,0.0,0.0,0.0,3.0,2.3,3.5,4.1,0.27940071830835006
2026-01-03 14:53:51,63b6617ebfd3d90017eaa50b,0.0,0.0,0.0,0.0,3.0,2.3,3.5,4.1,0.27940071830835006
2026-01-03 14:53:51,595f91653dcfc400106f28f6,0.0,0.0,0.0,0.0,3.0,2.3,3.5,4.1,0.3
2026-01-03 14:53:51,56de42f611f398ec0c481292,0.0,0.0,0.0,0.0,3.0,2.3,3.5,4.1,0.27940071830835006
2026-01-03 14:53:51,681888066dfb4b0018f8f4c2,0.0,0.0,0.0,0.0,3.0,2.3,3.5,4.1,0.27940071830835006
2026-01-03 14:53:51,5deb576d1dc17d7c5515acff,0.0,0.0,0.0,0.0,3.0,2.3,3.5,4.1,0.27940071830835006
2026-01-03 14:53:51,662b58791afb9c00172d9107,0.0,0.0,0.0,0.0,3.0,2.3,3.5,4.1,0.27940071830835006
2026-01-03 14:53:51,662b811d1afb9c00172dcc1d,0.0,0.0,0.0,0.0,3.0,2.3,3.5,4.1,0.27940071830835006
2026-01-03 14:53:51,662a8eb41afb9c00172d2aba,0.0,0.0,0.0,0.0,3.0,2.3,3.5,4.1,0.27940071830835006
2026-01-03 14:53:51,63b548ecbfd3d90017ea77d2,0.0,0.0,0.0,0.0,3.0,2.3,3.5,4.1,0.27940071830835006
2026-01-03 14:53:51,5deb576d1dc17d7c5515acfb,0.0,0.0,0.0,0.0,3.0,2.3,3.5,4.1,0.27940071830835006
2026-01-03 14:53:51,56de42f611f398ec0c48127d,0.0,0.0,0.0,0.0,3.0,2.3,3.5,4.1,0.27940071830835006
2026-01-03 14:53:51,56de42f611f398ec0c48128d,0.0,0.0,0.0,0.0,3.0,2.3,3.5,4.1,0.27940071830835006
2026-01-03 14:53:51,6792f03d8c5ed4001b27f378,0.0,0.0,0.0,0.0,3.0,2.3,3.5,4.1,0.27940071830835006
2026-01-03 14:53:51,68ede490230ee50017d04ae5,0.0,0.0,0.0,0.0,3.0,2.3,3.5,4.1,0.27940071830835006
2026-01-03 14:53:51,6623e7076f998a001b2523ea,0.0,0.0,0.0,0.0,3.0,2.3,3.5,4.1,0.27940071830835006
2026-01-03 14:53:51,59ca2cac02eb490011a0a3e9,0.0,0.0,0.0,0.0,3.0,2.3,3.5,4.1,0.27940071830835006
2026-01-03 14:53:51,586e25e1f9fab7001111b0ae,0.0,0.0,0.0,0.0,3.0,2.3,3.5,4.1,0.27940071830835006
2026-01-03 14:53:51,681889ec6dfb4b0018f8f6cb,0.0,0.0,0.0,0.0,3.0,2.3,3.5,4.1,0.27940071830835006
2026-01-03 14:53:51,5d9dde8e766c880017188c9a,0.0,0.0,0.0,0.0,3.0,2.3,3.5,4.1,0.3
2026-01-03 14:53:51,5d9ddf0f766c880017188c9e,0.0,0.0,0.0,0.0,3.0,2.3,3.5,4.1,0.27940071830835006
2026-01-03 14:53:51,681883866dfb4b0018f8eef6,0.0,0.0,0.0,0.0,3.0,2.3,3.5,4.1,0.27940071830835006
2026-01-03 14:53:51,63ae76ddbfd3d90017e8f11b,0.0,0.0,0.0,0.0,3.0,2.3,3.5,4.1,0.27940071830835006
2026-01-03 14:53:51,5deb576d1dc17d7c5515ad14,0.0,0.0,0.0,0.0,3.0,2.3,3.5,4.1,0.27940071830835006
2026-01-03 14:53:51,63b66035bfd3d90017eaa48e,0.0,0.0,0.0,0.0,3.0,2.3,3.5,4.1,0.27940071830835006
2026-01-03 14:53:51,585b284ac3f96200127dc500,0.0,0.0,0.0,0.0,3.0,2.3,3.5,4.1,0.27940071830835006
2026-01-03 14:53:51,56de42f611f398ec0c481295,0.0,0.0,0.0,0.0,3.0,2.3,3.5,4.1,0.27940071830835006
2026-01-03 14:53:51,5deb576d1dc17d7c5515ad04,0.0,0.0,0.0,0.0,3.0,2.3,3.5,4.1,0.27940071830835006
2026-01-03 14:53:51,5a8278f35058170011f6eaed,0.0,0.0,0.0,0.0,3.0,2.3,3.5,4.1,0.27940071830835006
2026-01-03 14:53:51,662b830e1afb9c00172dcf50,0.0,0.0,0.0,0.0,3.0,2.3,3.5,4.1,0.27940071830835006
2026-01-03 14:53:51,5a6084208576340017d0667e,0.0,0.0,0.0,0.0,3.0,2.3,3.5,4.1,0.3
2026-01-03 14:53:51,5a825ab55058170011f6ead2,0.0,0.0,0.0,0.0,3.0,2.3,3.5,4.1,0.3
2026-01-03 14:53:51,586e20a0f9fab7001111b0a7,0.0,0.0,0.0,0.0,3.0,2.3,3.5,4.1,0.3
2026-01-03 14:53:51,6623edd26f998a001b2526f7,0.0,0.0,0.0,0.0,3.0,2.3,3.5,4.1,0.27940071830835006
2026-01-03 14:53:51,5a8255a55058170011f6eac7,0.0,0.0,0.0,0.0,3.0,2.3,3.5,4.1,0.27940071830835006
2026-01-03 14:53:51,56de42f611f398ec0c481294,0.0,0.0,0.0,0.0,3.0,2.3,3.5,4.1,0.3
2026-01-03 14:53:51,587ed91db807da0011e33d4e,0.0,0.0,0.0,0.0,3.0,2.3,3.5,4.1,0.27940071830835006
2026-01-03 14:53:51,63b54dcbbfd3d90017ea7ba8,0.0,0.0,0.0,0.0,3.0,2.3,3.5,4.1,0.27940071830835006
2026-01-03 14:53:51,56de42f611f398ec0c48128a,0.0,0.0,0.0,0.0,3.0,2.3,3.5,4.1,0.27940071830835006
2026-01-03 14:53:51,6623ed9b6f998a001b2526cd,0.0,0.0,0.0,0.0,3.0,2.3,3.5,4.1,0.27940071830835006
2026-01-03 14:53:51,58b5752e17139d0010f35d5f,0.0,0.0,0.0,0.0,3.0,2.3,3.5,4.1,0.27940071830835006
2026-01-03 14:53:51,58175c81edeb6c0012a2d5c2,0.0,0.0,0.0,0.0,3.0,2.3,3.5,4.1,0.27940071830835006
2026-01-03 14:53:51,631812e6c9eae60017a19567,0.0,0.0,0.0,0.0,3.0,2.3,3.5,4.1,0.27940071830835006
2026-01-03 14:53:51,6623e7b76f998a001b25242d,0.0,0.0,0.0,0.0,3.0,2.3,3.5,4.1,0.27940071830835006
2026-01-03 14:53:51,5ad068b198d8fc001102e278,0.0,0.0,0.0,0.0,3.0,2.3,3.5,4.1,0.3
2026-01-03 14:53:51,63ae75a3bfd3d90017e8f051,0.0,0.0,0.0,0.0,3.0,2.3,3.5,4.1,0.27940071830835006
2026-01-03 14:53:51,662b7d8a1afb9c00172dc71f,0.0,0.0,0.0,0.0,3.0,2.3,3.5,4.1,0.27940071830835006
2026-01-03 14:53:51,5abbb77298d8fc001102dfce,0.0,0.0,0.0,0.0,3.0,2.3,3.5,4.1,0.27940071830835006
2026-01-03 14:53:51,63bd1f48bfd3d90017ec3d19,0.0,0.0,0.0,0.0,3.0,2.3,3.5,4.1,0.27940071830835006
2026-01-03 14:53:51,58aff2c6bd82540010390c55,0.0,0.0,0.0,0.0,3.0,2.3,3.5,4.1,0.27940071830835006
2026-01-03 14:53:51,5b25a1dcf13cba001124e710,0.0,0.0,0.0,0.0,3.0,2.3,3.5,4.1,0.3
2026-01-03 14:53:51,5deb576d1dc17d7c5515ad18,0.0,0.0,0.0,0.0,3.0,2.3,3.5,4.1,0.27940071830835006
2026-01-03 14:53:51,66b1c1bf779f740018673ef2,0.0,0.0,0.0,0.0,3.0,2.3,3.5,4.1,0.27940071830835006
2026-01-03 14:53:51,56de42f611f398ec0c4812a0,0.0,0.0,0.0,0.0,3.0,2.3,3.5,4.1,0.27940071830835006
2026-01-03 14:53:51,6623efc26f998a001b25277f,0.0,0.0,0.0,0.0,3.0,2.3,3.5,4.1,0.27940071830835006
2026-01-03 14:53:51,662b50841afb9c00172d880d,0.0,0.0,0.0,0.0,3.0,2.3,3.5,4.1,0.27940071830835006
2026-01-03 14:53:51,58abc0cbbd82540010390ba6,0.0,0.0,0.0,0.0,3.0,2.3,3.5,4.1,0.27940071830835006
2026-01-03 14:53:51,58afea5dbd82540010390c4d,0.0,0.0,0.0,0.0,3.0,2.3,3.5,4.1,0.27940071830835006
2026-01-03 14:53:51,5deb576d1dc17d7c5515ad07,0.0,0.0,0.0,0.0,3.0,2.3,3.5,4.1,0.27940071830835006
2026-01-03 14:53:51,5d8cdc1d766c88001718896c,0.0,0.0,0.0,0.0,3.0,2.3,3.5,4.1,0.27940071830835006
2026-01-03 14:53:51,5a606c758576340017d06626,0.0,0.0,0.0,0.0,3.0,2.3,3.5,4.1,0.27940071830835006
2026-01-03 14:53:51,68fae2966b936b00172186a6,0.0,0.0,0.0,0.0,3.0,2.3,3.5,4.1,0.27940071830835006
2026-01-03 14:53:51,63b66008bfd3d90017eaa476,0.0,0.0,0.0,0.0,3.0,2.3,3.5,4.1,0.3
2026-01-03 14:53:51,5a82628e5058170011f6eadb,0.0,0.0,0.0,0.0,3.0,2.3,3.5,4.1,0.27940071830835006
2026-01-03 14:53:51,589b46b3b3bf7600110283d0,0.0,0.0,0.0,0.0,3.0,2.3,3.5,4.1,0.3
2026-01-03 14:53:51,5d8cd653766c88001718894c,0.0,0.0,0.0,0.0,3.0,2.3,3.5,4.1,0.27940071830835006
2026-01-03 14:53:51,662b4de41afb9c00172d85c5,0.0,0.0,0.0,0.0,3.0,2.3,3.5,4.1,0.27940071830835006
2026-01-03 14:53:51,58af8eb2bd82540010390c30,0.0,0.0,0.0,0.0,3.0,2.3,3.5,4.1,0.27940071830835006
2026-01-03 14:53:51,6623ee176f998a001b25270c,0.0,0.0,0.0,0.0,3.0,2.3,3.5,4.1,0.27940071830835006
2026-01-03 14:53:51,5b0b7d240e517b00119fd809,0.0,0.0,0.0,0.0,3.0,2.3,3.5,4.1,0.3
2026-01-03 14:53:51,595f8d233dcfc400106f28f0,0.0,0.0,0.0,0.0,3.0,2.3,3.5,4.1,0.27940071830835006
2026-01-03 14:53:51,5deb576d1dc17d7c5515ad1d,0.0,0.0,0.0,0.0,3.0,2.3,3.5,4.1,0.3
2026-01-03 14:53:51,68ae7e997d735d00173c7445,0.0,0.0,0.0,0.0,3.0,2.3,3.5,4.1,0.27940071830835006
2026-01-03 14:53:51,5b0b835b0e517b00119fd80d,0.0,0.0,0.0,0.0,3.0,2.3,3.5,4.1,0.27940071830835006
2026-01-03 14:53:51,5b6c155aca0577001163fe36,0.0,0.0,0.0,0.0,3.0,2.3,3.5,4.1,0.3
2026-01-03 14:53:51,5d8cd2a3766c88001718893c,0.0,0.0,0.0,0.0,3.0,2.3,3.5,4.1,0.27940071830835006
2026-01-03 14:53:51,662b4e8e1afb9c00172d865c,0.0,0.0,0.0,0.0,3.0,2.3,3.5,4.1,0.27940071830835006
2026-01-03 14:53:51,66b1c190779f740018673ed4,0.0,0.0,0.0,0.0,3.0,2.3,3.5,4.1,0.27940071830835006
2026-01-03 14:53:51,662b7f9f1afb9c00172dca50,0.0,0.0,0.0,0.0,3.0,2.3,3.5,4.1,0.27940071830835006
2026-01-03 14:53:51,68a589294e89b100173b61d9,0.0,0.0,0.0,0.0,3.0,2.3,3.5,4.1,0.27940071830835006
2026-01-03 14:53:51,58747923b807da0011e33cf5,0.0,0.0,0.0,0.0,3.0,2.3,3.5,4.1,0.27940071830835006
2026-01-03 14:53:51,63ae7af4bfd3d90017e8f32c,0.0,0.0,0.0,0.0,3.0,2.3,3.5,4.1,0.27940071830835006
2026-01-03 14:53:51,5875d4f8b807da0011e33d1a,0.0,0.0,0.0,0.0,3.0,2.3,3.5,4.1,0.27940071830835006
2026-01-03 14:53:51,595d92013dcfc400106f2877,0.0,0.0,0.0,0.0,3.0,2.3,3.5,4.1,0.27940071830835006
2026-01-03 14:53:51,681886f26dfb4b0018f8f31a,0.0,0.0,0.0,0.0,3.0,2.3,3.5,4.1,0.27940071830835006
2026-01-03 14:53:51,662b80721afb9c00172dcb28,0.0,0.0,0.0,0.0,3.0,2.3,3.5,4.1,0.27940071830835006
2026-01-03 14:53:51,59ca2f4402eb490011a0a3f9,0.0,0.0,0.0,0.0,3.0,2.3,3.5,4.1,0.27940071830835006
2026-01-03 14:53:51,586e1f18f9fab7001111b0a5,0.0,0.0,0.0,0.0,3.0,2.3,3.5,4.1,0.27940071830835006
2026-01-03 14:53:51,681891e26dfb4b0018f90a69,0.0,0.0,0.0,0.0,3.0,2.3,3.5,4.1,0.27940071830835006
2026-01-03 14:53:51,5d9de3c2766c880017188cb3,0.0,0.0,0.0,0.0,3.0,2.3,3.5,4.1,0.27940071830835006
2026-01-03 14:53:51,63ae7cfcbfd3d90017e8f422,0.0,0.0,0.0,0.0,3.0,2.3,3.5,4.1,0.3
2026-01-03 14:53:51,5b0e1faacddcc80011ceb449,0.0,0.0,0.0,0.0,3.0,2.3,3.5,4.1,0.27940071830835006
2026-01-03 14:53:51,63b65fa9bfd3d90017eaa449,0.0,0.0,0.0,0.0,3.0,2.3,3.5,4.1,0.3
2026-01-03 14:53:51,6623e5066f998a001b252317,0.0,0.0,0.0,0.0,3.0,2.3,3.5,4.1,0.27940071830835006
2026-01-03 14:53:51,662b5c141afb9c00172d93d7,0.0,0.0,0.0,0.0,3.0,2.3,3.5,4.1,0.27940071830835006
2026-01-03 14:53:51,66b1c158779f740018673eb4,0.0,0.0,0.0,0.0,3.0,2.3,3.5,4.1,0.27940071830835006
2026-01-03 14:53:51,56df8381c062921100c143e2,0.0,0.0,0.0,0.0,3.0,2.3,3.5,4.1,0.27940071830835006
2026-01-03 14:53:51,5d8cd1f9766c880017188938,0.0,0.0,0.0,0.0,3.0,2.3,3.5,4.1,0.3
2026-01-03 14:53:51,595da2dd3dcfc400106f2885,0.0,0.0,0.0,0.0,3.0,2.3,3.5,4.1,0.27940071830835006
2026-01-03 14:53:51,595f80e83dcfc400106f28e4,0.0,0.0,0.0,0.0,3.0,2.3,3.5,4.1,0.27940071830835006
2026-01-03 14:53:51,631955e7c9eae60017a1c30a,0.0,0.0,0.0,0.0,3.0,2.3,3.5,4.1,0.27940071830835006
2026-01-03 14:53:51,5a6060e08576340017d0660f,0.0,0.0,0.0,0.0,3.0,2.3,3.5,4.1,0.27940071830835006
2026-01-03 14:53:51,5a607ea98576340017d0666d,0.0,0.0,0.0,0.0,3.0,2.3,3.5,4.1,0.3
2026-01-03 14:53:51,63b548c3bfd3d90017ea77c0,0.0,0.0,0.0,0.0,3.0,2.3,3.5,4.1,0.27940071830835006
2026-01-03 14:53:51,662a8c931afb9c00172d2901,0.0,0.0,0.0,0.0,3.0,2.3,3.5,4.1,0.27940071830835006
2026-01-03 14:53:51,63195556c9eae60017a1c2ba,0.0,0.0,0.0,0.0,3.0,2.3,3.5,4.1,0.27940071830835006
2026-01-03 14:53:51,58df4adedc195800111e04b4,0.0,0.0,0.0,0.0,3.0,2.3,3.5,4.1,0.27940071830835006
2026-01-03 14:53:51,59ca301902eb490011a0a400,0.0,0.0,0.0,0.0,3.0,2.3,3.5,4.1,0.27940071830835006
2026-01-03 14:53:51,584e738361cfea0012cf6951,0.0,0.0,0.0,0.0,3.0,2.3,3.5,4.1,0.27940071830835006
2026-01-03 14:53:51,583f958161cfea0012cf68f5,0.0,0.0,0.0,0.0,3.0,2.3,3.5,4.1,0.27940071830835006
2026-01-03 14:53:51,6922921744912200174bc71d,0.0,0.0,0.0,0.0,3.0,2.3,3.5,4.1,0.27940071830835006
2026-01-03 14:53:51,5a8253615058170011f6eabf,0.0,0.0,0.0,0.0,3.0,2.3,3.5,4.1,0.27940071830835006
2026-01-03 14:53:51,5deb576d1dc17d7c5515ad0f,0.0,0.0,0.0,0.0,3.0,2.3,3.5,4.1,0.27940071830835006
2026-01-03 14:53:51,68fae2b66b936b00172186e5,0.0,0.0,0.0,0.0,3.0,2.3,3.5,4.1,0.27940071830835006
2026-01-03 14:53:51,662b51761afb9c00172d88ef,0.0,0.0,0.0,0.0,3.0,2.3,3.5,4.1,0.27940071830835006
2026-01-03 14:53:51,68a5873d4e89b100173b5f60,0.0,0.0,0.0,0.0,3.0,2.3,3.5,4.1,0.27940071830835006
2026-01-03 14:53:51,66b1c370779f7400186740b3,0.0,0.0,0.0,0.0,3.0,2.3,3.5,4.1,0.27940071830835006
2026-01-03 14:53:51,6623ec376f998a001b252671,0.0,0.0,0.0,0.0,3.0,2.3,3.5,4.1,0.27940071830835006
2026-01-03 14:53:51,59ca2e6002eb490011a0a3f3,0.0,0.0,0.0,0.0,3.0,2.3,3.5,4.1,0.3
2026-01-03 14:53:51,5b6c1618ca0577001163fe3c,0.0,0.0,0.0,0.0,3.0,2.3,3.5,4.1,0.3
2026-01-03 14:53:51,5deb576d1dc17d7c5515ad22,0.0,0.0,0.0,0.0,3.0,2.3,3.5,4.1,0.27940071830835006
2026-01-03 14:53:51,63b664d2bfd3d90017eaaa0f,0.0,0.0,0.0,0.0,3.0,2.3,3.5,4.1,0.27940071830835006
2026-01-03 14:53:51,56df85bdc062921100c143e8,0.0,0.0,0.0,0.0,3.0,2.3,3.5,4.1,0.3
2026-01-03 14:53:51,662b85031afb9c00172dd0dc,0.0,0.0,0.0,0.0,3.0,2.3,3.5,4.1,0.27940071830835006
2026-01-03 14:53:51,58d7b5a7c1e33c00112b320a,0.0,0.0,0.0,0.0,3.0,2.3,3.5,4.1,0.27940071830835006
2026-01-03 14:53:51,662a8f3a1afb9c00172d2b31,0.0,0.0,0.0,0.0,3.0,2.3,3.5,4.1,0.27940071830835006
2026-01-03 14:53:51,58aff01fbd82540010390c50,0.0,0.0,0.0,0.0,3.0,2.3,3.5,4.1,0.27940071830835006
2026-01-03 14:53:51,5d8cdb9f766c880017188968,0.0,0.0,0.0,0.0,3.0,2.3,3.5,4.1,0.27940071830835006
2026-01-03 14:53:51,5a6085fb8576340017d06686,0.0,0.0,0.0,0.0,3.0,2.3,3.5,4.1,0.27940071830835006
2026-01-03 14:53:51,59ca31d602eb490011a0a40b,0.0,0.0,0.0,0.0,3.0,2.3,3.5,4.1,0.27940071830835006
2026-01-03 14:53:51,587c782db807da0011e33d3b,0.0,0.0,0.0,0.0,3.0,2.3,3.5,4.1,0.27940071830835006
2026-01-03 14:53:51,662a8d821afb9c00172d29c8,0.0,0.0,0.0,0.0,3.0,2.3,3.5,4.1,0.27940071830835006
2026-01-03 14:53:51,63ae7d29bfd3d90017e8f437,0.0,0.0,0.0,0.0,3.0,2.3,3.5,4.1,0.27940071830835006
2026-01-03 14:53:51,68ae7ee47d735d00173c7492,0.0,0.0,0.0,0.0,3.0,2.3,3.5,4.1,0.27940071830835006
2026-01-03 14:53:51,56de42f611f398ec0c48129f,0.0,0.0,0.0,0.0,3.0,2.3,3.5,4.1,0.28624858950000004
2026-01-03 14:53:51,68188b296dfb4b0018f8f9a3,0.0,0.0,0.0,0.0,3.0,2.3,3.5,4.1,0.27940071830835006
2026-01-03 14:53:51,662b80b91afb9c00172dcb5b,0.0,0.0,0.0,0.0,3.0,2.3,3.5,4.1,0.27940071830835006
2026-01-03 14:53:51,692292c044912200174bc76d,0.0,0.0,0.0,0.0,3.0,2.3,3.5,4.1,0.27940071830835006
2026-01-03 14:53:51,68188d586dfb4b0018f9018d,0.0,0.0,0.0,0.0,3.0,2.3,3.5,4.1,0.27940071830835006
2026-01-03 14:53:51,662b50261afb9c00172d87b2,0.0,0.0,0.0,0.0,3.0,2.3,3.5,4.1,0.27940071830835006
2026-01-03 14:53:51,59ca2d9d02eb490011a0a3f0,0.0,0.0,0.0,0.0,3.0,2.3,3.5,4.1,0.27940071830835006
2026-01-03 14:53:51,68a588984e89b100173b6138,0.0,0.0,0.0,0.0,3.0,2.3,3.5,4.1,0.27940071830835006
2026-01-03 14:53:51,5a8256df5058170011f6eacb,0.0,0.0,0.0,0.0,3.0,2.3,3.5,4.1,0.27940071830835006
2026-01-03 14:53:51,5deb576d1dc17d7c5515acfc,0.0,0.0,0.0,0.0,3.0,2.3,3.5,4.1,0.27940071830835006
2026-01-03 14:53:51,587c8c20b807da0011e33d47,0.0,0.0,0.0,0.0,3.0,2.3,3.5,4.1,0.27940071830835006
2026-01-03 14:53:51,58744fb0b807da0011e33cc0,0.0,0.0,0.0,0.0,3.0,2.3,3.5,4.1,0.27940071830835006
2026-01-03 14:53:51,5822f23aedeb6c0012a2d6a8,0.0,0.0,0.0,0.0,3.0,2.3,3.5,4.1,0.3
2026-01-03 14:53:51,649da495a6068200171a6cb6,0.0,0.0,0.0,0.0,3.0,2.3,3.5,4.1,0.27940071830835006
2026-01-03 15:54:06,59d3524f02eb490011a0a61b,0.0,0.0,0.0,0.0,3.5,3.0,3.9,4.1,0.3
2026-01-03 15:54:06,5a6065c58576340017d06615,0.0,0.0,0.0,0.0,3.5,3.0,3.9,4.1,0.2725713363689175
2026-01-03 15:54:06,6623f4df6f998a001b2528eb,0.0,0.0,0.0,0.0,3.5,3.0,3.9,4.1,0.2725713363689175
2026-01-03 15:54:06,662b7ce71afb9c00172dc676,0.0,0.0,0.0,0.0,3.5,3.0,3.9,4.1,0.2725713363689175
2026-01-03 15:54:06,583f969161cfea0012cf68f7,0.0,0.0,0.0,0.0,3.5,3.0,3.9,4.1,0.2725713363689175
2026-01-03 15:54:06,59ca317602eb490011a0a408,0.0,0.0,0.0,0.0,3.5,3.0,3.9,4.1,0.2725713363689175
2026-01-03 15:54:06,6623e8da6f998a001b2524a6,0.0,0.0,0.0,0.0,3.5,3.0,3.9,4.1,0.2725713363689175
2026-01-03 15:54:06,56de42f611f398ec0c481299,0.0,0.0,0.0,0.0,3.5,3.0,3.9,4.1,0.2725713363689175
2026-01-03 15:54:06,66b1c426779f74001867415e,0.0,0.0,0.0,0.0,3.5,3.0,3.9,4.1,0.2725713363689175
2026-01-03 15:54:06,595dc29c3dcfc400106f2894,0.0,0.0,0.0,0.0,3.5,3.0,3.9,4.1,0.2725713363689175
2026-01-03 15:54:06,5d9de4de766c880017188cbb,0.0,0.0,0.0,0.0,3.5,3.0,3.9,4.1,0.2725713363689175
2026-01-03 15:54:06,6623f44f6f998a001b2528aa,0.0,0.0,0.0,0.0,3.5,3.0,3.9,4.1,0.2725713363689175
2026-01-03 15:54:06,662a881a1afb9c00172d2559,0.0,0.0,0.0,0.0,3.5,3.0,3.9,4.1,0.2725713363689175
2026-01-03 15:54:06,5a605f828576340017d06608,0.0,0.0,0.0,0.0,3.5,3.0,3.9,4.1,0.3
2026-01-03 15:54:06,68188fe36dfb4b0018f90520,0.0,0.0,0.0,0.0,3.5,3.0,3.9,4.1,0.3
2026-01-03 15:54:06,5deb576d1dc17d7c5515ad15,0.0,0.0,0.0,0.0,3.5,3.0,3.9,4.1,0.2725713363689175
2026-01-03 15:54:06,5b8b2323ca057700116405d0,0.0,0.0,0.0,0.0,3.5,3.0,3.9,4.1,0.2725713363689175
2026-01-03 15:54:06,68188a226dfb4b0018f8f70a,0.0,0.0,0.0,0.0,3.5,3.0,3.9,4.1,0.2725713363689175
2026-01-03 15:54:06,681889a96dfb4b0018f8f67e,0.0,0.0,0.0,0.0,3.5,3.0,3.9,4.1,0.2725713363689175
2026-01-03 15:54:06,63ae7a50bfd3d90017e8f2b2,0.0,0.0,0.0,0.0,3.5,3.0,3.9,4.1,0.2725713363689175
2026-01-03 15:54:06,587ee0ecb807da0011e33d50,0.0,0.0,0.0,0.0,3.5,3.0,3.9,4.1,0.28596228134819685
2026-01-03 15:54:06,56de42f611f398ec0c48128f,0.0,0.0,0.0,0.0,3.5,3.0,3.9,4.1,0.2725713363689175
2026-01-03 15:54:06,56de42f611f398ec0c4812a2,0.0,0.0,0.0,0.0,3.5,3.0,3.9,4.1,0.2725713363689175
2026-01-03 15:54:06,6922934b44912200174bc7ec,0.0,0.0,0.0,0.0,3.5,3.0,3.9,4.1,0.2725713363689175
2026-01-03 15:54:06,63bd1f21bfd3d90017ec3d04,0.0,0.0,0.0,0.0,3.5,3.0,3.9,4.1,0.2725713363689175
2026-01-03 15:54:06,58df4d95dc195800111e04b9,0.0,0.0,0.0,0.0,3.5,3.0,3.9,4.1,0.2725713363689175
2026-01-03 15:54:06,586e28a0f9fab7001111b0b3,0.0,0.0,0.0,0.0,3.5,3.0,3.9,4.1,0.2725713363689175
2026-01-03 15:54:06,595dd8463dcfc400106f28b2,0.0,0.0,0.0,0.0,3.5,3.0,3.9,4.1,0.2725713363689175
2026-01-03 15:54:06,662b81721afb9c00172dcc44,0.0,0.0,0.0,0.0,3.5,3.0,3.9,4.1,0.2725713363689175
2026-01-03 15:54:06,67e217c43215f90017863bc8,0.0,0.0,0.0,0.0,3.5,3.0,3.9,4.1,0.2725713363689175
2026-01-03 15:54:06,66b1c3c2779f740018674125,0.0,0.0,0.0,0.0,3.5,3.0,3.9,4.1,0.2725713363689175
2026-01-03 15:54:06,5a8269c45058170011f6eae4,0.0,0.0,0.0,0.0,3.5,3.0,3.9,4.1,0.2725713363689175
2026-01-03 15:54:06,56de42f611f398ec0c481297,0.0,0.0,0.0,0.0,3.5,3.0,3.9,4.1,0.2725713363689175
2026-01-03 15:54:06,5822adbbedeb6c0012a2d65f,0.0,0.0,0.0,0.0,3.5,3.0,3.9,4.1,0.2725713363689175
2026-01-03 15:54:06,5deb576d1dc17d7c5515ad00,0.0,0.0,0.0,0.0,3.5,3.0,3.9,4.1,0.3
2026-01-03 15:54:06,5a823e425058170011f6eaa4,0.0,0.0,0.0,0.0,3.5,3.0,3.9,4.1,0.2725713363689175
2026-01-03 15:54:06,649da72ca6068200171a6dbb,0.0,0.0,0.0,0.0,3.5,3.0,3.9,4.1,0.2725713363689175
2026-01-03 15:54:06,5a6088218576340017d06693,0.0,0.0,0.0,0.0,3.5,3.0,3.9,4.1,0.2725713363689175
2026-01-03 15:54:06,63b65fd8bfd3d90017eaa461,0.0,0.0,0.0,0.0,3.5,3.0,3.9,4.1,0.2725713363689175
2026-01-03 15:54:06,5deb576d1dc17d7c5515ad08,0.0,0.0,0.0,0.0,3.5,3.0,3.9,4.1,0.2725713363689175
2026-01-03 15:54:06,595dc70d3dcfc400106f289a,0.0,0.0,0.0,0.0,3.5,3.0,3.9,4.1,0.3
2026-01-03 15:54:06,63b65ebebfd3d90017eaa3ae,0.0,0.0,0.0,0.0,3.5,3.0,3.9,4.1,0.2725713363689175
2026-01-03 15:54:06,5874769eb807da0011e33cec,0.0,0.0,0.0,0.0,3.5,3.0,3.9,4.1,0.2725713363689175
2026-01-03 15:54:06,63b660f8bfd3d90017eaa4ea,0.0,0.0,0.0,0.0,3.5,3.0,3.9,4.1,0.2725713363689175
2026-01-03 15:54:06,58af994abd82540010390c37,0.0,0.0,0.0,0.0,3.5,3.0,3.9,4.1,0.2725713363689175
2026-01-03 15:54:06,56df8108c062921100c143db,0.0,0.0,0.0,0.0,3.5,3.0,3.9,4.1,0.2725713363689175
2026-01-03 15:54:06,63ae7903bfd3d90017e8f211,0.0,0.0,0.0,0.0,3.5,3.0,3.9,4.1,0.2725713363689175
2026-01-03 15:54:06,63ae7727bfd3d90017e8f14a,0.0,0.0,0.0,0.0,3.5,3.0,3.9,4.1,0.2725713363689175
2026-01-03 15:54:06,6623f36e6f998a001b252878,0.0,0.0,0.0,0.0,3.5,3.0,3.9,4.1,0.2725713363689175
2026-01-03 15:54:06,5d9ddec9766c880017188c9c,0.0,0.0,0.0,0.0,3.5,3.0,3.9,4.1,0.2725713363689175
2026-01-03 15:54:06,5deb576d1dc17d7c5515ad02,0.0,0.0,0.0,0.0,3.5,3.0,3.9,4.1,0.2725713363689175
2026-01-03 15:54:06,681885ff6dfb4b0018f8f1ee,0.0,0.0,0.0,0.0,3.5,3.0,3.9,4.1,0.2725713363689175
2026-01-03 15:54:06,63ae79aabfd3d90017e8f26a,0.0,0.0,0.0,0.0,3.5,3.0,3.9,4.1,0.2725713363689175
2026-01-03 15:54:06,5d8cd7fb766c880017188954,0.0,0.0,0.0,0.0,3.5,3.0,3.9,4.1,0.2725713363689175
2026-01-03 15:54:06,56de42f611f398ec0c481293,0.0,0.0,0.0,0.0,3.5,3.0,3.9,4.1,0.2725713363689175
2026-01-03 15:54:06,63b66089bfd3d90017eaa4bd,0.0,0.0,0.0,0.0,3.5,3.0,3.9,4.1,0.2725713363689175
2026-01-03 15:54:06,63ae798abfd3d90017e8f255,0.0,0.0,0.0,0.0,3.5,3.0,3.9,4.1,0.2725713363689175
2026-01-03 15:54:06,662a89f51afb9c00172d26ef,0.0,0.0,0.0,0.0,3.5,3.0,3.9,4.1,0.2725713363689175
2026-01-03 15:54:06,6318287ec9eae60017a19f36,0.0,0.0,0.0,0.0,3.5,3.0,3.9,4.1,0.2725713363689175
2026-01-03 15:54:06,6792f3058c5ed4001b27f58e,0.0,0.0,0.0,0.0,3.5,3.0,3.9,4.1,0.2725713363689175
2026-01-03 15:54:06,587476e3b807da0011e33cee,0.0,0.0,0.0,0.0,3.5,3.0,3.9,4.1,0.2725713363689175
2026-01-03 15:54:06,597bf277faa7ea0011c7c29f,0.0,0.0,0.0,0.0,3.5,3.0,3.9,4.1,0.2725713363689175
2026-01-03 15:54:06,5d9de49d766c880017188cb9,0.0,0.0,0.0,0.0,3.5,3.0,3.9,4.1,0.2725713363689175
2026-01-03 15:54:06,5d9ddf49766c880017188ca0,0.0,0.0,0.0,0.0,3.5,3.0,3.9,4.1,0.2725713363689175
2026-01-03 15:54:06,63ae763bbfd3d90017e8f0c4,0.0,0.0,0.0,0.0,3.5,3.0,3.9,4.1,0.2725713363689175
2026-01-03 15:54:06,5d8cda6a766c880017188960,0.0,0.0,0.0,0.0,3.5,3.0,3.9,4.1,0.2725713363689175
2026-01-03 15:54:06,662b80e81afb9c00172dcbec,0.0,0.0,0.0,0.0,3.5,3.0,3.9,4.1,0.2725713363689175
2026-01-03 15:54:06,681826506dfb4b0018f83e64,0.0,0.0,0.0,0.0,3.5,3.0,3.9,4.1,0.3
2026-01-03 15:54:06,662a86a11afb9c00172d2410,0.0,0.0,0.0,0.0,3.5,3.0,3.9,4.1,0.2725713363689175
2026-01-03 15:54:06,5a6083198576340017d0667a,0.0,0.0,0.0,0.0,3.5,3.0,3.9,4.1,0.2725713363689175
2026-01-03 15:54:06,56de42f611f398ec0c48128b,0.0,0.0,0.0,0.0,3.5,3.0,3.9,4.1,0.2725713363689175
2026-01-03 15:54:06,58e49ff8d9d6200011e0b9d4,0.0,0.0,0.0,0.0,3.5,3.0,3.9,4.1,0.2725713363689175
2026-01-03 15:54:06,6922924644912200174bc737,0.0,0.0,0.0,0.0,3.5,3.0,3.9,4.1,0.2725713363689175
2026-01-03 15:54:06,681885a26dfb4b0018f8f176,0.0,0.0,0.0,0.0,3.5,3.0,3.9,4.1,0.2725713363689175
2026-01-03 15:54:06,5a8241105058170011f6eaa6,0.0,0.0,0.0,0.0,3.5,3.0,3.9,4.1,0.2725713363689175
2026-01-03 15:54:06,65e054fb6b18080018db6632,0.0,0.0,0.0,0.0,3.5,3.0,3.9,4.1,0.2725713363689175
2026-01-03 15:54:06,5a825ded5058170011f6ead7,0.0,0.0,0.0,0.0,3.5,3.0,3.9,4.1,0.2725713363689175
2026-01-03 15:54:06,5d8cdb0a766c880017188964,0.0,0.0,0.0,0.0,3.5,3.0,3.9,4.1,0.2725713363689175
2026-01-03 15:54:06,68188bb96dfb4b0018f8fdbf,0.0,0.0,0.0,0.0,3.5,3.0,3.9,4.1,0.2725713363689175
2026-01-03 15:54:06,56df833ac062921100c143e1,0.0,0.0,0.0,0.0,3.5,3.0,3.9,4.1,0.3
2026-01-03 15:54:06,6792efe48c5ed4001b27f336,0.0,0.0,0.0,0.0,3.5,3.0,3.9,4.1,0.2725713363689175
2026-01-03 15:54:06,63b5503bbfd3d90017ea7ccc,0.0,0.0,0.0,0.0,3.5,3.0,3.9,4.1,0.2725713363689175
2026-01-03 15:54:06,662a873b1afb9c00172d2483,0.0,0.0,0.0,0.0,3.5,3.0,3.9,4.1,0.2725713363689175
2026-01-03 15:54:06,66b1c3fa779f740018674146,0.0,0.0,0.0,0.0,3.5,3.0,3.9,4.1,0.2725713363689175
2026-01-03 15:54:06,5ad0621c98d8fc001102e268,0.0,0.0,0.0,0.0,3.5,3.0,3.9,4.1,0.2725713363689175
2026-01-03 15:54:06,66b1c34d779f74001867409e,0.0,0.0,0.0,0.0,3.5,3.0,3.9,4.1,0.2725713363689175
2026-01-03 15:54:06,595f89323dcfc400106f28ee,0.0,0.0,0.0,0.0,3.5,3.0,3.9,4.1,0.2725713363689175
2026-01-03 15:54:06,56de42f611f398ec0c48128c,0.0,0.0,0.0,0.0,3.5,3.0,3.9,4.1,0.2725713363689175
2026-01-03 15:54:06,662b558c1afb9c00172d8ed2,0.0,0.0,0.0,0.0,3.5,3.0,3.9,4.1,0.2725713363689175
2026-01-03 15:54:06,6623f4836f998a001b2528bf,0.0,0.0,0.0,0.0,3.5,3.0,3.9,4.1,0.2725713363689175
2026-01-03 15:54:06,662b85bf1afb9c00172dd149,0.0,0.0,0.0,0.0,3.5,3.0,3.9,4.1,0.2725713363689175
2026-01-03 15:54:06,595d98fc3dcfc400106f287b,0.0,0.0,0.0,0.0,3.5,3.0,3.9,4.1,0.3
2026-01-03 15:54:06,6818887f6dfb4b0018f8f54c,0.0,0.0,0.0,0.0,3.5,3.0,3.9,4.1,0.2725713363689175
2026-01-03 15:54:06,63b54bcdbfd3d90017ea7a82,0.0,0.0,0.0,0.0,3.5,3.0,3.9,4.1,0.2725713363689175
2026-01-03 15:54:06,68eddd0a230ee50017d040b2,0.0,0.0,0.0,0.0,3.5,3.0,3.9,4.1,0.2725713363689175
2026-01-03 15:54:06,68a587d54e89b100173b6021,0.0,0.0,0.0,0.0,3.5,3.0,3.9,4.1,0.2725713363689175
2026-01-03 15:54:06,5b5995a3fd4edb0019c7d9ab,0.0,0.0,0.0,0.0,3.5,3.0,3.9,4.1,0.2725713363689175
2026-01-03 15:54:06,692291f044912200174bc703,0.0,0.0,0.0,0.0,3.5,3.0,3.9,4.1,0.2725713363689175
2026-01-03 15:54:06,662b81a31afb9c00172dcc65,0.0,0.0,0.0,0.0,3.5,3.0,3.9,4.1,0.28624858950000004
2026-01-03 15:54:06,5deb576d1dc17d7c5515acf6,0.0,0.0,0.0,0.0,3.5,3.0,3.9,4.1,0.2725713363689175
2026-01-03 15:54:06,58746488b807da0011e33cd7,0.0,0.0,0.0,0.0,3.5,3.0,3.9,4.1,0.2725713363689175
2026-01-03 15:54:06,662b83381afb9c00172dcf88,0.0,0.0,0.0,0.0,3.5,3.0,3.9,4.1,0.2725713363689175
2026-01-03 15:54:06,5822b5ededeb6c0012a2d66a,0.0,0.0,0.0,0.0,3.5,3.0,3.9,4.1,0.2725713363689175
2026-01-03 15:54:06,63b660d8bfd3d90017eaa4d5,0.0,0.0,0.0,0.0,3.5,3.0,3.9,4.1,0.2725713363689175
2026-01-03 15:54:06,63ae7be0bfd3d90017e8f3a8,0.0,0.0,0.0,0.0,3.5,3.0,3.9,4.1,0.2725713363689175
2026-01-03 15:54:06,63b54a04bfd3d90017ea783e,0.0,0.0,0.0,0.0,3.5,3.0,3.9,4.1,0.27940071830835006
2026-01-03 15:54:06,63b54f70bfd3d90017ea7c86,0.0,0.0,0.0,0.0,3.5,3.0,3.9,4.1,0.2725713363689175
2026-01-03 15:54:06,5a8267fe5058170011f6eae1,0.0,0.0,0.0,0.0,3.5,3.0,3.9,4.1,0.27940071830835006
2026-01-03 15:54:06,595d984b3dcfc400106f2879,0.0,0.0,0.0,0.0,3.5,3.0,3.9,4.1,0.2725713363689175
2026-01-03 15:54:06,5b25a268f13cba001124e713,0.0,0.0,0.0,0.0,3.5,3.0,3.9,4.1,0.3
2026-01-03 15:54:06,63ae768dbfd3d90017e8f0f1,0.0,0.0,0.0,0.0,3.5,3.0,3.9,4.1,0.2725713363689175
2026-01-03 15:54:06,6818884f6dfb4b0018f8f50f,0.0,0.0,0.0,0.0,3.5,3.0,3.9,4.1,0.2725713363689175
2026-01-03 15:54:06,662a89ae1afb9c00172d26ad,0.0,0.0,0.0,0.0,3.5,3.0,3.9,4.1,0.2725713363689175
2026-01-03 15:54:06,63b54a70bfd3d90017ea7862,0.0,0.0,0.0,0.0,3.5,3.0,3.9,4.1,0.2725713363689175
2026-01-03 15:54:06,58e49783d9d6200011e0b9ce,0.0,0.0,0.0,0.0,3.5,3.0,3.9,4.1,0.2725713363689175
2026-01-03 15:54:06,5deb576d1dc17d7c5515ad0c,0.0,0.0,0.0,0.0,3.5,3.0,3.9,4.1,0.2725713363689175
2026-01-03 15:54:06,6623ef776f998a001b252768,0.0,0.0,0.0,0.0,3.5,3.0,3.9,4.1,0.2725713363689175
2026-01-03 15:54:06,58d7bbf2c1e33c00112b3216,0.0,0.0,0.0,0.0,3.5,3.0,3.9,4.1,0.2725713363689175
2026-01-03 15:54:06,662b51d21afb9c00172d89bf,0.0,0.0,0.0,0.0,3.5,3.0,3.9,4.1,0.2725713363689175
2026-01-03 15:54:06,58746295b807da0011e33ccb,0.0,0.0,0.0,0.0,3.5,3.0,3.9,4.1,0.2725713363689175
2026-01-03 15:54:06,585b2baec3f96200127dc508,0.0,0.0,0.0,0.0,3.5,3.0,3.9,4.1,0.2725713363689175
2026-01-03 15:54:06,5a606cd08576340017d06628,0.0,0.0,0.0,0.0,3.5,3.0,3.9,4.1,0.2725713363689175
2026-01-03 15:54:06,662b80051afb9c00172dcaf6,0.0,0.0,0.0,0.0,3.5,3.0,3.9,4.1,0.2725713363689175
2026-01-03 15:54:06,5d8cd253766c88001718893a,0.0,0.0,0.0,0.0,3.5,3.0,3.9,4.1,0.3
2026-01-03 15:54:06,662b5bc31afb9c00172d92e2,0.0,0.0,0.0,0.0,3.5,3.0,3.9,4.1,0.2725713363689175
2026-01-03 15:54:06,662b58401afb9c00172d90f5,0.0,0.0,0.0,0.0,3.5,3.0,3.9,4.1,0.2725713363689175
2026-01-03 15:54:06,5874644cb807da0011e33cd5,0.0,0.0,0.0,0.0,3.5,3.0,3.9,4.1,0.2725713363689175
2026-01-03 15:54:06,662b867b1afb9c00172dd250,0.0,0.0,0.0,0.0,3.5,3.0,3.9,4.1,0.2725713363689175
2026-01-03 15:54:06,597bf0b8faa7ea0011c7c293,0.0,0.0,0.0,0.0,3.5,3.0,3.9,4.1,0.2725713363689175
2026-01-03 15:54:06,5a10c79f02eb490011a0b0dd,0.0,0.0,0.0,0.0,3.5,3.0,3.9,4.1,0.2725713363689175
2026-01-03 15:54:06,68188af96dfb4b0018f8f8e4,0.0,0.0,0.0,0.0,3.5,3.0,3.9,4.1,0.2725713363689175
2026-01-03 15:54:06,662b83ff1afb9c00172dcffb,0.0,0.0,0.0,0.0,3.5,3.0,3.9,4.1,0.2725713363689175
2026-01-03 15:54:06,5deb576d1dc17d7c5515ad19,0.0,0.0,0.0,0.0,3.5,3.0,3.9,4.1,0.2725713363689175
2026-01-03 15:54:06,5b6329fdfd4edb0019c7dc0b,0.0,0.0,0.0,0.0,3.5,3.0,3.9,4.1,0.3
2026-01-03 15:54:06,589add0fb3bf7600110283ae,0.0,0.0,0.0,0.0,3.5,3.0,3.9,4.1,0.2725713363689175
2026-01-03 15:54:06,5deb576d1dc17d7c5515ad01,0.0,0.0,0.0,0.0,3.5,3.0,3.9,4.1,0.2725713363689175
2026-01-03 15:54:06,58abbf72bd82540010390ba4,0.0,0.0,0.0,0.0,3.5,3.0,3.9,4.1,0.2725713363689175
2026-01-03 15:54:06,6623f1f16f998a001b25281f,0.0,0.0,0.0,0.0,3.5,3.0,3.9,4.1,0.2725713363689175
2026-01-03 15:54:06,58ad6961bd82540010390be5,0.0,0.0,0.0,0.0,3.5,3.0,3.9,4.1,0.2725713363689175
2026-01-03 15:54:06,59ca2fa302eb490011a0a3fd,0.0,0.0,0.0,0.0,3.5,3.0,3.9,4.1,0.3
2026-01-03 15:54:06,5a606dbc8576340017d0662b,0.0,0.0,0.0,0.0,3.5,3.0,3.9,4.1,0.2725713363689175
2026-01-03 15:54:06,662b52a31afb9c00172d8b01,0.0,0.0,0.0,0.0,3.5,3.0,3.9,4.1,0.2725713363689175
2026-01-03 15:54:06,58abbee5bd82540010390ba2,0.0,0.0,0.0,0.0,3.5,3.0,3.9,4.1,0.2725713363689175
2026-01-03 15:54:06,662a8ef41afb9c00172d2af2,0.0,0.0,0.0,0.0,3.5,3.0,3.9,4.1,0.2725713363689175
2026-01-03 15:54:06,6623f5b56f998a001b25292f,0.0,0.0,0.0,0.0,3.5,3.0,3.9,4.1,0.2725713363689175
2026-01-03 15:54:06,66b1c398779f7400186740e3,0.0,0.0,0.0,0.0,3.5,3.0,3.9,4.1,0.2725713363689175
2026-01-03 15:54:06,58d7b756c1e33c00112b320d,0.0,0.0,0.0,0.0,3.5,3.0,3.9,4.1,0.2725713363689175
2026-01-03 15:54:06,6623e31e6f998a001b252250,0.0,0.0,0.0,0.0,3.5,3.0,3.9,4.1,0.2725713363689175
2026-01-03 15:54:06,5deb576d1dc17d7c5515acfe,0.0,0.0,0.0,0.0,3.5,3.0,3.9,4.1,0.2725713363689175
2026-01-03 15:54:06,6792f3cf8c5ed4001b27f61e,0.0,0.0,0.0,0.0,3.5,3.0,3.9,4.1,0.2725713363689175
2026-01-03 15:54:06,58df4e22dc195800111e04bb,0.0,0.0,0.0,0.0,3.5,3.0,3.9,4.1,0.2725713363689175
2026-01-03 15:54:06,58d7b3e8c1e33c00112b3207,0.0,0.0,0.0,0.0,3.5,3.0,3.9,4.1,0.3
2026-01-03 15:54:06,5d8cdc57766c88001718896e,0.0,0.0,0.0,0.0,3.5,3.0,3.9,4.1,0.2725713363689175
2026-01-03 15:54:06,66f1266f538c780017c93579,0.0,0.0,0.0,0.0,3.5,3.0,3.9,4.1,0.2725713363689175
2026-01-03 15:54:06,5ad0679598d8fc001102e274,0.0,0.0,0.0,0.0,3.5,3.0,3.9,4.1,0.2725713363689175
2026-01-03 15:54:06,5a824b6c5058170011f6eaab,0.0,0.0,0.0,0.0,3.5,3.0,3.9,4.1,0.3
2026-01-03 15:54:06,62da3e840637a10017d7073d,0.0,0.0,0.0,0.0,3.5,3.0,3.9,4.1,0.2725713363689175
2026-01-03 15:54:06,56de42f611f398ec0c481288,0.0,0.0,0.0,0.0,3.5,3.0,3.9,4.1,0.2725713363689175
2026-01-03 15:54:06,5d8cd614766c88001718894a,0.0,0.0,0.0,0.0,3.5,3.0,3.9,4.1,0.2725713363689175
2026-01-03 15:54:06,5a824f975058170011f6eab8,0.0,0.0,0.0,0.0,3.5,3.0,3.9,4.1,0.2725713363689175
2026-01-03 15:54:06,5a824c3e5058170011f6eaae,0.0,0.0,0.0,0.0,3.5,3.0,3.9,4.1,0.2725713363689175
2026-01-03 15:54:06,5deb576d1dc17d7c5515acf9,0.0,0.0,0.0,0.0,3.5,3.0,3.9,4.1,0.2725713363689175
2026-01-03 15:54:06,587470c2b807da0011e33ce4,0.0,0.0,0.0,0.0,3.5,3.0,3.9,4.1,0.2725713363689175
2026-01-03 15:54:06,68188cbf6dfb4b0018f900e9,0.0,0.0,0.0,0.0,3.5,3.0,3.9,4.1,0.2725713363689175
2026-01-03 15:54:06,67e217ea3215f90017863bf1,0.0,0.0,0.0,0.0,3.5,3.0,3.9,4.1,0.2725713363689175
2026-01-03 15:54:06,68ede6d0230ee50017d04d4c,0.0,0.0,0.0,0.0,3.5,3.0,3.9,4.1,0.2725713363689175
2026-01-03 15:54:06,584e734a61cfea0012cf694f,0.0,0.0,0.0,0.0,3.5,3.0,3.9,4.1,0.2725713363689175
2026-01-03 15:54:06,662b7f251afb9c00172dc8bc,0.0,0.0,0.0,0.0,3.5,3.0,3.9,4.1,0.2725713363689175
2026-01-03 15:54:06,6623ec826f998a001b252686,0.0,0.0,0.0,0.0,3.5,3.0,3.9,4.1,0.2725713363689175
2026-01-03 15:54:06,5deb576d1dc17d7c5515ad23,0.0,0.0,0.0,0.0,3.5,3.0,3.9,4.1,0.2725713363689175
2026-01-03 15:54:06,6922939144912200174bc80c,0.0,0.0,0.0,0.0,3.5,3.0,3.9,4.1,0.2725713363689175
2026-01-03 15:54:06,595d9ba43dcfc400106f2880,0.0,0.0,0.0,0.0,3.5,3.0,3.9,4.1,0.3
2026-01-03 15:54:06,6818863c6dfb4b0018f8f235,0.0,0.0,0.0,0.0,3.5,3.0,3.9,4.1,0.2725713363689175
2026-01-03 15:54:06,589ad89eb3bf7600110283ac,0.0,0.0,0.0,0.0,3.5,3.0,3.9,4.1,0.2725713363689175
2026-01-03 15:54:06,662b5adc1afb9c00172d925b,0.0,0.0,0.0,0.0,3.5,3.0,3.9,4.1,0.2725713363689175
2026-01-03 15:54:06,5701e22bc4350a1100e26f6c,0.0,0.0,0.0,0.0,3.5,3.0,3.9,4.1,0.3
2026-01-03 15:54:06,5b87c386ca057700116404a6,0.0,0.0,0.0,0.0,3.5,3.0,3.9,4.1,0.2725713363689175
2026-01-03 15:54:06,5d8cd542766c880017188948,0.0,0.0,0.0,0.0,3.5,3.0,3.9,4.1,0.2725713363689175
2026-01-03 15:54:06,6623e8406f998a001b252465,0.0,0.0,0.0,0.0,3.5,3.0,3.9,4.1,0.2725713363689175
2026-01-03 15:54:06,5875cef0b807da0011e33d14,0.0,0.0,0.0,0.0,3.5,3.0,3.9,4.1,0.3
2026-01-03 15:54:06,5a823d555058170011f6eaa2,0.0,0.0,0.0,0.0,3.5,3.0,3.9,4.1,0.27940071830835006
2026-01-03 15:54:06,595da2853dcfc400106f2883,0.0,0.0,0.0,0.0,3.5,3.0,3.9,4.1,0.2725713363689175
2026-01-03 15:54:06,5b632950fd4edb0019c7dc07,0.0,0.0,0.0,0.0,3.5,3.0,3.9,4.1,0.2725713363689175
2026-01-03 15:54:06,5deb576d1dc17d7c5515ad06,0.0,0.0,0.0,0.0,3.5,3.0,3.9,4.1,0.2725713363689175
2026-01-03 15:54:06,662b54711afb9c00172d8d4f,0.0,0.0,0.0,0.0,3.5,3.0,3.9,4.1,0.2725713363689175
2026-01-03 15:54:06,5a8279865058170011f6eaef,0.0,0.0,0.0,0.0,3.5,3.0,3.9,4.1,0.2725713363689175
2026-01-03 15:54:06,662b4faa1afb9c00172d875e,0.0,0.0,0.0,0.0,3.5,3.0,3.9,4.1,0.2725713363689175
2026-01-03 15:54:06,662a87641afb9c00172d24b0,0.0,0.0,0.0,0.0,3.5,3.0,3.9,4.1,0.2725713363689175
2026-01-03 15:54:06,56de42f611f398ec0c4812a1,0.0,0.0,0.0,0.0,3.5,3.0,3.9,4.1,0.2725713363689175
2026-01-03 15:54:06,63ae7669bfd3d90017e8f0d9,0.0,0.0,0.0,0.0,3.5,3.0,3.9,4.1,0.2725713363689175
2026-01-03 15:54:06,63b65e6abfd3d90017eaa361,0.0,0.0,0.0,0.0,3.5,3.0,3.9,4.1,0.2725713363689175
2026-01-03 15:54:06,662a8fd41afb9c00172d2bac,0.0,0.0,0.0,0.0,3.5,3.0,3.9,4.1,0.2725713363689175
2026-01-03 15:54:06,56f11afc3ac17b11001c504e,0.0,0.0,0.0,0.0,3.5,3.0,3.9,4.1,0.2725713363689175
2026-01-03 15:54:06,585b2b1ec3f96200127dc505,0.0,0.0,0.0,0.0,3.5,3.0,3.9,4.1,0.2725713363689175
2026-01-03 15:54:06,5a825b7d5058170011f6ead4,0.0,0.0,0.0,0.0,3.5,3.0,3.9,4.1,0.2725713363689175
2026-01-03 15:54:06,5a6069238576340017d0661c,0.0,0.0,0.0,0.0,3.5,3.0,3.9,4.1,0.2725713363689175
2026-01-03 15:54:06,662b857b1afb9c00172dd106,0.0,0.0,0.0,0.0,3.5,3.0,3.9,4.1,0.2725713363689175
2026-01-03 15:54:06,56de42f611f398ec0c481298,0.0,0.0,0.0,0.0,3.5,3.0,3.9,4.1,0.2725713363689175
2026-01-03 15:54:06,63ae75f9bfd3d90017e8f097,0.0,0.0,0.0,0.0,3.5,3.0,3.9,4.1,0.2725713363689175
2026-01-03 15:54:06,63ae7829bfd3d90017e8f1ac,0.0,0.0,0.0,0.0,3.5,3.0,3.9,4.1,0.2725713363689175
2026-01-03 15:54:06,65e0556b6b18080018db665e,0.0,0.0,0.0,0.0,3.5,3.0,3.9,4.1,0.2725713363689175
2026-01-03 15:54:06,662b81eb1afb9c00172dcc85,0.0,0.0,0.0,0.0,3.5,3.0,3.9,4.1,0.2725713363689175
2026-01-03 15:54:06,595dd9ac3dcfc400106f28b4,0.0,0.0,0.0,0.0,3.5,3.0,3.9,4.1,0.2725713363689175
2026-01-03 15:54:06,662a8cc51afb9c00172d2938,0.0,0.0,0.0,0.0,3.5,3.0,3.9,4.1,0.2725713363689175
2026-01-03 15:54:06,587654d3b807da0011e33d36,0.0,0.0,0.0,0.0,3.5,3.0,3.9,4.1,0.2725713363689175
2026-01-03 15:54:06,5990ffdbbec3b90016d2ad2d,0.0,0.0,0.0,0.0,3.5,3.0,3.9,4.1,0.2725713363689175
2026-01-03 15:54:06,5a8259035058170011f6eacf,0.0,0.0,0.0,0.0,3.5,3.0,3.9,4.1,0.3
2026-01-03 15:54:06,63b54cffbfd3d90017ea7ad0,0.0,0.0,0.0,0.0,3.5,3.0,3.9,4.1,0.2725713363689175
2026-01-03 15:54:06,589b4644b3bf7600110283ce,0.0,0.0,0.0,0.0,3.5,3.0,3.9,4.1,0.2725713363689175
2026-01-03 15:54:06,5d8cd8e2766c880017188958,0.0,0.0,0.0,0.0,3.5,3.0,3.9,4.1,0.2725713363689175
2026-01-03 15:54:06,63b54fe4bfd3d90017ea7ca2,0.0,0.0,0.0,0.0,3.5,3.0,3.9,4.1,0.3
2026-01-03 15:54:06,6623ebd76f998a001b25264d,0.0,0.0,0.0,0.0,3.5,3.0,3.9,4.1,0.2725713363689175
2026-01-03 15:54:06,5a6086e88576340017d0668a,0.0,0.0,0.0,0.0,3.5,3.0,3.9,4.1,0.2725713363689175
2026-01-03 15:54:06,681888b66dfb4b0018f8f58c,0.0,0.0,0.0,0.0,3.5,3.0,3.9,4.1,0.2725713363689175
2026-01-03 15:54:06,5b6c15b8ca0577001163fe39,0.0,0.0,0.0,0.0,3.5,3.0,3.9,4.1,0.3
2026-01-03 15:54:06,5d8cd98d766c88001718895a,0.0,0.0,0.0,0.0,3.5,3.0,3.9,4.1,0.2725713363689175
2026-01-03 15:54:06,6623ee666f998a001b252726,0.0,0.0,0.0,0.0,3.5,3.0,3.9,4.1,0.2725713363689175
2026-01-03 15:54:06,662b84c11afb9c00172dd0b5,0.0,0.0,0.0,0.0,3.5,3.0,3.9,4.1,0.2725713363689175
2026-01-03 15:54:06,662b51201afb9c00172d889a,0.0,0.0,0.0,0.0,3.5,3.0,3.9,4.1,0.2725713363689175
2026-01-03 15:54:06,56df8198c062921100c143dd,0.0,0.0,0.0,0.0,3.5,3.0,3.9,4.1,0.2725713363689175
2026-01-03 15:54:06,56de42f611f398ec0c481282,0.0,0.0,0.0,0.0,3.5,3.0,3.9,4.1,0.2725713363689175
2026-01-03 15:54:06,58df4c2bdc195800111e04b7,0.0,0.0,0.0,0.0,3.5,3.0,3.9,4.1,0.3
2026-01-03 15:54:06,6623ea416f998a001b25260a,0.0,0.0,0.0,0.0,3.5,3.0,3.9,4.1,0.2725713363689175
2026-01-03 15:54:06,662b872d1afb9c00172dd36a,0.0,0.0,0.0,0.0,3.5,3.0,3.9,4.1,0.2725713363689175
2026-01-03 15:54:06,6623e4b06f998a001b2522f1,0.0,0.0,0.0,0.0,3.5,3.0,3.9,4.1,0.2725713363689175
2026-01-03 15:54:06,56de42f611f398ec0c48127e,0.0,0.0,0.0,0.0,3.5,3.0,3.9,4.1,0.2725713363689175
2026-01-03 15:54:06,595dd3a63dcfc400106f28a7,0.0,0.0,0.0,0.0,3.5,3.0,3.9,4.1,0.2725713363689175
2026-01-03 15:54:06,68ede5d4230ee50017d04c24,0.0,0.0,0.0,0.0,3.5,3.0,3.9,4.1,0.2725713363689175
2026-01-03 15:54:06,5a8266105058170011f6eadf,0.0,0.0,0.0,0.0,3.5,3.0,3.9,4.1,0.2725713363689175
2026-01-03 15:54:06,662b5afe1afb9c00172d9284,0.0,0.0,0.0,0.0,3.5,3.0,3.9,4.1,0.2725713363689175
2026-01-03 15:54:06,5a82602c5058170011f6ead9,0.0,0.0,0.0,0.0,3.5,3.0,3.9,4.1,0.2725713363689175
2026-01-03 15:54:06,585b2980c3f96200127dc502,0.0,0.0,0.0,0.0,3.5,3.0,3.9,4.1,0.2725713363689175
2026-01-03 15:54:06,56de42f611f398ec0c481284,0.0,0.0,0.0,0.0,3.5,3.0,3.9,4.1,0.3
2026-01-03 15:54:06,662b56c51afb9c00172d9071,0.0,0.0,0.0,0.0,3.5,3.0,3.9,4.1,0.2725713363689175
2026-01-03 15:54:06,63ae7a08bfd3d90017e8f285,0.0,0.0,0.0,0.0,3.5,3.0,3.9,4.1,0.2725713363689175
2026-01-03 15:54:06,662a8b061afb9c00172d27d7,0.0,0.0,0.0,0.0,3.5,3.0,3.9,4.1,0.2725713363689175
2026-01-03 15:54:06,587ee7d7b807da0011e33d55,0.0,0.0,0.0,0.0,3.5,3.0,3.9,4.1,0.2725713363689175
2026-01-03 15:54:06,5deb576d1dc17d7c5515ad12,0.0,0.0,0.0,0.0,3.5,3.0,3.9,4.1,0.3
2026-01-03 15:54:06,662b51a41afb9c00172d8926,0.0,0.0,0.0,0.0,3.5,3.0,3.9,4.1,0.27940071830835006
2026-01-03 15:54:06,63ae7893bfd3d90017e8f1e1,0.0,0.0,0.0,0.0,3.5,3.0,3.9,4.1,0.2725713363689175
2026-01-03 15:54:06,662a8b9e1afb9c00172d284d,0.0,0.0,0.0,0.0,3.5,3.0,3.9,4.1,0.2725713363689175
2026-01-03 15:54:06,5a823ba75058170011f6ea9e,0.0,0.0,0.0,0.0,3.5,3.0,3.9,4.1,0.2725713363689175
2026-01-03 15:54:06,681887346dfb4b0018f8f36a,0.0,0.0,0.0,0.0,3.5,3.0,3.9,4.1,0.2725713363689175
2026-01-03 15:54:06,662b5a401afb9c00172d91fc,0.0,0.0,0.0,0.0,3.5,3.0,3.9,4.1,0.2725713363689175
2026-01-03 15:54:06,56df8544c062921100c143e6,0.0,0.0,0.0,0.0,3.5,3.0,3.9,4.1,0.2725713363689175
2026-01-03 15:54:06,595ddb493dcfc400106f28b6,0.0,0.0,0.0,0.0,3.5,3.0,3.9,4.1,0.3
2026-01-03 15:54:06,66b1c1f2779f740018673f0d,0.0,0.0,0.0,0.0,3.5,3.0,3.9,4.1,0.2725713363689175
2026-01-03 15:54:06,589b4379b3bf7600110283c9,0.0,0.0,0.0,0.0,3.5,3.0,3.9,4.1,0.2725713363689175
2026-01-03 15:54:06,5a60604f8576340017d0660b,0.0,0.0,0.0,0.0,3.5,3.0,3.9,4.1,0.2725713363689175
2026-01-03 15:54:06,5d8cd9cb766c88001718895c,0.0,0.0,0.0,0.0,3.5,3.0,3.9,4.1,0.293115
2026-01-03 15:54:06,6623e6b86f998a001b2523b8,0.0,0.0,0.0,0.0,3.5,3.0,3.9,4.1,0.2725713363689175
2026-01-03 15:54:06,5a8256315058170011f6eac9,0.0,0.0,0.0,0.0,3.5,3.0,3.9,4.1,0.2725713363689175
2026-01-03 15:54:06,5ad064b498d8fc001102e26f,0.0,0.0,0.0,0.0,3.5,3.0,3.9,4.1,0.2725713363689175
2026-01-03 15:54:06,58af8d68bd82540010390c2e,0.0,0.0,0.0,0.0,3.5,3.0,3.9,4.1,0.2725713363689175
2026-01-03 15:54:06,65e0552f6b18080018db6647,0.0,0.0,0.0,0.0,3.5,3.0,3.9,4.1,0.2725713363689175
2026-01-03 15:54:06,595da7783dcfc400106f2888,0.0,0.0,0.0,0.0,3.5,3.0,3.9,4.1,0.2725713363689175
2026-01-03 15:54:06,662a8e121afb9c00172d2a3f,0.0,0.0,0.0,0.0,3.5,3.0,3.9,4.1,0.2725713363689175
2026-01-03 15:54:06,662b5be91afb9c00172d939b,0.0,0.0,0.0,0.0,3.5,3.0,3.9,4.1,0.2725713363689175
2026-01-03 15:54:06,5b728aafca0577001163ff7e,0.0,0.0,0.0,0.0,3.5,3.0,3.9,4.1,0.3
2026-01-03 15:54:06,6818901a6dfb4b0018f9058a,0.0,0.0,0.0,0.0,3.5,3.0,3.9,4.1,0.2725713363689175
2026-01-03 15:54:06,63ae7966bfd3d90017e8f240,0.0,0.0,0.0,0.0,3.5,3.0,3.9,4.1,0.3
2026-01-03 15:54:06,5a607fa38576340017d06671,0.0,0.0,0.0,0.0,3.5,3.0,3.9,4.1,0.2725713363689175
2026-01-03 15:54:06,662b87551afb9c00172dd43a,0.0,0.0,0.0,0.0,3.5,3.0,3.9,4.1,0.2725713363689175
2026-01-03 15:54:06,5deb576d1dc17d7c5515ad21,0.0,0.0,0.0,0.0,3.5,3.0,3.9,4.1,0.2725713363689175
2026-01-03 15:54:06,68188bf46dfb4b0018f8ff12,0.0,0.0,0.0,0.0,3.5,3.0,3.9,4.1,0.2725713363689175
2026-01-03 15:54:06,68a589a54e89b100173b6267,0.0,0.0,0.0,0.0,3.5,3.0,3.9,4.1,0.2725713363689175
2026-01-03 15:54:06,56de42f611f398ec0c481289,0.0,0.0,0.0,0.0,3.5,3.0,3.9,4.1,0.2725713363689175
2026-01-03 15:54:06,58ad69c4bd82540010390be7,0.0,0.0,0.0,0.0,3.5,3.0,3.9,4.1,0.2725713363689175
2026-01-03 15:54:06,6623f5876f998a001b25291a,0.0,0.0,0.0,0.0,3.5,3.0,3.9,4.1,0.2725713363689175
2026-01-03 15:54:06,6623e2e16f998a001b252233,0.0,0.0,0.0,0.0,3.5,3.0,3.9,4.1,0.2725713363689175
2026-01-03 15:54:06,63b54898bfd3d90017ea77ae,0.0,0.0,0.0,0.0,3.5,3.0,3.9,4.1,0.2725713363689175
2026-01-03 15:54:06,63b549b8bfd3d90017ea782c,0.0,0.0,0.0,0.0,3.5,3.0,3.9,4.1,0.2725713363689175
2026-01-03 15:54:06,662b5b271afb9c00172d9296,0.0,0.0,0.0,0.0,3.5,3.0,3.9,4.1,0.2725713363689175
2026-01-03 15:54:06,662a87df1afb9c00172d2522,0.0,0.0,0.0,0.0,3.5,3.0,3.9,4.1,0.2725713363689175
2026-01-03 15:54:06,68ede60a230ee50017d04c69,0.0,0.0,0.0,0.0,3.5,3.0,3.9,4.1,0.2725713363689175
2026-01-03 15:54:06,5a823bd55058170011f6eaa0,0.0,0.0,0.0,0.0,3.5,3.0,3.9,4.1,0.2725713363689175
2026-01-03 15:54:06,5a6085688576340017d06684,0.0,0.0,0.0,0.0,3.5,3.0,3.9,4.1,0.2725713363689175
2026-01-03 15:54:06,595dd7693dcfc400106f28b0,0.0,0.0,0.0,0.0,3.5,3.0,3.9,4.1,0.2725713363689175
2026-01-03 15:54:06,6623e88c6f998a001b25248b,0.0,0.0,0.0,0.0,3.5,3.0,3.9,4.1,0.2725713363689175
2026-01-03 15:54:06,63b54996bfd3d90017ea781a,0.0,0.0,0.0,0.0,3.5,3.0,3.9,4.1,0.2725713363689175
2026-01-03 15:54:06,56de42f611f398ec0c481283,0.0,0.0,0.0,0.0,3.5,3.0,3.9,4.1,0.2725713363689175
2026-01-03 15:54:06,5d8cdcf0766c880017188972,0.0,0.0,0.0,0.0,3.5,3.0,3.9,4.1,0.2725713363689175
2026-01-03 15:54:06,67e217643215f90017863b73,0.0,0.0,0.0,0.0,3.5,3.0,3.9,4.1,0.2725713363689175
2026-01-03 15:54:06,662b57ec1afb9c00172d90e3,0.0,0.0,0.0,0.0,3.5,3.0,3.9,4.1,0.3
2026-01-03 15:54:06,662b50571afb9c00172d87df,0.0,0.0,0.0,0.0,3.5,3.0,3.9,4.1,0.2725713363689175
2026-01-03 15:54:06,56df8274c062921100c143df,0.0,0.0,0.0,0.0,3.5,3.0,3.9,4.1,0.2725713363689175
2026-01-03 15:54:06,662b52131afb9c00172d8a23,0.0,0.0,0.0,0.0,3.5,3.0,3.9,4.1,0.27940071830835006
2026-01-03 15:54:06,68188b786dfb4b0018f8face,0.0,0.0,0.0,0.0,3.5,3.0,3.9,4.1,0.2725713363689175
2026-01-03 15:54:06,5a6061fd8576340017d06613,0.0,0.0,0.0,0.0,3.5,3.0,3.9,4.1,0.2725713363689175
2026-01-03 15:54:06,6623f0246f998a001b252797,0.0,0.0,0.0,0.0,3.5,3.0,3.9,4.1,0.2725713363689175
2026-01-03 15:54:06,595da7d93dcfc400106f288a,0.0,0.0,0.0,0.0,3.5,3.0,3.9,4.1,0.2725713363689175
2026-01-03 15:54:06,66b1c311779f740018674083,0.0,0.0,0.0,0.0,3.5,3.0,3.9,4.1,0.2725713363689175
2026-01-03 15:54:06,68ae7f327d735d00173c74e4,0.0,0.0,0.0,0.0,3.5,3.0,3.9,4.1,0.2725713363689175
2026-01-03 15:54:06,59ca30fd02eb490011a0a406,0.0,0.0,0.0,0.0,3.5,3.0,3.9,4.1,0.2725713363689175
2026-01-03 15:54:06,662a8cfe1afb9c00172d296e,0.0,0.0,0.0,0.0,3.5,3.0,3.9,4.1,0.2725713363689175
2026-01-03 15:54:06,589b39d9b3bf7600110283c1,0.0,0.0,0.0,0.0,3.5,3.0,3.9,4.1,0.2725713363689175
2026-01-03 15:54:06,5d8cd326766c88001718893e,0.0,0.0,0.0,0.0,3.5,3.0,3.9,4.1,0.2725713363689175
2026-01-03 15:54:06,587461c1b807da0011e33cc8,0.0,0.0,0.0,0.0,3.5,3.0,3.9,4.1,0.2725713363689175
2026-01-03 15:54:06,63ae76afbfd3d90017e8f106,0.0,0.0,0.0,0.0,3.5,3.0,3.9,4.1,0.2725713363689175
2026-01-03 15:54:06,63b661a3bfd3d90017eaa520,0.0,0.0,0.0,0.0,3.5,3.0,3.9,4.1,0.2725713363689175
2026-01-03 15:54:06,583f926761cfea0012cf68f1,0.0,0.0,0.0,0.0,3.5,3.0,3.9,4.1,0.2725713363689175
2026-01-03 15:54:06,6878bab06145d3001ba517f7,0.0,0.0,0.0,0.0,3.5,3.0,3.9,4.1,0.2725713363689175
2026-01-03 15:54:06,56df81d8c062921100c143de,0.0,0.0,0.0,0.0,3.5,3.0,3.9,4.1,0.2725713363689175
2026-01-03 15:54:06,63ae73cebfd3d90017e8f00d,0.0,0.0,0.0,0.0,3.5,3.0,3.9,4.1,0.2725713363689175
2026-01-03 15:54:06,662a8a661afb9c00172d2762,0.0,0.0,0.0,0.0,3.5,3.0,3.9,4.1,0.2725713363689175
2026-01-03 15:54:06,6623e7526f998a001b252407,0.0,0.0,0.0,0.0,3.5,3.0,3.9,4.1,0.2725713363689175
2026-01-03 15:54:06,5a6084898576340017d06680,0.0,0.0,0.0,0.0,3.5,3.0,3.9,4.1,0.2725713363689175
2026-01-03 15:54:06,56de42f611f398ec0c48129b,0.0,0.0,0.0,0.0,3.5,3.0,3.9,4.1,0.2725713363689175
2026-01-03 15:54:06,586e2492f9fab7001111b0ab,0.0,0.0,0.0,0.0,3.5,3.0,3.9,4.1,0.2725713363689175
2026-01-03 15:54:06,68edd621230ee50017d031c5,0.0,0.0,0.0,0.0,3.5,3.0,3.9,4.1,0.2725713363689175
2026-01-03 15:54:06,68ede0cf230ee50017d04657,0.0,0.0,0.0,0.0,3.5,3.0,3.9,4.1,0.2725713363689175
2026-01-03 15:54:06,662b571d1afb9c00172d9083,0.0,0.0,0.0,0.0,3.5,3.0,3.9,4.1,0.3
2026-01-03 15:54:06,587479b1b807da0011e33cf9,0.0,0.0,0.0,0.0,3.5,3.0,3.9,4.1,0.2725713363689175
2026-01-03 15:54:06,62da3e620637a10017d70720,0.0,0.0,0.0,0.0,3.5,3.0,3.9,4.1,0.3
2026-01-03 15:54:06,63b54909bfd3d90017ea77e4,0.0,0.0,0.0,0.0,3.5,3.0,3.9,4.1,0.2725713363689175
2026-01-03 15:54:06,595ddbbf3dcfc400106f28b8,0.0,0.0,0.0,0.0,3.5,3.0,3.9,4.1,0.2725713363689175
2026-01-03 15:54:06,5d9de43b766c880017188cb6,0.0,0.0,0.0,0.0,3.5,3.0,3.9,4.1,0.2725713363689175
2026-01-03 15:54:06,5a8250cc5058170011f6eaba,0.0,0.0,0.0,0.0,3.5,3.0,3.9,4.1,0.3
2026-01-03 15:54:06,6818868b6dfb4b0018f8f298,0.0,0.0,0.0,0.0,3.5,3.0,3.9,4.1,0.2725713363689175
2026-01-03 15:54:06,5b0b7e1c0e517b00119fd80b,0.0,0.0,0.0,0.0,3.5,3.0,3.9,4.1,0.3
2026-01-03 15:54:06,56de42f611f398ec0c48129a,0.0,0.0,0.0,0.0,3.5,3.0,3.9,4.1,0.2725713363689175
2026-01-03 15:54:06,662b57711afb9c00172d90a7,0.0,0.0,0.0,0.0,3.5,3.0,3.9,4.1,0.2725713363689175
2026-01-03 15:54:06,63b54968bfd3d90017ea7808,0.0,0.0,0.0,0.0,3.5,3.0,3.9,4.1,0.2725713363689175
2026-01-03 15:54:06,56de42f611f398ec0c48127f,0.0,0.0,0.0,0.0,3.5,3.0,3.9,4.1,0.2725713363689175
2026-01-03 15:54:06,58df5016dc195800111e04bd,0.0,0.0,0.0,0.0,3.5,3.0,3.9,4.1,0.2725713363689175
2026-01-03 15:54:06,681887836dfb4b0018f8f3d1,0.0,0.0,0.0,0.0,3.5,3.0,3.9,4.1,0.2725713363689175
2026-01-03 15:54:06,681884726dfb4b0018f8f035,0.0,0.0,0.0,0.0,3.5,3.0,3.9,4.1,0.2725713363689175
2026-01-03 15:54:06,5d8cdac3766c880017188962,0.0,0.0,0.0,0.0,3.5,3.0,3.9,4.1,0.2725713363689175
2026-01-03 15:54:06,587ef5dfb807da0011e33d59,0.0,0.0,0.0,0.0,3.5,3.0,3.9,4.1,0.2725713363689175
2026-01-03 15:54:06,68fae32b6b936b001721878b,0.0,0.0,0.0,0.0,3.5,3.0,3.9,4.1,0.2725713363689175
2026-01-03 15:54:06,595dc2f03dcfc400106f2896,0.0,0.0,0.0,0.0,3.5,3.0,3.9,4.1,0.2725713363689175
2026-01-03 15:54:06,662b85f51afb9c00172dd1c2,0.0,0.0,0.0,0.0,3.5,3.0,3.9,4.1,0.2725713363689175
2026-01-03 15:54:06,692293f044912200174bc856,0.0,0.0,0.0,0.0,3.5,3.0,3.9,4.1,0.2725713363689175
2026-01-03 15:54:06,68a588c04e89b100173b616b,0.0,0.0,0.0,0.0,3.5,3.0,3.9,4.1,0.2725713363689175
2026-01-03 15:54:06,5d8cdbdc766c88001718896a,0.0,0.0,0.0,0.0,3.5,3.0,3.9,4.1,0.2725713363689175
2026-01-03 15:54:06,63b54d5abfd3d90017ea7afe,0.0,0.0,0.0,0.0,3.5,3.0,3.9,4.1,0.2725713363689175
2026-01-03 15:54:06,5deb576d1dc17d7c5515ad13,0.0,0.0,0.0,0.0,3.5,3.0,3.9,4.1,0.2725713363689175
2026-01-03 15:54:06,662b862a1afb9c00172dd1ff,0.0,0.0,0.0,0.0,3.5,3.0,3.9,4.1,0.2725713363689175
2026-01-03 15:54:06,5deb576d1dc17d7c5515acf2,0.0,0.0,0.0,0.0,3.5,3.0,3.9,4.1,0.2725713363689175
2026-01-03 15:54:06,5a824e465058170011f6eab4,0.0,0.0,0.0,0.0,3.5,3.0,3.9,4.1,0.2725713363689175
2026-01-03 15:54:06,662b57471afb9c00172d9095,0.0,0.0,0.0,0.0,3.5,3.0,3.9,4.1,0.2725713363689175
2026-01-03 15:54:06,56de42f611f398ec0c481291,0.0,0.0,0.0,0.0,3.5,3.0,3.9,4.1,0.2725713363689175
2026-01-03 15:54:06,584e71cb61cfea0012cf694b,0.0,0.0,0.0,0.0,3.5,3.0,3.9,4.1,0.3
2026-01-03 15:54:06,595f874d3dcfc400106f28ec,0.0,0.0,0.0,0.0,3.5,3.0,3.9,4.1,0.2725713363689175
2026-01-03 15:54:06,5b19d34faf4ff60011d6ea52,0.0,0.0,0.0,0.0,3.5,3.0,3.9,4.1,0.2725713363689175
2026-01-03 15:54:06,63b3c9bfbfd3d90017e9b039,0.0,0.0,0.0,0.0,3.5,3.0,3.9,4.1,0.2725713363689175
2026-01-03 15:54:06,5deb576d1dc17d7c5515acf4,0.0,0.0,0.0,0.0,3.5,3.0,3.9,4.1,0.3
2026-01-03 15:54:06,6922944044912200174bc883,0.0,0.0,0.0,0.0,3.5,3.0,3.9,4.1,0.2725713363689175
2026-01-03 15:54:06,58af99abbd82540010390c39,0.0,0.0,0.0,0.0,3.5,3.0,3.9,4.1,0.2725713363689175
2026-01-03 15:54:06,68a5894a4e89b100173b6202,0.0,0.0,0.0,0.0,3.5,3.0,3.9,4.1,0.2725713363689175
2026-01-03 15:54:06,6623ecc16f998a001b25269e,0.0,0.0,0.0,0.0,3.5,3.0,3.9,4.1,0.2725713363689175
2026-01-03 15:54:06,6623e3ea6f998a001b2522ae,0.0,0.0,0.0,0.0,3.5,3.0,3.9,4.1,0.2725713363689175
2026-01-03 15:54:06,662b7d0c1afb9c00172dc6a6,0.0,0.0,0.0,0.0,3.5,3.0,3.9,4.1,0.2725713363689175
2026-01-03 15:54:06,662b54bb1afb9c00172d8dbb,0.0,0.0,0.0,0.0,3.5,3.0,3.9,4.1,0.2725713363689175
2026-01-03 15:54:06,662b58bd1afb9c00172d9119,0.0,0.0,0.0,0.0,3.5,3.0,3.9,4.1,0.2725713363689175
2026-01-03 15:54:06,595f86c43dcfc400106f28ea,0.0,0.0,0.0,0.0,3.5,3.0,3.9,4.1,0.2725713363689175
2026-01-03 15:54:06,59ca321b02eb490011a0a40d,0.0,0.0,0.0,0.0,3.5,3.0,3.9,4.1,0.2725713363689175
2026-01-03 15:54:06,5a82439f5058170011f6eaa9,0.0,0.0,0.0,0.0,3.5,3.0,3.9,4.1,0.2725713363689175
2026-01-03 15:54:06,6623e5d66f998a001b25235a,0.0,0.0,0.0,0.0,3.5,3.0,3.9,4.1,0.2725713363689175
2026-01-03 15:54:06,58d7c20ac1e33c00112b321c,0.0,0.0,0.0,0.0,3.5,3.0,3.9,4.1,0.2725713363689175
2026-01-03 15:54:06,589d0b74b3bf7600110283d4,0.0,0.0,0.0,0.0,3.5,3.0,3.9,4.1,0.2725713363689175
2026-01-03 15:54:06,56df807bc062921100c143da,0.0,0.0,0.0,0.0,3.5,3.0,3.9,4.1,0.2725713363689175
2026-01-03 15:54:06,662b82a61afb9c00172dcdfd,0.0,0.0,0.0,0.0,3.5,3.0,3.9,4.1,0.2725713363689175
2026-01-03 15:54:06,586e266ef9fab7001111b0b0,0.0,0.0,0.0,0.0,3.5,3.0,3.9,4.1,0.2725713363689175
2026-01-03 15:54:06,63ae7a74bfd3d90017e8f2c7,0.0,0.0,0.0,0.0,3.5,3.0,3.9,4.1,0.2725713363689175
2026-01-03 15:54:06,59d3414302eb490011a0a610,0.0,0.0,0.0,0.0,3.5,3.0,3.9,4.1,0.2725713363689175
2026-01-03 15:54:06,6623e9e96f998a001b2525ce,0.0,0.0,0.0,0.0,3.5,3.0,3.9,4.1,0.2725713363689175
2026-01-03 15:54:06,63ae7a9cbfd3d90017e8f303,0.0,0.0,0.0,0.0,3.5,3.0,3.9,4.1,0.2725713363689175
2026-01-03 15:54:06,5a6085188576340017d06682,0.0,0.0,0.0,0.0,3.5,3.0,3.9,4.1,0.3
2026-01-03 15:54:06,56de42f611f398ec0c481286,0.0,0.0,0.0,0.0,3.5,3.0,3.9,4.1,0.2725713363689175
2026-01-03 15:54:06,6623f14b6f998a001b2527f0,0.0,0.0,0.0,0.0,3.5,3.0,3.9,4.1,0.2725713363689175
2026-01-03 15:54:06,662b4f411afb9c00172d86fc,0.0,0.0,0.0,0.0,3.5,3.0,3.9,4.1,0.2725713363689175
2026-01-03 15:54:06,6792f9c88c5ed4001b27fb3d,0.0,0.0,0.0,0.0,3.5,3.0,3.9,4.1,0.2725713363689175
2026-01-03 15:54:06,662b843d1afb9c00172dd02d,0.0,0.0,0.0,0.0,3.5,3.0,3.9,4.1,0.2725713363689175
2026-01-03 15:54:06,595d9b3b3dcfc400106f287e,0.0,0.0,0.0,0.0,3.5,3.0,3.9,4.1,0.2725713363689175
2026-01-03 15:54:06,5deb576d1dc17d7c5515ad0b,0.0,0.0,0.0,0.0,3.5,3.0,3.9,4.1,0.2725713363689175
2026-01-03 15:54:06,5a6087858576340017d0668e,0.0,0.0,0.0,0.0,3.5,3.0,3.9,4.1,0.2725713363689175
2026-01-03 15:54:06,662b4e581afb9c00172d862f,0.0,0.0,0.0,0.0,3.5,3.0,3.9,4.1,0.2725713363689175
2026-01-03 15:54:06,587464e2b807da0011e33cd9,0.0,0.0,0.0,0.0,3.5,3.0,3.9,4.1,0.2725713363689175
2026-01-03 15:54:06,58afdbaebd82540010390c48,0.0,0.0,0.0,0.0,3.5,3.0,3.9,4.1,0.2725713363689175
2026-01-03 15:54:06,63b54c51bfd3d90017ea7aa0,0.0,0.0,0.0,0.0,3.5,3.0,3.9,4.1,0.2725713363689175
2026-01-03 15:54:06,58ad6214bd82540010390be2,0.0,0.0,0.0,0.0,3.5,3.0,3.9,4.1,0.2725713363689175
2026-01-03 15:54:06,5deb576d1dc17d7c5515ad09,0.0,0.0,0.0,0.0,3.5,3.0,3.9,4.1,0.2725713363689175
2026-01-03 15:54:06,58af8a0bbd82540010390c25,0.0,0.0,0.0,0.0,3.5,3.0,3.9,4.1,0.2725713363689175
2026-01-03 15:54:06,5b0b74280e517b00119fd7f9,0.0,0.0,0.0,0.0,3.5,3.0,3.9,4.1,0.3
2026-01-03 15:54:06,587ef859b807da0011e33d5b,0.0,0.0,0.0,0.0,3.5,3.0,3.9,4.1,0.2725713363689175
2026-01-03 15:54:06,58744e97b807da0011e33cb9,0.0,0.0,0.0,0.0,3.5,3.0,3.9,4.1,0.2725713363689175
2026-01-03 15:54:06,692293c644912200174bc83b,0.0,0.0,0.0,0.0,3.5,3.0,3.9,4.1,0.2725713363689175
2026-01-03 15:54:06,63b54a48bfd3d90017ea7850,0.0,0.0,0.0,0.0,3.5,3.0,3.9,4.1,0.2725713363689175
2026-01-03 15:54:06,58c2717ed56e930010a39ac0,0.0,0.0,0.0,0.0,3.5,3.0,3.9,4.1,0.2725713363689175
2026-01-03 15:54:06,58afcd9bbd82540010390c41,0.0,0.0,0.0,0.0,3.5,3.0,3.9,4.1,0.2725713363689175
2026-01-03 15:54:06,63b54a9ebfd3d90017ea7911,0.0,0.0,0.0,0.0,3.5,3.0,3.9,4.1,0.2725713363689175
2026-01-03 15:54:06,5bbc7163ca0577001164127f,0.0,0.0,0.0,0.0,3.5,3.0,3.9,4.1,0.2725713363689175
2026-01-03 15:54:06,6623f3d66f998a001b252890,0.0,0.0,0.0,0.0,3.5,3.0,3.9,4.1,0.2725713363689175
2026-01-03 15:54:06,5b6005b6fd4edb0019c7db25,0.0,0.0,0.0,0.0,3.5,3.0,3.9,4.1,0.2725713363689175
2026-01-03 15:54:06,662a902a1afb9c00172d2bed,0.0,0.0,0.0,0.0,3.5,3.0,3.9,4.1,0.2725713363689175
2026-01-03 15:54:06,662b85481afb9c00172dd0f1,0.0,0.0,0.0,0.0,3.5,3.0,3.9,4.1,0.2725713363689175
2026-01-03 15:54:06,6623ef2b6f998a001b252753,0.0,0.0,0.0,0.0,3.5,3.0,3.9,4.1,0.2725713363689175
2026-01-03 15:54:06,66b1c4e7779f7400186741e4,0.0,0.0,0.0,0.0,3.5,3.0,3.9,4.1,0.2725713363689175
2026-01-03 15:54:06,56de42f611f398ec0c48129c,0.0,0.0,0.0,0.0,3.5,3.0,3.9,4.1,0.2725713363689175
2026-01-03 15:54:06,587c8661b807da0011e33d43,0.0,0.0,0.0,0.0,3.5,3.0,3.9,4.1,0.27940071830835006
2026-01-03 15:54:06,5b632a79fd4edb0019c7dc0f,0.0,0.0,0.0,0.0,3.5,3.0,3.9,4.1,0.3
2026-01-03 15:54:06,662a87a41afb9c00172d24e9,0.0,0.0,0.0,0.0,3.5,3.0,3.9,4.1,0.2725713363689175
2026-01-03 15:54:06,595dd4133dcfc400106f28a9,0.0,0.0,0.0,0.0,3.5,3.0,3.9,4.1,0.2725713363689175
2026-01-03 15:54:06,662b5b8c1afb9c00172d92ca,0.0,0.0,0.0,0.0,3.5,3.0,3.9,4.1,0.2725713363689175
2026-01-03 15:54:06,5d8cd7bb766c880017188952,0.0,0.0,0.0,0.0,3.5,3.0,3.9,4.1,0.3
2026-01-03 15:54:06,56df857fc062921100c143e7,0.0,0.0,0.0,0.0,3.5,3.0,3.9,4.1,0.3
2026-01-03 15:54:06,63ae75debfd3d90017e8f082,0.0,0.0,0.0,0.0,3.5,3.0,3.9,4.1,0.2725713363689175
2026-01-03 15:54:06,6623eb466f998a001b252632,0.0,0.0,0.0,0.0,3.5,3.0,3.9,4.1,0.2725713363689175
2026-01-03 15:54:06,5a824dc05058170011f6eab2,0.0,0.0,0.0,0.0,3.5,3.0,3.9,4.1,0.2725713363689175
2026-01-03 15:54:06,5d8cd49f766c880017188944,0.0,0.0,0.0,0.0,3.5,3.0,3.9,4.1,0.3
2026-01-03 15:54:06,5a606c078576340017d06624,0.0,0.0,0.0,0.0,3.5,3.0,3.9,4.1,0.2725713363689175
2026-01-03 15:54:06,5deb576d1dc17d7c5515acf3,0.0,0.0,0.0,0.0,3.5,3.0,3.9,4.1,0.2725713363689175
2026-01-03 15:54:06,5a8254b05058170011f6eac3,0.0,0.0,0.0,0.0,3.5,3.0,3.9,4.1,0.2725713363689175
2026-01-03 15:54:06,662b50c11afb9c00172d8843,0.0,0.0,0.0,0.0,3.5,3.0,3.9,4.1,0.2725713363689175
2026-01-03 15:54:06,6623f51a6f998a001b252900,0.0,0.0,0.0,0.0,3.5,3.0,3.9,4.1,0.2725713363689175
2026-01-03 15:54:06,5deb576d1dc17d7c5515ad1b,0.0,0.0,0.0,0.0,3.5,3.0,3.9,4.1,0.3
2026-01-03 15:54:06,58744e3eb807da0011e33cb7,0.0,0.0,0.0,0.0,3.5,3.0,3.9,4.1,0.2725713363689175
2026-01-03 15:54:06,58744dd9b807da0011e33cb5,0.0,0.0,0.0,0.0,3.5,3.0,3.9,4.1,0.2725713363689175
2026-01-03 15:54:06,56df8416c062921100c143e4,0.0,0.0,0.0,0.0,3.5,3.0,3.9,4.1,0.3
2026-01-03 15:54:06,681883b46dfb4b0018f8ef39,0.0,0.0,0.0,0.0,3.5,3.0,3.9,4.1,0.2725713363689175
2026-01-03 15:54:06,58af8b69bd82540010390c28,0.0,0.0,0.0,0.0,3.5,3.0,3.9,4.1,0.2725713363689175
2026-01-03 15:54:06,6623e3a26f998a001b252291,0.0,0.0,0.0,0.0,3.5,3.0,3.9,4.1,0.2725713363689175
2026-01-03 15:54:06,589b3ceeb3bf7600110283c3,0.0,0.0,0.0,0.0,3.5,3.0,3.9,4.1,0.2725713363689175
2026-01-03 15:54:06,595dcab53dcfc400106f289d,0.0,0.0,0.0,0.0,3.5,3.0,3.9,4.1,0.2725713363689175
2026-01-03 15:54:06,662a89211afb9c00172d2636,0.0,0.0,0.0,0.0,3.5,3.0,3.9,4.1,0.2725713363689175
2026-01-03 15:54:06,5deb576d1dc17d7c5515ad05,0.0,0.0,0.0,0.0,3.5,3.0,3.9,4.1,0.2725713363689175
2026-01-03 15:54:06,595dd4f43dcfc400106f28ab,0.0,0.0,0.0,0.0,3.5,3.0,3.9,4.1,0.2725713363689175
2026-01-03 15:54:06,6792ef4f8c5ed4001b27f2c0,0.0,0.0,0.0,0.0,3.5,3.0,3.9,4.1,0.2725713363689175
2026-01-03 15:54:06,662b84771afb9c00172dd076,0.0,0.0,0.0,0.0,3.5,3.0,3.9,4.1,0.2725713363689175
2026-01-03 15:54:06,6623f0b46f998a001b2527c3,0.0,0.0,0.0,0.0,3.5,3.0,3.9,4.1,0.2725713363689175
2026-01-03 15:54:06,6922928544912200174bc755,0.0,0.0,0.0,0.0,3.5,3.0,3.9,4.1,0.2725713363689175
2026-01-03 15:54:06,665861d864f11e00173c73a9,0.0,0.0,0.0,0.0,3.5,3.0,3.9,4.1,0.2725713363689175
2026-01-03 15:54:06,5a607f078576340017d0666f,0.0,0.0,0.0,0.0,3.5,3.0,3.9,4.1,0.2725713363689175
2026-01-03 15:54:06,68ede112230ee50017d046a6,0.0,0.0,0.0,0.0,3.5,3.0,3.9,4.1,0.2725713363689175
2026-01-03 15:54:06,5a824ee15058170011f6eab6,0.0,0.0,0.0,0.0,3.5,3.0,3.9,4.1,0.2725713363689175
2026-01-03 15:54:06,6623ed396f998a001b2526b8,0.0,0.0,0.0,0.0,3.5,3.0,3.9,4.1,0.2725713363689175
2026-01-03 15:54:06,5b632b60fd4edb0019c7dc12,0.0,0.0,0.0,0.0,3.5,3.0,3.9,4.1,0.3
2026-01-03 15:54:06,587c8d97b807da0011e33d49,0.0,0.0,0.0,0.0,3.5,3.0,3.9,4.1,0.2725713363689175
2026-01-03 15:54:06,59414c883dcfc400106f260b,0.0,0.0,0.0,0.0,3.5,3.0,3.9,4.1,0.2725713363689175
2026-01-03 15:54:06,56df82d4c062921100c143e0,0.0,0.0,0.0,0.0,3.5,3.0,3.9,4.1,0.2725713363689175
2026-01-03 15:54:06,6792f1008c5ed4001b27f41f,0.0,0.0,0.0,0.0,3.5,3.0,3.9,4.1,0.2725713363689175
2026-01-03 15:54:06,58affc6017139d0010f35cc8,0.0,0.0,0.0,0.0,3.5,3.0,3.9,4.1,0.2725713363689175
2026-01-03 15:54:06,587463bab807da0011e33cd3,0.0,0.0,0.0,0.0,3.5,3.0,3.9,4.1,0.2725713363689175
2026-01-03 15:54:06,5deb576d1dc17d7c5515ad1c,0.0,0.0,0.0,0.0,3.5,3.0,3.9,4.1,0.2725713363689175
2026-01-03 15:54:06,56de42f611f398ec0c481287,0.0,0.0,0.0,0.0,3.5,3.0,3.9,4.1,0.2725713363689175
2026-01-03 15:54:06,662b5c981afb9c00172d94c0,0.0,0.0,0.0,0.0,3.5,3.0,3.9,4.1,0.2725713363689175
2026-01-03 15:54:06,662a861e1afb9c00172d23ad,0.0,0.0,0.0,0.0,3.5,3.0,3.9,4.1,0.2725713363689175
2026-01-03 15:54:06,662b5a9c1afb9c00172d9240,0.0,0.0,0.0,0.0,3.5,3.0,3.9,4.1,0.2725713363689175
2026-01-03 15:54:06,662a88a01afb9c00172d25d1,0.0,0.0,0.0,0.0,3.5,3.0,3.9,4.1,0.2725713363689175
2026-01-03 15:54:06,68a587fc4e89b100173b6054,0.0,0.0,0.0,0.0,3.5,3.0,3.9,4.1,0.2725713363689175
2026-01-03 15:54:06,662b4e201afb9c00172d85f9,0.0,0.0,0.0,0.0,3.5,3.0,3.9,4.1,0.2725713363689175
2026-01-03 15:54:06,5d8cdb4b766c880017188966,0.0,0.0,0.0,0.0,3.5,3.0,3.9,4.1,0.2725713363689175
2026-01-03 15:54:06,58b57a6c17139d0010f35d65,0.0,0.0,0.0,0.0,3.5,3.0,3.9,4.1,0.3
2026-01-03 15:54:06,62da3e390637a10017d706ff,0.0,0.0,0.0,0.0,3.5,3.0,3.9,4.1,0.2725713363689175
2026-01-03 15:54:06,5deb576d1dc17d7c5515ad10,0.0,0.0,0.0,0.0,3.5,3.0,3.9,4.1,0.2725713363689175
2026-01-03 15:54:06,66b1c4a2779f74001867418c,0.0,0.0,0.0,0.0,3.5,3.0,3.9,4.1,0.2725713363689175
2026-01-03 15:54:06,631813ebc9eae60017a196b0,0.0,0.0,0.0,0.0,3.5,3.0,3.9,4.1,0.2725713363689175
2026-01-03 15:54:06,68188cfa6dfb4b0018f9013c,0.0,0.0,0.0,0.0,3.5,3.0,3.9,4.1,0.2725713363689175
2026-01-03 15:54:06,587475abb807da0011e33cea,0.0,0.0,0.0,0.0,3.5,3.0,3.9,4.1,0.2725713363689175
2026-01-03 15:54:06,5deb576d1dc17d7c5515ad0e,0.0,0.0,0.0,0.0,3.5,3.0,3.9,4.1,0.2725713363689175
2026-01-03 15:54:06,68ede227230ee50017d0480b,0.0,0.0,0.0,0.0,3.5,3.0,3.9,4.1,0.2725713363689175
2026-01-03 15:54:06,5deb576d1dc17d7c5515ad11,0.0,0.0,0.0,0.0,3.5,3.0,3.9,4.1,0.2725713363689175
2026-01-03 15:54:06,68ede25b230ee50017d0484d,0.0,0.0,0.0,0.0,3.5,3.0,3.9,4.1,0.2725713363689175
2026-01-03 15:54:06,587478d8b807da0011e33cf3,0.0,0.0,0.0,0.0,3.5,3.0,3.9,4.1,0.2725713363689175
2026-01-03 15:54:06,5deb576d1dc17d7c5515acf8,0.0,0.0,0.0,0.0,3.5,3.0,3.9,4.1,0.2725713363689175
2026-01-03 15:54:06,591c6833a6bfb500119400a3,0.0,0.0,0.0,0.0,3.5,3.0,3.9,4.1,0.2725713363689175
2026-01-03 15:54:06,63ae7938bfd3d90017e8f226,0.0,0.0,0.0,0.0,3.5,3.0,3.9,4.1,0.2725713363689175
2026-01-03 15:54:06,63b664edbfd3d90017eaaa24,0.0,0.0,0.0,0.0,3.5,3.0,3.9,4.1,0.2725713363689175
2026-01-03 15:54:06,56df83d8c062921100c143e3,0.0,0.0,0.0,0.0,3.5,3.0,3.9,4.1,0.2725713363689175
2026-01-03 15:54:06,6623e5776f998a001b252337,0.0,0.0,0.0,0.0,3.5,3.0,3.9,4.1,0.2725713363689175
2026-01-03 15:54:06,59ca308302eb490011a0a403,0.0,0.0,0.0,0.0,3.5,3.0,3.9,4.1,0.2725713363689175
2026-01-03 15:54:06,5deb576d1dc17d7c5515acfd,0.0,0.0,0.0,0.0,3.5,3.0,3.9,4.1,0.2725713363689175
2026-01-03 15:54:06,56df8159c062921100c143dc,0.0,0.0,0.0,0.0,3.5,3.0,3.9,4.1,0.2725713363689175
2026-01-03 15:54:06,587ef2e4b807da0011e33d57,0.0,0.0,0.0,0.0,3.5,3.0,3.9,4.1,0.2725713363689175
2026-01-03 15:54:06,589b3f7db3bf7600110283c6,0.0,0.0,0.0,0.0,3.5,3.0,3.9,4.1,0.2725713363689175
2026-01-03 15:54:06,68188c876dfb4b0018f9007b,0.0,0.0,0.0,0.0,3.5,3.0,3.9,4.1,0.2725713363689175
2026-01-03 15:54:06,6623e6706f998a001b25239b,0.0,0.0,0.0,0.0,3.5,3.0,3.9,4.1,0.2725713363689175
2026-01-03 15:54:06,662b86551afb9c00172dd227,0.0,0.0,0.0,0.0,3.5,3.0,3.9,4.1,0.2725713363689175
2026-01-03 15:54:06,662a88521afb9c00172d2592,0.0,0.0,0.0,0.0,3.5,3.0,3.9,4.1,0.2725713363689175
2026-01-03 15:54:06,649da77ea6068200171a6dd4,0.0,0.0,0.0,0.0,3.5,3.0,3.9,4.1,0.2725713363689175
2026-01-03 15:54:06,63b3c59fbfd3d90017e9ace8,0.0,0.0,0.0,0.0,3.5,3.0,3.9,4.1,0.2725713363689175
2026-01-03 15:54:06,58b5510817139d0010f35d4e,0.0,0.0,0.0,0.0,3.5,3.0,3.9,4.1,0.2725713363689175
2026-01-03 15:54:06,5a824c905058170011f6eab0,0.0,0.0,0.0,0.0,3.5,3.0,3.9,4.1,0.2725713363689175
2026-01-03 15:54:06,5deb576d1dc17d7c5515ad16,0.0,0.0,0.0,0.0,3.5,3.0,3.9,4.1,0.2725713363689175
2026-01-03 15:54:06,63ae7c73bfd3d90017e8f3ed,0.0,0.0,0.0,0.0,3.5,3.0,3.9,4.1,0.2725713363689175
2026-01-03 15:54:06,586e1d4ef9fab7001111b0a2,0.0,0.0,0.0,0.0,3.5,3.0,3.9,4.1,0.2725713363689175
2026-01-03 15:54:06,63195512c9eae60017a1c279,0.0,0.0,0.0,0.0,3.5,3.0,3.9,4.1,0.2725713363689175
2026-01-03 15:54:06,59ca2ecb02eb490011a0a3f6,0.0,0.0,0.0,0.0,3.5,3.0,3.9,4.1,0.3
2026-01-03 15:54:06,5d8cdc9d766c880017188970,0.0,0.0,0.0,0.0,3.5,3.0,3.9,4.1,0.2725713363689175
2026-01-03 15:54:06,6792f1b78c5ed4001b27f4a9,0.0,0.0,0.0,0.0,3.5,3.0,3.9,4.1,0.2725713363689175
2026-01-03 15:54:06,58d8ec0adc195800111e042b,0.0,0.0,0.0,0.0,3.5,3.0,3.9,4.1,0.2725713363689175
2026-01-03 15:54:06,5a8254f25058170011f6eac5,0.0,0.0,0.0,0.0,3.5,3.0,3.9,4.1,0.2725713363689175
2026-01-03 15:54:06,63ae7c53bfd3d90017e8f3d8,0.0,0.0,0.0,0.0,3.5,3.0,3.9,4.1,0.2725713363689175
2026-01-03 15:54:06,5deb576d1dc17d7c5515ad20,0.0,0.0,0.0,0.0,3.5,3.0,3.9,4.1,0.2725713363689175
2026-01-03 15:54:06,5874796db807da0011e33cf7,0.0,0.0,0.0,0.0,3.5,3.0,3.9,4.1,0.2725713363689175
2026-01-03 15:54:06,5deb576d1dc17d7c5515acfa,0.0,0.0,0.0,0.0,3.5,3.0,3.9,4.1,0.2725713363689175
2026-01-03 15:54:06,58746536b807da0011e33cdc,0.0,0.0,0.0,0.0,3.5,3.0,3.9,4.1,0.2725713363689175
2026-01-03 15:54:06,5a8251575058170011f6eabc,0.0,0.0,0.0,0.0,3.5,3.0,3.9,4.1,0.3
2026-01-03 15:54:06,662b59291afb9c00172d912b,0.0,0.0,0.0,0.0,3.5,3.0,3.9,4.1,0.2725713363689175
2026-01-03 15:54:06,5a6060a88576340017d0660d,0.0,0.0,0.0,0.0,3.5,3.0,3.9,4.1,0.2725713363689175
2026-01-03 15:54:06,63b65f33bfd3d90017eaa405,0.0,0.0,0.0,0.0,3.5,3.0,3.9,4.1,0.2725713363689175
2026-01-03 15:54:06,5deb576d1dc17d7c5515ad1e,0.0,0.0,0.0,0.0,3.5,3.0,3.9,4.1,0.2725713363689175
2026-01-03 15:54:06,5a6061868576340017d06611,0.0,0.0,0.0,0.0,3.5,3.0,3.9,4.1,0.2725713363689175
2026-01-03 15:54:06,589b3705b3bf7600110283bd,0.0,0.0,0.0,0.0,3.5,3.0,3.9,4.1,0.2725713363689175
2026-01-03 15:54:06,63ae7759bfd3d90017e8f162,0.0,0.0,0.0,0.0,3.5,3.0,3.9,4.1,0.2725713363689175
2026-01-03 15:54:06,63ae7709bfd3d90017e8f135,0.0,0.0,0.0,0.0,3.5,3.0,3.9,4.1,0.2725713363689175
2026-01-03 15:54:06,662b55111afb9c00172d8e2e,0.0,0.0,0.0,0.0,3.5,3.0,3.9,4.1,0.2725713363689175
2026-01-03 15:54:06,649da419a6068200171a6c90,0.0,0.0,0.0,0.0,3.5,3.0,3.9,4.1,0.2725713363689175
2026-01-03 15:54:06,58afccadbd82540010390c3f,0.0,0.0,0.0,0.0,3.5,3.0,3.9,4.1,0.2725713363689175
2026-01-03 15:54:06,662b82761afb9c00172dcda3,0.0,0.0,0.0,0.0,3.5,3.0,3.9,4.1,0.2725713363689175
2026-01-03 15:54:06,5deb576d1dc17d7c5515acf7,0.0,0.0,0.0,0.0,3.5,3.0,3.9,4.1,0.2725713363689175
2026-01-03 15:54:06,5d9ddd49766c880017188c94,0.0,0.0,0.0,0.0,3.5,3.0,3.9,4.1,0.2725713363689175
2026-01-03 15:54:06,5d8cd767766c880017188950,0.0,0.0,0.0,0.0,3.5,3.0,3.9,4.1,0.2725713363689175
2026-01-03 15:54:06,6922931044912200174bc7cf,0.0,0.0,0.0,0.0,3.5,3.0,3.9,4.1,0.2725713363689175
2026-01-03 15:54:06,6792f16e8c5ed4001b27f482,0.0,0.0,0.0,0.0,3.5,3.0,3.9,4.1,0.2725713363689175
2026-01-03 15:54:06,595f8d813dcfc400106f28f2,0.0,0.0,0.0,0.0,3.5,3.0,3.9,4.1,0.2725713363689175
2026-01-03 15:54:06,5874656eb807da0011e33cde,0.0,0.0,0.0,0.0,3.5,3.0,3.9,4.1,0.2725713363689175
2026-01-03 15:54:06,6623e3566f998a001b25226d,0.0,0.0,0.0,0.0,3.5,3.0,3.9,4.1,0.2725713363689175
2026-01-03 15:54:06,5abbb6d698d8fc001102dfc8,0.0,0.0,0.0,0.0,3.5,3.0,3.9,4.1,0.27940071830835006
2026-01-03 15:54:06,5d8cdd26766c880017188974,0.0,0.0,0.0,0.0,3.5,3.0,3.9,4.1,0.3
2026-01-03 15:54:06,5deb576d1dc17d7c5515ad03,0.0,0.0,0.0,0.0,3.5,3.0,3.9,4.1,0.2725713363689175
2026-01-03 15:54:06,63ae777cbfd3d90017e8f177,0.0,0.0,0.0,0.0,3.5,3.0,3.9,4.1,0.2725713363689175
2026-01-03 15:54:06,631828cac9eae60017a19f50,0.0,0.0,0.0,0.0,3.5,3.0,3.9,4.1,0.2725713363689175
2026-01-03 15:54:06,63b3c2fbbfd3d90017e9abbf,0.0,0.0,0.0,0.0,3.5,3.0,3.9,4.1,0.2725713363689175
2026-01-03 15:54:06,58d7c2e6c1e33c00112b321e,0.0,0.0,0.0,0.0,3.5,3.0,3.9,4.1,0.2725713363689175
2026-01-03 15:54:06,63b54ad1bfd3d90017ea7974,0.0,0.0,0.0,0.0,3.5,3.0,3.9,4.1,0.2725713363689175
2026-01-03 15:54:06,662b5b481afb9c00172d92a8,0.0,0.0,0.0,0.0,3.5,3.0,3.9,4.1,0.2725713363689175
2026-01-03 15:54:06,681885376dfb4b0018f8f0f2,0.0,0.0,0.0,0.0,3.5,3.0,3.9,4.1,0.2725713363689175
2026-01-03 15:54:06,56de42f611f398ec0c48129e,0.0,0.0,0.0,0.0,3.5,3.0,3.9,4.1,0.2725713363689175
2026-01-03 15:54:06,5d9dddb9766c880017188c96,0.0,0.0,0.0,0.0,3.5,3.0,3.9,4.1,0.2725713363689175
2026-01-03 15:54:06,5d8cd372766c880017188940,0.0,0.0,0.0,0.0,3.5,3.0,3.9,4.1,0.3
2026-01-03 15:54:06,5a60839c8576340017d0667c,0.0,0.0,0.0,0.0,3.5,3.0,3.9,4.1,0.2725713363689175
2026-01-03 15:54:06,68188c236dfb4b0018f8ff8f,0.0,0.0,0.0,0.0,3.5,3.0,3.9,4.1,0.2725713363689175
2026-01-03 15:54:06,63b65f64bfd3d90017eaa41f,0.0,0.0,0.0,0.0,3.5,3.0,3.9,4.1,0.2725713363689175
2026-01-03 15:54:06,58746371b807da0011e33cd1,0.0,0.0,0.0,0.0,3.5,3.0,3.9,4.1,0.293115
2026-01-03 15:54:06,63bd1e95bfd3d90017ec3cd5,0.0,0.0,0.0,0.0,3.5,3.0,3.9,4.1,0.2725713363689175
2026-01-03 15:54:06,63ae7cd3bfd3d90017e8f408,0.0,0.0,0.0,0.0,3.5,3.0,3.9,4.1,0.2725713363689175
2026-01-03 15:54:06,5d8cd70e766c88001718894e,0.0,0.0,0.0,0.0,3.5,3.0,3.9,4.1,0.2725713363689175
2026-01-03 15:54:06,58b555ac17139d0010f35d59,0.0,0.0,0.0,0.0,3.5,3.0,3.9,4.1,0.2725713363689175
2026-01-03 15:54:06,595ddc123dcfc400106f28ba,0.0,0.0,0.0,0.0,3.5,3.0,3.9,4.1,0.2725713363689175
2026-01-03 15:54:06,63b55020bfd3d90017ea7cb7,0.0,0.0,0.0,0.0,3.5,3.0,3.9,4.1,0.2725713363689175
2026-01-03 15:54:06,68ede746230ee50017d04dcc,0.0,0.0,0.0,0.0,3.5,3.0,3.9,4.1,0.2725713363689175
2026-01-03 15:54:06,5b19d2f9af4ff60011d6ea4f,0.0,0.0,0.0,0.0,3.5,3.0,3.9,4.1,0.3
2026-01-03 15:54:06,662b4d781afb9c00172d8571,0.0,0.0,0.0,0.0,3.5,3.0,3.9,4.1,0.2725713363689175
2026-01-03 15:54:06,5a606a958576340017d06621,0.0,0.0,0.0,0.0,3.5,3.0,3.9,4.1,0.2725713363689175
2026-01-03 15:54:06,662a8c381afb9c00172d28b6,0.0,0.0,0.0,0.0,3.5,3.0,3.9,4.1,0.2725713363689175
2026-01-03 15:54:06,63b6617ebfd3d90017eaa50b,0.0,0.0,0.0,0.0,3.5,3.0,3.9,4.1,0.2725713363689175
2026-01-03 15:54:06,595f91653dcfc400106f28f6,0.0,0.0,0.0,0.0,3.5,3.0,3.9,4.1,0.3
2026-01-03 15:54:06,56de42f611f398ec0c481292,0.0,0.0,0.0,0.0,3.5,3.0,3.9,4.1,0.2725713363689175
2026-01-03 15:54:06,681888066dfb4b0018f8f4c2,0.0,0.0,0.0,0.0,3.5,3.0,3.9,4.1,0.2725713363689175
2026-01-03 15:54:06,5deb576d1dc17d7c5515acff,0.0,0.0,0.0,0.0,3.5,3.0,3.9,4.1,0.2725713363689175
2026-01-03 15:54:06,662b58791afb9c00172d9107,0.0,0.0,0.0,0.0,3.5,3.0,3.9,4.1,0.2725713363689175
2026-01-03 15:54:06,662b811d1afb9c00172dcc1d,0.0,0.0,0.0,0.0,3.5,3.0,3.9,4.1,0.2725713363689175
2026-01-03 15:54:06,662a8eb41afb9c00172d2aba,0.0,0.0,0.0,0.0,3.5,3.0,3.9,4.1,0.2725713363689175
2026-01-03 15:54:06,63b548ecbfd3d90017ea77d2,0.0,0.0,0.0,0.0,3.5,3.0,3.9,4.1,0.2725713363689175
2026-01-03 15:54:06,5deb576d1dc17d7c5515acfb,0.0,0.0,0.0,0.0,3.5,3.0,3.9,4.1,0.2725713363689175
2026-01-03 15:54:06,56de42f611f398ec0c48127d,0.0,0.0,0.0,0.0,3.5,3.0,3.9,4.1,0.2725713363689175
2026-01-03 15:54:06,56de42f611f398ec0c48128d,0.0,0.0,0.0,0.0,3.5,3.0,3.9,4.1,0.2725713363689175
2026-01-03 15:54:06,6792f03d8c5ed4001b27f378,0.0,0.0,0.0,0.0,3.5,3.0,3.9,4.1,0.2725713363689175
2026-01-03 15:54:06,68ede490230ee50017d04ae5,0.0,0.0,0.0,0.0,3.5,3.0,3.9,4.1,0.2725713363689175
2026-01-03 15:54:06,6623e7076f998a001b2523ea,0.0,0.0,0.0,0.0,3.5,3.0,3.9,4.1,0.2725713363689175
2026-01-03 15:54:06,59ca2cac02eb490011a0a3e9,0.0,0.0,0.0,0.0,3.5,3.0,3.9,4.1,0.2725713363689175
2026-01-03 15:54:06,586e25e1f9fab7001111b0ae,0.0,0.0,0.0,0.0,3.5,3.0,3.9,4.1,0.2725713363689175
2026-01-03 15:54:06,681889ec6dfb4b0018f8f6cb,0.0,0.0,0.0,0.0,3.5,3.0,3.9,4.1,0.2725713363689175
2026-01-03 15:54:06,5d9dde8e766c880017188c9a,0.0,0.0,0.0,0.0,3.5,3.0,3.9,4.1,0.3
2026-01-03 15:54:06,5d9ddf0f766c880017188c9e,0.0,0.0,0.0,0.0,3.5,3.0,3.9,4.1,0.2725713363689175
2026-01-03 15:54:06,681883866dfb4b0018f8eef6,0.0,0.0,0.0,0.0,3.5,3.0,3.9,4.1,0.2725713363689175
2026-01-03 15:54:06,63ae76ddbfd3d90017e8f11b,0.0,0.0,0.0,0.0,3.5,3.0,3.9,4.1,0.2725713363689175
2026-01-03 15:54:06,5deb576d1dc17d7c5515ad14,0.0,0.0,0.0,0.0,3.5,3.0,3.9,4.1,0.2725713363689175
2026-01-03 15:54:06,63b66035bfd3d90017eaa48e,0.0,0.0,0.0,0.0,3.5,3.0,3.9,4.1,0.2725713363689175
2026-01-03 15:54:06,585b284ac3f96200127dc500,0.0,0.0,0.0,0.0,3.5,3.0,3.9,4.1,0.2725713363689175
2026-01-03 15:54:06,56de42f611f398ec0c481295,0.0,0.0,0.0,0.0,3.5,3.0,3.9,4.1,0.2725713363689175
2026-01-03 15:54:06,5deb576d1dc17d7c5515ad04,0.0,0.0,0.0,0.0,3.5,3.0,3.9,4.1,0.2725713363689175
2026-01-03 15:54:06,5a8278f35058170011f6eaed,0.0,0.0,0.0,0.0,3.5,3.0,3.9,4.1,0.2725713363689175
2026-01-03 15:54:06,662b830e1afb9c00172dcf50,0.0,0.0,0.0,0.0,3.5,3.0,3.9,4.1,0.2725713363689175
2026-01-03 15:54:06,5a6084208576340017d0667e,0.0,0.0,0.0,0.0,3.5,3.0,3.9,4.1,0.3
2026-01-03 15:54:06,5a825ab55058170011f6ead2,0.0,0.0,0.0,0.0,3.5,3.0,3.9,4.1,0.293115
2026-01-03 15:54:06,586e20a0f9fab7001111b0a7,0.0,0.0,0.0,0.0,3.5,3.0,3.9,4.1,0.3
2026-01-03 15:54:06,6623edd26f998a001b2526f7,0.0,0.0,0.0,0.0,3.5,3.0,3.9,4.1,0.2725713363689175
2026-01-03 15:54:06,5a8255a55058170011f6eac7,0.0,0.0,0.0,0.0,3.5,3.0,3.9,4.1,0.2725713363689175
2026-01-03 15:54:06,56de42f611f398ec0c481294,0.0,0.0,0.0,0.0,3.5,3.0,3.9,4.1,0.3
2026-01-03 15:54:06,587ed91db807da0011e33d4e,0.0,0.0,0.0,0.0,3.5,3.0,3.9,4.1,0.2725713363689175
2026-01-03 15:54:06,63b54dcbbfd3d90017ea7ba8,0.0,0.0,0.0,0.0,3.5,3.0,3.9,4.1,0.2725713363689175
2026-01-03 15:54:06,56de42f611f398ec0c48128a,0.0,0.0,0.0,0.0,3.5,3.0,3.9,4.1,0.2725713363689175
2026-01-03 15:54:06,6623ed9b6f998a001b2526cd,0.0,0.0,0.0,0.0,3.5,3.0,3.9,4.1,0.2725713363689175
2026-01-03 15:54:06,58b5752e17139d0010f35d5f,0.0,0.0,0.0,0.0,3.5,3.0,3.9,4.1,0.2725713363689175
2026-01-03 15:54:06,58175c81edeb6c0012a2d5c2,0.0,0.0,0.0,0.0,3.5,3.0,3.9,4.1,0.2725713363689175
2026-01-03 15:54:06,631812e6c9eae60017a19567,0.0,0.0,0.0,0.0,3.5,3.0,3.9,4.1,0.2725713363689175
2026-01-03 15:54:06,6623e7b76f998a001b25242d,0.0,0.0,0.0,0.0,3.5,3.0,3.9,4.1,0.2725713363689175
2026-01-03 15:54:06,5ad068b198d8fc001102e278,0.0,0.0,0.0,0.0,3.5,3.0,3.9,4.1,0.3
2026-01-03 15:54:06,63ae75a3bfd3d90017e8f051,0.0,0.0,0.0,0.0,3.5,3.0,3.9,4.1,0.2725713363689175
2026-01-03 15:54:06,662b7d8a1afb9c00172dc71f,0.0,0.0,0.0,0.0,3.5,3.0,3.9,4.1,0.2725713363689175
2026-01-03 15:54:06,5abbb77298d8fc001102dfce,0.0,0.0,0.0,0.0,3.5,3.0,3.9,4.1,0.2725713363689175
2026-01-03 15:54:06,63bd1f48bfd3d90017ec3d19,0.0,0.0,0.0,0.0,3.5,3.0,3.9,4.1,0.2725713363689175
2026-01-03 15:54:06,58aff2c6bd82540010390c55,0.0,0.0,0.0,0.0,3.5,3.0,3.9,4.1,0.2725713363689175
2026-01-03 15:54:06,5b25a1dcf13cba001124e710,0.0,0.0,0.0,0.0,3.5,3.0,3.9,4.1,0.3
2026-01-03 15:54:06,5deb576d1dc17d7c5515ad18,0.0,0.0,0.0,0.0,3.5,3.0,3.9,4.1,0.2725713363689175
2026-01-03 15:54:06,66b1c1bf779f740018673ef2,0.0,0.0,0.0,0.0,3.5,3.0,3.9,4.1,0.2725713363689175
2026-01-03 15:54:06,56de42f611f398ec0c4812a0,0.0,0.0,0.0,0.0,3.5,3.0,3.9,4.1,0.2725713363689175
2026-01-03 15:54:06,6623efc26f998a001b25277f,0.0,0.0,0.0,0.0,3.5,3.0,3.9,4.1,0.2725713363689175
2026-01-03 15:54:06,662b50841afb9c00172d880d,0.0,0.0,0.0,0.0,3.5,3.0,3.9,4.1,0.2725713363689175
2026-01-03 15:54:06,58abc0cbbd82540010390ba6,0.0,0.0,0.0,0.0,3.5,3.0,3.9,4.1,0.2725713363689175
2026-01-03 15:54:06,58afea5dbd82540010390c4d,0.0,0.0,0.0,0.0,3.5,3.0,3.9,4.1,0.2725713363689175
2026-01-03 15:54:06,5deb576d1dc17d7c5515ad07,0.0,0.0,0.0,0.0,3.5,3.0,3.9,4.1,0.2725713363689175
2026-01-03 15:54:06,5d8cdc1d766c88001718896c,0.0,0.0,0.0,0.0,3.5,3.0,3.9,4.1,0.2725713363689175
2026-01-03 15:54:06,5a606c758576340017d06626,0.0,0.0,0.0,0.0,3.5,3.0,3.9,4.1,0.2725713363689175
2026-01-03 15:54:06,68fae2966b936b00172186a6,0.0,0.0,0.0,0.0,3.5,3.0,3.9,4.1,0.2725713363689175
2026-01-03 15:54:06,63b66008bfd3d90017eaa476,0.0,0.0,0.0,0.0,3.5,3.0,3.9,4.1,0.3
2026-01-03 15:54:06,5a82628e5058170011f6eadb,0.0,0.0,0.0,0.0,3.5,3.0,3.9,4.1,0.2725713363689175
2026-01-03 15:54:06,589b46b3b3bf7600110283d0,0.0,0.0,0.0,0.0,3.5,3.0,3.9,4.1,0.3
2026-01-03 15:54:06,5d8cd653766c88001718894c,0.0,0.0,0.0,0.0,3.5,3.0,3.9,4.1,0.2725713363689175
2026-01-03 15:54:06,662b4de41afb9c00172d85c5,0.0,0.0,0.0,0.0,3.5,3.0,3.9,4.1,0.2725713363689175
2026-01-03 15:54:06,58af8eb2bd82540010390c30,0.0,0.0,0.0,0.0,3.5,3.0,3.9,4.1,0.2725713363689175
2026-01-03 15:54:06,6623ee176f998a001b25270c,0.0,0.0,0.0,0.0,3.5,3.0,3.9,4.1,0.2725713363689175
2026-01-03 15:54:06,5b0b7d240e517b00119fd809,0.0,0.0,0.0,0.0,3.5,3.0,3.9,4.1,0.3
2026-01-03 15:54:06,595f8d233dcfc400106f28f0,0.0,0.0,0.0,0.0,3.5,3.0,3.9,4.1,0.2725713363689175
2026-01-03 15:54:06,5deb576d1dc17d7c5515ad1d,0.0,0.0,0.0,0.0,3.5,3.0,3.9,4.1,0.3
2026-01-03 15:54:06,68ae7e997d735d00173c7445,0.0,0.0,0.0,0.0,3.5,3.0,3.9,4.1,0.2725713363689175
2026-01-03 15:54:06,5b0b835b0e517b00119fd80d,0.0,0.0,0.0,0.0,3.5,3.0,3.9,4.1,0.2725713363689175
2026-01-03 15:54:06,5b6c155aca0577001163fe36,0.0,0.0,0.0,0.0,3.5,3.0,3.9,4.1,0.3
2026-01-03 15:54:06,5d8cd2a3766c88001718893c,0.0,0.0,0.0,0.0,3.5,3.0,3.9,4.1,0.2725713363689175
2026-01-03 15:54:06,662b4e8e1afb9c00172d865c,0.0,0.0,0.0,0.0,3.5,3.0,3.9,4.1,0.2725713363689175
2026-01-03 15:54:06,66b1c190779f740018673ed4,0.0,0.0,0.0,0.0,3.5,3.0,3.9,4.1,0.2725713363689175
2026-01-03 15:54:06,662b7f9f1afb9c00172dca50,0.0,0.0,0.0,0.0,3.5,3.0,3.9,4.1,0.2725713363689175
2026-01-03 15:54:06,68a589294e89b100173b61d9,0.0,0.0,0.0,0.0,3.5,3.0,3.9,4.1,0.2725713363689175
2026-01-03 15:54:06,58747923b807da0011e33cf5,0.0,0.0,0.0,0.0,3.5,3.0,3.9,4.1,0.2725713363689175
2026-01-03 15:54:06,63ae7af4bfd3d90017e8f32c,0.0,0.0,0.0,0.0,3.5,3.0,3.9,4.1,0.2725713363689175
2026-01-03 15:54:06,5875d4f8b807da0011e33d1a,0.0,0.0,0.0,0.0,3.5,3.0,3.9,4.1,0.2725713363689175
2026-01-03 15:54:06,595d92013dcfc400106f2877,0.0,0.0,0.0,0.0,3.5,3.0,3.9,4.1,0.2725713363689175
2026-01-03 15:54:06,681886f26dfb4b0018f8f31a,0.0,0.0,0.0,0.0,3.5,3.0,3.9,4.1,0.2725713363689175
2026-01-03 15:54:06,662b80721afb9c00172dcb28,0.0,0.0,0.0,0.0,3.5,3.0,3.9,4.1,0.2725713363689175
2026-01-03 15:54:06,59ca2f4402eb490011a0a3f9,0.0,0.0,0.0,0.0,3.5,3.0,3.9,4.1,0.2725713363689175
2026-01-03 15:54:06,586e1f18f9fab7001111b0a5,0.0,0.0,0.0,0.0,3.5,3.0,3.9,4.1,0.2725713363689175
2026-01-03 15:54:06,681891e26dfb4b0018f90a69,0.0,0.0,0.0,0.0,3.5,3.0,3.9,4.1,0.2725713363689175
2026-01-03 15:54:06,5d9de3c2766c880017188cb3,0.0,0.0,0.0,0.0,3.5,3.0,3.9,4.1,0.2725713363689175
2026-01-03 15:54:06,63ae7cfcbfd3d90017e8f422,0.0,0.0,0.0,0.0,3.5,3.0,3.9,4.1,0.3
2026-01-03 15:54:06,5b0e1faacddcc80011ceb449,0.0,0.0,0.0,0.0,3.5,3.0,3.9,4.1,0.2725713363689175
2026-01-03 15:54:06,63b65fa9bfd3d90017eaa449,0.0,0.0,0.0,0.0,3.5,3.0,3.9,4.1,0.3
2026-01-03 15:54:06,6623e5066f998a001b252317,0.0,0.0,0.0,0.0,3.5,3.0,3.9,4.1,0.2725713363689175
2026-01-03 15:54:06,662b5c141afb9c00172d93d7,0.0,0.0,0.0,0.0,3.5,3.0,3.9,4.1,0.2725713363689175
2026-01-03 15:54:06,66b1c158779f740018673eb4,0.0,0.0,0.0,0.0,3.5,3.0,3.9,4.1,0.2725713363689175
2026-01-03 15:54:06,56df8381c062921100c143e2,0.0,0.0,0.0,0.0,3.5,3.0,3.9,4.1,0.2725713363689175
2026-01-03 15:54:06,5d8cd1f9766c880017188938,0.0,0.0,0.0,0.0,3.5,3.0,3.9,4.1,0.3
2026-01-03 15:54:06,595da2dd3dcfc400106f2885,0.0,0.0,0.0,0.0,3.5,3.0,3.9,4.1,0.2725713363689175
2026-01-03 15:54:06,595f80e83dcfc400106f28e4,0.0,0.0,0.0,0.0,3.5,3.0,3.9,4.1,0.2725713363689175
2026-01-03 15:54:06,631955e7c9eae60017a1c30a,0.0,0.0,0.0,0.0,3.5,3.0,3.9,4.1,0.2725713363689175
2026-01-03 15:54:06,5a6060e08576340017d0660f,0.0,0.0,0.0,0.0,3.5,3.0,3.9,4.1,0.2725713363689175
2026-01-03 15:54:06,5a607ea98576340017d0666d,0.0,0.0,0.0,0.0,3.5,3.0,3.9,4.1,0.3
2026-01-03 15:54:06,63b548c3bfd3d90017ea77c0,0.0,0.0,0.0,0.0,3.5,3.0,3.9,4.1,0.2725713363689175
2026-01-03 15:54:06,662a8c931afb9c00172d2901,0.0,0.0,0.0,0.0,3.5,3.0,3.9,4.1,0.2725713363689175
2026-01-03 15:54:06,63195556c9eae60017a1c2ba,0.0,0.0,0.0,0.0,3.5,3.0,3.9,4.1,0.2725713363689175
2026-01-03 15:54:06,58df4adedc195800111e04b4,0.0,0.0,0.0,0.0,3.5,3.0,3.9,4.1,0.2725713363689175
2026-01-03 15:54:06,59ca301902eb490011a0a400,0.0,0.0,0.0,0.0,3.5,3.0,3.9,4.1,0.2725713363689175
2026-01-03 15:54:06,584e738361cfea0012cf6951,0.0,0.0,0.0,0.0,3.5,3.0,3.9,4.1,0.2725713363689175
2026-01-03 15:54:06,583f958161cfea0012cf68f5,0.0,0.0,0.0,0.0,3.5,3.0,3.9,4.1,0.2725713363689175
2026-01-03 15:54:06,6922921744912200174bc71d,0.0,0.0,0.0,0.0,3.5,3.0,3.9,4.1,0.2725713363689175
2026-01-03 15:54:06,5a8253615058170011f6eabf,0.0,0.0,0.0,0.0,3.5,3.0,3.9,4.1,0.2725713363689175
2026-01-03 15:54:06,5deb576d1dc17d7c5515ad0f,0.0,0.0,0.0,0.0,3.5,3.0,3.9,4.1,0.2725713363689175
2026-01-03 15:54:06,68fae2b66b936b00172186e5,0.0,0.0,0.0,0.0,3.5,3.0,3.9,4.1,0.2725713363689175
2026-01-03 15:54:06,662b51761afb9c00172d88ef,0.0,0.0,0.0,0.0,3.5,3.0,3.9,4.1,0.2725713363689175
2026-01-03 15:54:06,68a5873d4e89b100173b5f60,0.0,0.0,0.0,0.0,3.5,3.0,3.9,4.1,0.2725713363689175
2026-01-03 15:54:06,66b1c370779f7400186740b3,0.0,0.0,0.0,0.0,3.5,3.0,3.9,4.1,0.2725713363689175
2026-01-03 15:54:06,6623ec376f998a001b252671,0.0,0.0,0.0,0.0,3.5,3.0,3.9,4.1,0.2725713363689175
2026-01-03 15:54:06,59ca2e6002eb490011a0a3f3,0.0,0.0,0.0,0.0,3.5,3.0,3.9,4.1,0.3
2026-01-03 15:54:06,5b6c1618ca0577001163fe3c,0.0,0.0,0.0,0.0,3.5,3.0,3.9,4.1,0.3
2026-01-03 15:54:06,5deb576d1dc17d7c5515ad22,0.0,0.0,0.0,0.0,3.5,3.0,3.9,4.1,0.2725713363689175
2026-01-03 15:54:06,63b664d2bfd3d90017eaaa0f,0.0,0.0,0.0,0.0,3.5,3.0,3.9,4.1,0.2725713363689175
2026-01-03 15:54:06,56df85bdc062921100c143e8,0.0,0.0,0.0,0.0,3.5,3.0,3.9,4.1,0.3
2026-01-03 15:54:06,662b85031afb9c00172dd0dc,0.0,0.0,0.0,0.0,3.5,3.0,3.9,4.1,0.2725713363689175
2026-01-03 15:54:06,58d7b5a7c1e33c00112b320a,0.0,0.0,0.0,0.0,3.5,3.0,3.9,4.1,0.2725713363689175
2026-01-03 15:54:06,662a8f3a1afb9c00172d2b31,0.0,0.0,0.0,0.0,3.5,3.0,3.9,4.1,0.2725713363689175
2026-01-03 15:54:06,58aff01fbd82540010390c50,0.0,0.0,0.0,0.0,3.5,3.0,3.9,4.1,0.2725713363689175
2026-01-03 15:54:06,5d8cdb9f766c880017188968,0.0,0.0,0.0,0.0,3.5,3.0,3.9,4.1,0.2725713363689175
2026-01-03 15:54:06,5a6085fb8576340017d06686,0.0,0.0,0.0,0.0,3.5,3.0,3.9,4.1,0.2725713363689175
2026-01-03 15:54:06,59ca31d602eb490011a0a40b,0.0,0.0,0.0,0.0,3.5,3.0,3.9,4.1,0.2725713363689175
2026-01-03 15:54:06,587c782db807da0011e33d3b,0.0,0.0,0.0,0.0,3.5,3.0,3.9,4.1,0.2725713363689175
2026-01-03 15:54:06,662a8d821afb9c00172d29c8,0.0,0.0,0.0,0.0,3.5,3.0,3.9,4.1,0.2725713363689175
2026-01-03 15:54:06,63ae7d29bfd3d90017e8f437,0.0,0.0,0.0,0.0,3.5,3.0,3.9,4.1,0.2725713363689175
2026-01-03 15:54:06,68ae7ee47d735d00173c7492,0.0,0.0,0.0,0.0,3.5,3.0,3.9,4.1,0.2725713363689175
2026-01-03 15:54:06,56de42f611f398ec0c48129f,0.0,0.0,0.0,0.0,3.5,3.0,3.9,4.1,0.27940071830835006
2026-01-03 15:54:06,68188b296dfb4b0018f8f9a3,0.0,0.0,0.0,0.0,3.5,3.0,3.9,4.1,0.2725713363689175
2026-01-03 15:54:06,662b80b91afb9c00172dcb5b,0.0,0.0,0.0,0.0,3.5,3.0,3.9,4.1,0.2725713363689175
2026-01-03 15:54:06,692292c044912200174bc76d,0.0,0.0,0.0,0.0,3.5,3.0,3.9,4.1,0.2725713363689175
2026-01-03 15:54:06,68188d586dfb4b0018f9018d,0.0,0.0,0.0,0.0,3.5,3.0,3.9,4.1,0.2725713363689175
2026-01-03 15:54:06,662b50261afb9c00172d87b2,0.0,0.0,0.0,0.0,3.5,3.0,3.9,4.1,0.2725713363689175
2026-01-03 15:54:06,59ca2d9d02eb490011a0a3f0,0.0,0.0,0.0,0.0,3.5,3.0,3.9,4.1,0.2725713363689175
2026-01-03 15:54:06,68a588984e89b100173b6138,0.0,0.0,0.0,0.0,3.5,3.0,3.9,4.1,0.2725713363689175
2026-01-03 15:54:06,5a8256df5058170011f6eacb,0.0,0.0,0.0,0.0,3.5,3.0,3.9,4.1,0.2725713363689175
2026-01-03 15:54:06,5deb576d1dc17d7c5515acfc,0.0,0.0,0.0,0.0,3.5,3.0,3.9,4.1,0.2725713363689175
2026-01-03 15:54:06,587c8c20b807da0011e33d47,0.0,0.0,0.0,0.0,3.5,3.0,3.9,4.1,0.2725713363689175
2026-01-03 15:54:06,58744fb0b807da0011e33cc0,0.0,0.0,0.0,0.0,3.5,3.0,3.9,4.1,0.2725713363689175
2026-01-03 15:54:06,5822f23aedeb6c0012a2d6a8,0.0,0.0,0.0,0.0,3.5,3.0,3.9,4.1,0.3
2026-01-03 15:54:06,649da495a6068200171a6cb6,0.0,0.0,0.0,0.0,3.5,3.0,3.9,4.1,0.2725713363689175
2026-01-03 16:53:43,59d3524f02eb490011a0a61b,0.0,0.0,0.0,0.0,3.9,3.5,4.1,3.9,0.3
2026-01-03 16:53:43,5a6065c58576340017d06615,0.0,0.0,0.0,0.0,3.9,3.5,4.1,3.9,0.2657603937607214
2026-01-03 16:53:43,6623f4df6f998a001b2528eb,0.0,0.0,0.0,0.0,3.9,3.5,4.1,3.9,0.2657603937607214
2026-01-03 16:53:43,662b7ce71afb9c00172dc676,0.0,0.0,0.0,0.0,3.9,3.5,4.1,3.9,0.2657603937607214
2026-01-03 16:53:43,583f969161cfea0012cf68f7,0.0,0.0,0.0,0.0,3.9,3.5,4.1,3.9,0.2657603937607214
2026-01-03 16:53:43,59ca317602eb490011a0a408,0.0,0.0,0.0,0.0,3.9,3.5,4.1,3.9,0.2657603937607214
2026-01-03 16:53:43,6623e8da6f998a001b2524a6,0.0,0.0,0.0,0.0,3.9,3.5,4.1,3.9,0.2657603937607214
2026-01-03 16:53:43,56de42f611f398ec0c481299,0.0,0.0,0.0,0.0,3.9,3.5,4.1,3.9,0.2657603937607214
2026-01-03 16:53:43,66b1c426779f74001867415e,0.0,0.0,0.0,0.0,3.9,3.5,4.1,3.9,0.2657603937607214
2026-01-03 16:53:43,595dc29c3dcfc400106f2894,0.0,0.0,0.0,0.0,3.9,3.5,4.1,3.9,0.2657603937607214
2026-01-03 16:53:43,5d9de4de766c880017188cbb,0.0,0.0,0.0,0.0,3.9,3.5,4.1,3.9,0.2657603937607214
2026-01-03 16:53:43,6623f44f6f998a001b2528aa,0.0,0.0,0.0,0.0,3.9,3.5,4.1,3.9,0.2657603937607214
2026-01-03 16:53:43,662a881a1afb9c00172d2559,0.0,0.0,0.0,0.0,3.9,3.5,4.1,3.9,0.2657603937607214
2026-01-03 16:53:43,5a605f828576340017d06608,0.0,0.0,0.0,0.0,3.9,3.5,4.1,3.9,0.3
2026-01-03 16:53:43,68188fe36dfb4b0018f90520,0.0,0.0,0.0,0.0,3.9,3.5,4.1,3.9,0.3
2026-01-03 16:53:43,5deb576d1dc17d7c5515ad15,0.0,0.0,0.0,0.0,3.9,3.5,4.1,3.9,0.2657603937607214
2026-01-03 16:53:43,5b8b2323ca057700116405d0,0.0,0.0,0.0,0.0,3.9,3.5,4.1,3.9,0.2657603937607214
2026-01-03 16:53:43,68188a226dfb4b0018f8f70a,0.0,0.0,0.0,0.0,3.9,3.5,4.1,3.9,0.2657603937607214
2026-01-03 16:53:43,681889a96dfb4b0018f8f67e,0.0,0.0,0.0,0.0,3.9,3.5,4.1,3.9,0.2657603937607214
2026-01-03 16:53:43,63ae7a50bfd3d90017e8f2b2,0.0,0.0,0.0,0.0,3.9,3.5,4.1,3.9,0.2657603937607214
2026-01-03 16:53:43,587ee0ecb807da0011e33d50,0.0,0.0,0.0,0.0,3.9,3.5,4.1,3.9,0.2791151831885567
2026-01-03 16:53:43,56de42f611f398ec0c48128f,0.0,0.0,0.0,0.0,3.9,3.5,4.1,3.9,0.2657603937607214
2026-01-03 16:53:43,56de42f611f398ec0c4812a2,0.0,0.0,0.0,0.0,3.9,3.5,4.1,3.9,0.2657603937607214
2026-01-03 16:53:43,6922934b44912200174bc7ec,0.0,0.0,0.0,0.0,3.9,3.5,4.1,3.9,0.2657603937607214
2026-01-03 16:53:43,63bd1f21bfd3d90017ec3d04,0.0,0.0,0.0,0.0,3.9,3.5,4.1,3.9,0.2657603937607214
2026-01-03 16:53:43,58df4d95dc195800111e04b9,0.0,0.0,0.0,0.0,3.9,3.5,4.1,3.9,0.2657603937607214
2026-01-03 16:53:43,586e28a0f9fab7001111b0b3,0.0,0.0,0.0,0.0,3.9,3.5,4.1,3.9,0.2657603937607214
2026-01-03 16:53:43,595dd8463dcfc400106f28b2,0.0,0.0,0.0,0.0,3.9,3.5,4.1,3.9,0.2657603937607214
2026-01-03 16:53:43,662b81721afb9c00172dcc44,0.0,0.0,0.0,0.0,3.9,3.5,4.1,3.9,0.2657603937607214
2026-01-03 16:53:43,67e217c43215f90017863bc8,0.0,0.0,0.0,0.0,3.9,3.5,4.1,3.9,0.2657603937607214
2026-01-03 16:53:43,66b1c3c2779f740018674125,0.0,0.0,0.0,0.0,3.9,3.5,4.1,3.9,0.2657603937607214
2026-01-03 16:53:43,5a8269c45058170011f6eae4,0.0,0.0,0.0,0.0,3.9,3.5,4.1,3.9,0.2657603937607214
2026-01-03 16:53:43,56de42f611f398ec0c481297,0.0,0.0,0.0,0.0,3.9,3.5,4.1,3.9,0.2657603937607214
2026-01-03 16:53:43,5822adbbedeb6c0012a2d65f,0.0,0.0,0.0,0.0,3.9,3.5,4.1,3.9,0.2657603937607214
2026-01-03 16:53:43,5deb576d1dc17d7c5515ad00,0.0,0.0,0.0,0.0,3.9,3.5,4.1,3.9,0.3
2026-01-03 16:53:43,5a823e425058170011f6eaa4,0.0,0.0,0.0,0.0,3.9,3.5,4.1,3.9,0.2657603937607214
2026-01-03 16:53:43,649da72ca6068200171a6dbb,0.0,0.0,0.0,0.0,3.9,3.5,4.1,3.9,0.2657603937607214
2026-01-03 16:53:43,5a6088218576340017d06693,0.0,0.0,0.0,0.0,3.9,3.5,4.1,3.9,0.2657603937607214
2026-01-03 16:53:43,63b65fd8bfd3d90017eaa461,0.0,0.0,0.0,0.0,3.9,3.5,4.1,3.9,0.2657603937607214
2026-01-03 16:53:43,5deb576d1dc17d7c5515ad08,0.0,0.0,0.0,0.0,3.9,3.5,4.1,3.9,0.2657603937607214
2026-01-03 16:53:43,595dc70d3dcfc400106f289a,0.0,0.0,0.0,0.0,3.9,3.5,4.1,3.9,0.3
2026-01-03 16:53:43,63b65ebebfd3d90017eaa3ae,0.0,0.0,0.0,0.0,3.9,3.5,4.1,3.9,0.2657603937607214
2026-01-03 16:53:43,5874769eb807da0011e33cec,0.0,0.0,0.0,0.0,3.9,3.5,4.1,3.9,0.2657603937607214
2026-01-03 16:53:43,63b660f8bfd3d90017eaa4ea,0.0,0.0,0.0,0.0,3.9,3.5,4.1,3.9,0.2657603937607214
2026-01-03 16:53:43,58af994abd82540010390c37,0.0,0.0,0.0,0.0,3.9,3.5,4.1,3.9,0.2657603937607214
2026-01-03 16:53:43,56df8108c062921100c143db,0.0,0.0,0.0,0.0,3.9,3.5,4.1,3.9,0.2657603937607214
2026-01-03 16:53:43,63ae7903bfd3d90017e8f211,0.0,0.0,0.0,0.0,3.9,3.5,4.1,3.9,0.2657603937607214
2026-01-03 16:53:43,63ae7727bfd3d90017e8f14a,0.0,0.0,0.0,0.0,3.9,3.5,4.1,3.9,0.2657603937607214
2026-01-03 16:53:43,6623f36e6f998a001b252878,0.0,0.0,0.0,0.0,3.9,3.5,4.1,3.9,0.2657603937607214
2026-01-03 16:53:43,5d9ddec9766c880017188c9c,0.0,0.0,0.0,0.0,3.9,3.5,4.1,3.9,0.2657603937607214
2026-01-03 16:53:43,5deb576d1dc17d7c5515ad02,0.0,0.0,0.0,0.0,3.9,3.5,4.1,3.9,0.2657603937607214
2026-01-03 16:53:43,681885ff6dfb4b0018f8f1ee,0.0,0.0,0.0,0.0,3.9,3.5,4.1,3.9,0.2657603937607214
2026-01-03 16:53:43,63ae79aabfd3d90017e8f26a,0.0,0.0,0.0,0.0,3.9,3.5,4.1,3.9,0.2657603937607214
2026-01-03 16:53:43,5d8cd7fb766c880017188954,0.0,0.0,0.0,0.0,3.9,3.5,4.1,3.9,0.2657603937607214
2026-01-03 16:53:43,56de42f611f398ec0c481293,0.0,0.0,0.0,0.0,3.9,3.5,4.1,3.9,0.2657603937607214
2026-01-03 16:53:43,63b66089bfd3d90017eaa4bd,0.0,0.0,0.0,0.0,3.9,3.5,4.1,3.9,0.2657603937607214
2026-01-03 16:53:43,63ae798abfd3d90017e8f255,0.0,0.0,0.0,0.0,3.9,3.5,4.1,3.9,0.2657603937607214
2026-01-03 16:53:43,662a89f51afb9c00172d26ef,0.0,0.0,0.0,0.0,3.9,3.5,4.1,3.9,0.2657603937607214
2026-01-03 16:53:43,6318287ec9eae60017a19f36,0.0,0.0,0.0,0.0,3.9,3.5,4.1,3.9,0.2657603937607214
2026-01-03 16:53:43,6792f3058c5ed4001b27f58e,0.0,0.0,0.0,0.0,3.9,3.5,4.1,3.9,0.2657603937607214
2026-01-03 16:53:43,587476e3b807da0011e33cee,0.0,0.0,0.0,0.0,3.9,3.5,4.1,3.9,0.2657603937607214
2026-01-03 16:53:43,597bf277faa7ea0011c7c29f,0.0,0.0,0.0,0.0,3.9,3.5,4.1,3.9,0.2657603937607214
2026-01-03 16:53:43,5d9de49d766c880017188cb9,0.0,0.0,0.0,0.0,3.9,3.5,4.1,3.9,0.2657603937607214
2026-01-03 16:53:43,5d9ddf49766c880017188ca0,0.0,0.0,0.0,0.0,3.9,3.5,4.1,3.9,0.2657603937607214
2026-01-03 16:53:43,63ae763bbfd3d90017e8f0c4,0.0,0.0,0.0,0.0,3.9,3.5,4.1,3.9,0.2657603937607214
2026-01-03 16:53:43,5d8cda6a766c880017188960,0.0,0.0,0.0,0.0,3.9,3.5,4.1,3.9,0.2657603937607214
2026-01-03 16:53:43,662b80e81afb9c00172dcbec,0.0,0.0,0.0,0.0,3.9,3.5,4.1,3.9,0.2657603937607214
2026-01-03 16:53:43,681826506dfb4b0018f83e64,0.0,0.0,0.0,0.0,3.9,3.5,4.1,3.9,0.3
2026-01-03 16:53:43,662a86a11afb9c00172d2410,0.0,0.0,0.0,0.0,3.9,3.5,4.1,3.9,0.2657603937607214
2026-01-03 16:53:43,5a6083198576340017d0667a,0.0,0.0,0.0,0.0,3.9,3.5,4.1,3.9,0.2657603937607214
2026-01-03 16:53:43,56de42f611f398ec0c48128b,0.0,0.0,0.0,0.0,3.9,3.5,4.1,3.9,0.2657603937607214
2026-01-03 16:53:43,58e49ff8d9d6200011e0b9d4,0.0,0.0,0.0,0.0,3.9,3.5,4.1,3.9,0.2657603937607214
2026-01-03 16:53:43,6922924644912200174bc737,0.0,0.0,0.0,0.0,3.9,3.5,4.1,3.9,0.2657603937607214
2026-01-03 16:53:43,681885a26dfb4b0018f8f176,0.0,0.0,0.0,0.0,3.9,3.5,4.1,3.9,0.2657603937607214
2026-01-03 16:53:43,5a8241105058170011f6eaa6,0.0,0.0,0.0,0.0,3.9,3.5,4.1,3.9,0.2657603937607214
2026-01-03 16:53:43,65e054fb6b18080018db6632,0.0,0.0,0.0,0.0,3.9,3.5,4.1,3.9,0.2657603937607214
2026-01-03 16:53:43,5a825ded5058170011f6ead7,0.0,0.0,0.0,0.0,3.9,3.5,4.1,3.9,0.2657603937607214
2026-01-03 16:53:43,5d8cdb0a766c880017188964,0.0,0.0,0.0,0.0,3.9,3.5,4.1,3.9,0.2657603937607214
2026-01-03 16:53:43,68188bb96dfb4b0018f8fdbf,0.0,0.0,0.0,0.0,3.9,3.5,4.1,3.9,0.2657603937607214
2026-01-03 16:53:43,56df833ac062921100c143e1,0.0,0.0,0.0,0.0,3.9,3.5,4.1,3.9,0.3
2026-01-03 16:53:43,6792efe48c5ed4001b27f336,0.0,0.0,0.0,0.0,3.9,3.5,4.1,3.9,0.2657603937607214
2026-01-03 16:53:43,63b5503bbfd3d90017ea7ccc,0.0,0.0,0.0,0.0,3.9,3.5,4.1,3.9,0.2657603937607214
2026-01-03 16:53:43,662a873b1afb9c00172d2483,0.0,0.0,0.0,0.0,3.9,3.5,4.1,3.9,0.2657603937607214
2026-01-03 16:53:43,66b1c3fa779f740018674146,0.0,0.0,0.0,0.0,3.9,3.5,4.1,3.9,0.2657603937607214
2026-01-03 16:53:43,5ad0621c98d8fc001102e268,0.0,0.0,0.0,0.0,3.9,3.5,4.1,3.9,0.2657603937607214
2026-01-03 16:53:43,66b1c34d779f74001867409e,0.0,0.0,0.0,0.0,3.9,3.5,4.1,3.9,0.2657603937607214
2026-01-03 16:53:43,595f89323dcfc400106f28ee,0.0,0.0,0.0,0.0,3.9,3.5,4.1,3.9,0.2657603937607214
2026-01-03 16:53:43,56de42f611f398ec0c48128c,0.0,0.0,0.0,0.0,3.9,3.5,4.1,3.9,0.2657603937607214
2026-01-03 16:53:43,662b558c1afb9c00172d8ed2,0.0,0.0,0.0,0.0,3.9,3.5,4.1,3.9,0.2657603937607214
2026-01-03 16:53:43,6623f4836f998a001b2528bf,0.0,0.0,0.0,0.0,3.9,3.5,4.1,3.9,0.2657603937607214
2026-01-03 16:53:43,662b85bf1afb9c00172dd149,0.0,0.0,0.0,0.0,3.9,3.5,4.1,3.9,0.2657603937607214
2026-01-03 16:53:43,595d98fc3dcfc400106f287b,0.0,0.0,0.0,0.0,3.9,3.5,4.1,3.9,0.3
2026-01-03 16:53:43,6818887f6dfb4b0018f8f54c,0.0,0.0,0.0,0.0,3.9,3.5,4.1,3.9,0.2657603937607214
2026-01-03 16:53:43,63b54bcdbfd3d90017ea7a82,0.0,0.0,0.0,0.0,3.9,3.5,4.1,3.9,0.2657603937607214
2026-01-03 16:53:43,68eddd0a230ee50017d040b2,0.0,0.0,0.0,0.0,3.9,3.5,4.1,3.9,0.2657603937607214
2026-01-03 16:53:43,68a587d54e89b100173b6021,0.0,0.0,0.0,0.0,3.9,3.5,4.1,3.9,0.2657603937607214
2026-01-03 16:53:43,5b5995a3fd4edb0019c7d9ab,0.0,0.0,0.0,0.0,3.9,3.5,4.1,3.9,0.2657603937607214
2026-01-03 16:53:43,692291f044912200174bc703,0.0,0.0,0.0,0.0,3.9,3.5,4.1,3.9,0.2657603937607214
2026-01-03 16:53:43,662b81a31afb9c00172dcc65,0.0,0.0,0.0,0.0,3.9,3.5,4.1,3.9,0.27940071830835006
2026-01-03 16:53:43,5deb576d1dc17d7c5515acf6,0.0,0.0,0.0,0.0,3.9,3.5,4.1,3.9,0.2657603937607214
2026-01-03 16:53:43,58746488b807da0011e33cd7,0.0,0.0,0.0,0.0,3.9,3.5,4.1,3.9,0.2657603937607214
2026-01-03 16:53:43,662b83381afb9c00172dcf88,0.0,0.0,0.0,0.0,3.9,3.5,4.1,3.9,0.2657603937607214
2026-01-03 16:53:43,5822b5ededeb6c0012a2d66a,0.0,0.0,0.0,0.0,3.9,3.5,4.1,3.9,0.2657603937607214
2026-01-03 16:53:43,63b660d8bfd3d90017eaa4d5,0.0,0.0,0.0,0.0,3.9,3.5,4.1,3.9,0.2657603937607214
2026-01-03 16:53:43,63ae7be0bfd3d90017e8f3a8,0.0,0.0,0.0,0.0,3.9,3.5,4.1,3.9,0.2657603937607214
2026-01-03 16:53:43,63b54a04bfd3d90017ea783e,0.0,0.0,0.0,0.0,3.9,3.5,4.1,3.9,0.2725713363689175
2026-01-03 16:53:43,63b54f70bfd3d90017ea7c86,0.0,0.0,0.0,0.0,3.9,3.5,4.1,3.9,0.2657603937607214
2026-01-03 16:53:43,5a8267fe5058170011f6eae1,0.0,0.0,0.0,0.0,3.9,3.5,4.1,3.9,0.27940071830835006
2026-01-03 16:53:43,595d984b3dcfc400106f2879,0.0,0.0,0.0,0.0,3.9,3.5,4.1,3.9,0.2657603937607214
2026-01-03 16:53:43,5b25a268f13cba001124e713,0.0,0.0,0.0,0.0,3.9,3.5,4.1,3.9,0.3
2026-01-03 16:53:43,63ae768dbfd3d90017e8f0f1,0.0,0.0,0.0,0.0,3.9,3.5,4.1,3.9,0.2657603937607214
2026-01-03 16:53:43,6818884f6dfb4b0018f8f50f,0.0,0.0,0.0,0.0,3.9,3.5,4.1,3.9,0.2657603937607214
2026-01-03 16:53:43,662a89ae1afb9c00172d26ad,0.0,0.0,0.0,0.0,3.9,3.5,4.1,3.9,0.2657603937607214
2026-01-03 16:53:43,63b54a70bfd3d90017ea7862,0.0,0.0,0.0,0.0,3.9,3.5,4.1,3.9,0.2657603937607214
2026-01-03 16:53:43,58e49783d9d6200011e0b9ce,0.0,0.0,0.0,0.0,3.9,3.5,4.1,3.9,0.2657603937607214
2026-01-03 16:53:43,5deb576d1dc17d7c5515ad0c,0.0,0.0,0.0,0.0,3.9,3.5,4.1,3.9,0.2657603937607214
2026-01-03 16:53:43,6623ef776f998a001b252768,0.0,0.0,0.0,0.0,3.9,3.5,4.1,3.9,0.2657603937607214
2026-01-03 16:53:43,58d7bbf2c1e33c00112b3216,0.0,0.0,0.0,0.0,3.9,3.5,4.1,3.9,0.2657603937607214
2026-01-03 16:53:43,662b51d21afb9c00172d89bf,0.0,0.0,0.0,0.0,3.9,3.5,4.1,3.9,0.2657603937607214
2026-01-03 16:53:43,58746295b807da0011e33ccb,0.0,0.0,0.0,0.0,3.9,3.5,4.1,3.9,0.2657603937607214
2026-01-03 16:53:43,585b2baec3f96200127dc508,0.0,0.0,0.0,0.0,3.9,3.5,4.1,3.9,0.2657603937607214
2026-01-03 16:53:43,5a606cd08576340017d06628,0.0,0.0,0.0,0.0,3.9,3.5,4.1,3.9,0.2657603937607214
2026-01-03 16:53:43,662b80051afb9c00172dcaf6,0.0,0.0,0.0,0.0,3.9,3.5,4.1,3.9,0.2657603937607214
2026-01-03 16:53:43,5d8cd253766c88001718893a,0.0,0.0,0.0,0.0,3.9,3.5,4.1,3.9,0.3
2026-01-03 16:53:43,662b5bc31afb9c00172d92e2,0.0,0.0,0.0,0.0,3.9,3.5,4.1,3.9,0.2657603937607214
2026-01-03 16:53:43,662b58401afb9c00172d90f5,0.0,0.0,0.0,0.0,3.9,3.5,4.1,3.9,0.2657603937607214
2026-01-03 16:53:43,5874644cb807da0011e33cd5,0.0,0.0,0.0,0.0,3.9,3.5,4.1,3.9,0.2657603937607214
2026-01-03 16:53:43,662b867b1afb9c00172dd250,0.0,0.0,0.0,0.0,3.9,3.5,4.1,3.9,0.2657603937607214
2026-01-03 16:53:43,597bf0b8faa7ea0011c7c293,0.0,0.0,0.0,0.0,3.9,3.5,4.1,3.9,0.2657603937607214
2026-01-03 16:53:43,5a10c79f02eb490011a0b0dd,0.0,0.0,0.0,0.0,3.9,3.5,4.1,3.9,0.2657603937607214
2026-01-03 16:53:43,68188af96dfb4b0018f8f8e4,0.0,0.0,0.0,0.0,3.9,3.5,4.1,3.9,0.2657603937607214
2026-01-03 16:53:43,662b83ff1afb9c00172dcffb,0.0,0.0,0.0,0.0,3.9,3.5,4.1,3.9,0.2657603937607214
2026-01-03 16:53:43,5deb576d1dc17d7c5515ad19,0.0,0.0,0.0,0.0,3.9,3.5,4.1,3.9,0.2657603937607214
2026-01-03 16:53:43,5b6329fdfd4edb0019c7dc0b,0.0,0.0,0.0,0.0,3.9,3.5,4.1,3.9,0.3
2026-01-03 16:53:43,589add0fb3bf7600110283ae,0.0,0.0,0.0,0.0,3.9,3.5,4.1,3.9,0.2657603937607214
2026-01-03 16:53:43,5deb576d1dc17d7c5515ad01,0.0,0.0,0.0,0.0,3.9,3.5,4.1,3.9,0.2657603937607214
2026-01-03 16:53:43,58abbf72bd82540010390ba4,0.0,0.0,0.0,0.0,3.9,3.5,4.1,3.9,0.2657603937607214
2026-01-03 16:53:43,6623f1f16f998a001b25281f,0.0,0.0,0.0,0.0,3.9,3.5,4.1,3.9,0.2657603937607214
2026-01-03 16:53:43,58ad6961bd82540010390be5,0.0,0.0,0.0,0.0,3.9,3.5,4.1,3.9,0.2657603937607214
2026-01-03 16:53:43,59ca2fa302eb490011a0a3fd,0.0,0.0,0.0,0.0,3.9,3.5,4.1,3.9,0.3
2026-01-03 16:53:43,5a606dbc8576340017d0662b,0.0,0.0,0.0,0.0,3.9,3.5,4.1,3.9,0.2657603937607214
2026-01-03 16:53:43,662b52a31afb9c00172d8b01,0.0,0.0,0.0,0.0,3.9,3.5,4.1,3.9,0.2657603937607214
2026-01-03 16:53:43,58abbee5bd82540010390ba2,0.0,0.0,0.0,0.0,3.9,3.5,4.1,3.9,0.2657603937607214
2026-01-03 16:53:43,662a8ef41afb9c00172d2af2,0.0,0.0,0.0,0.0,3.9,3.5,4.1,3.9,0.2657603937607214
2026-01-03 16:53:43,6623f5b56f998a001b25292f,0.0,0.0,0.0,0.0,3.9,3.5,4.1,3.9,0.2657603937607214
2026-01-03 16:53:43,66b1c398779f7400186740e3,0.0,0.0,0.0,0.0,3.9,3.5,4.1,3.9,0.2657603937607214
2026-01-03 16:53:43,58d7b756c1e33c00112b320d,0.0,0.0,0.0,0.0,3.9,3.5,4.1,3.9,0.2657603937607214
2026-01-03 16:53:43,6623e31e6f998a001b252250,0.0,0.0,0.0,0.0,3.9,3.5,4.1,3.9,0.2657603937607214
2026-01-03 16:53:43,5deb576d1dc17d7c5515acfe,0.0,0.0,0.0,0.0,3.9,3.5,4.1,3.9,0.2657603937607214
2026-01-03 16:53:43,6792f3cf8c5ed4001b27f61e,0.0,0.0,0.0,0.0,3.9,3.5,4.1,3.9,0.2657603937607214
2026-01-03 16:53:43,58df4e22dc195800111e04bb,0.0,0.0,0.0,0.0,3.9,3.5,4.1,3.9,0.2657603937607214
2026-01-03 16:53:43,58d7b3e8c1e33c00112b3207,0.0,0.0,0.0,0.0,3.9,3.5,4.1,3.9,0.3
2026-01-03 16:53:43,5d8cdc57766c88001718896e,0.0,0.0,0.0,0.0,3.9,3.5,4.1,3.9,0.2657603937607214
2026-01-03 16:53:43,66f1266f538c780017c93579,0.0,0.0,0.0,0.0,3.9,3.5,4.1,3.9,0.2657603937607214
2026-01-03 16:53:43,5ad0679598d8fc001102e274,0.0,0.0,0.0,0.0,3.9,3.5,4.1,3.9,0.2657603937607214
2026-01-03 16:53:43,5a824b6c5058170011f6eaab,0.0,0.0,0.0,0.0,3.9,3.5,4.1,3.9,0.3
2026-01-03 16:53:43,62da3e840637a10017d7073d,0.0,0.0,0.0,0.0,3.9,3.5,4.1,3.9,0.2657603937607214
2026-01-03 16:53:43,56de42f611f398ec0c481288,0.0,0.0,0.0,0.0,3.9,3.5,4.1,3.9,0.2657603937607214
2026-01-03 16:53:43,5d8cd614766c88001718894a,0.0,0.0,0.0,0.0,3.9,3.5,4.1,3.9,0.2657603937607214
2026-01-03 16:53:43,5a824f975058170011f6eab8,0.0,0.0,0.0,0.0,3.9,3.5,4.1,3.9,0.2657603937607214
2026-01-03 16:53:43,5a824c3e5058170011f6eaae,0.0,0.0,0.0,0.0,3.9,3.5,4.1,3.9,0.2657603937607214
2026-01-03 16:53:43,5deb576d1dc17d7c5515acf9,0.0,0.0,0.0,0.0,3.9,3.5,4.1,3.9,0.2657603937607214
2026-01-03 16:53:43,587470c2b807da0011e33ce4,0.0,0.0,0.0,0.0,3.9,3.5,4.1,3.9,0.2657603937607214
2026-01-03 16:53:43,68188cbf6dfb4b0018f900e9,0.0,0.0,0.0,0.0,3.9,3.5,4.1,3.9,0.2657603937607214
2026-01-03 16:53:43,67e217ea3215f90017863bf1,0.0,0.0,0.0,0.0,3.9,3.5,4.1,3.9,0.2657603937607214
2026-01-03 16:53:43,68ede6d0230ee50017d04d4c,0.0,0.0,0.0,0.0,3.9,3.5,4.1,3.9,0.2657603937607214
2026-01-03 16:53:43,584e734a61cfea0012cf694f,0.0,0.0,0.0,0.0,3.9,3.5,4.1,3.9,0.2657603937607214
2026-01-03 16:53:43,662b7f251afb9c00172dc8bc,0.0,0.0,0.0,0.0,3.9,3.5,4.1,3.9,0.2657603937607214
2026-01-03 16:53:43,6623ec826f998a001b252686,0.0,0.0,0.0,0.0,3.9,3.5,4.1,3.9,0.2657603937607214
2026-01-03 16:53:43,5deb576d1dc17d7c5515ad23,0.0,0.0,0.0,0.0,3.9,3.5,4.1,3.9,0.2657603937607214
2026-01-03 16:53:43,6922939144912200174bc80c,0.0,0.0,0.0,0.0,3.9,3.5,4.1,3.9,0.2657603937607214
2026-01-03 16:53:43,595d9ba43dcfc400106f2880,0.0,0.0,0.0,0.0,3.9,3.5,4.1,3.9,0.3
2026-01-03 16:53:43,6818863c6dfb4b0018f8f235,0.0,0.0,0.0,0.0,3.9,3.5,4.1,3.9,0.2657603937607214
2026-01-03 16:53:43,589ad89eb3bf7600110283ac,0.0,0.0,0.0,0.0,3.9,3.5,4.1,3.9,0.2657603937607214
2026-01-03 16:53:43,662b5adc1afb9c00172d925b,0.0,0.0,0.0,0.0,3.9,3.5,4.1,3.9,0.2657603937607214
2026-01-03 16:53:43,5701e22bc4350a1100e26f6c,0.0,0.0,0.0,0.0,3.9,3.5,4.1,3.9,0.3
2026-01-03 16:53:43,5b87c386ca057700116404a6,0.0,0.0,0.0,0.0,3.9,3.5,4.1,3.9,0.2657603937607214
2026-01-03 16:53:43,5d8cd542766c880017188948,0.0,0.0,0.0,0.0,3.9,3.5,4.1,3.9,0.2657603937607214
2026-01-03 16:53:43,6623e8406f998a001b252465,0.0,0.0,0.0,0.0,3.9,3.5,4.1,3.9,0.2657603937607214
2026-01-03 16:53:43,5875cef0b807da0011e33d14,0.0,0.0,0.0,0.0,3.9,3.5,4.1,3.9,0.3
2026-01-03 16:53:43,5a823d555058170011f6eaa2,0.0,0.0,0.0,0.0,3.9,3.5,4.1,3.9,0.2725713363689175
2026-01-03 16:53:43,595da2853dcfc400106f2883,0.0,0.0,0.0,0.0,3.9,3.5,4.1,3.9,0.2657603937607214
2026-01-03 16:53:43,5b632950fd4edb0019c7dc07,0.0,0.0,0.0,0.0,3.9,3.5,4.1,3.9,0.2657603937607214
2026-01-03 16:53:43,5deb576d1dc17d7c5515ad06,0.0,0.0,0.0,0.0,3.9,3.5,4.1,3.9,0.2657603937607214
2026-01-03 16:53:43,662b54711afb9c00172d8d4f,0.0,0.0,0.0,0.0,3.9,3.5,4.1,3.9,0.2657603937607214
2026-01-03 16:53:43,5a8279865058170011f6eaef,0.0,0.0,0.0,0.0,3.9,3.5,4.1,3.9,0.2657603937607214
2026-01-03 16:53:43,662b4faa1afb9c00172d875e,0.0,0.0,0.0,0.0,3.9,3.5,4.1,3.9,0.2657603937607214
2026-01-03 16:53:43,662a87641afb9c00172d24b0,0.0,0.0,0.0,0.0,3.9,3.5,4.1,3.9,0.2657603937607214
2026-01-03 16:53:43,56de42f611f398ec0c4812a1,0.0,0.0,0.0,0.0,3.9,3.5,4.1,3.9,0.2657603937607214
2026-01-03 16:53:43,63ae7669bfd3d90017e8f0d9,0.0,0.0,0.0,0.0,3.9,3.5,4.1,3.9,0.2657603937607214
2026-01-03 16:53:43,63b65e6abfd3d90017eaa361,0.0,0.0,0.0,0.0,3.9,3.5,4.1,3.9,0.2657603937607214
2026-01-03 16:53:43,662a8fd41afb9c00172d2bac,0.0,0.0,0.0,0.0,3.9,3.5,4.1,3.9,0.2657603937607214
2026-01-03 16:53:43,56f11afc3ac17b11001c504e,0.0,0.0,0.0,0.0,3.9,3.5,4.1,3.9,0.2657603937607214
2026-01-03 16:53:43,585b2b1ec3f96200127dc505,0.0,0.0,0.0,0.0,3.9,3.5,4.1,3.9,0.2657603937607214
2026-01-03 16:53:43,5a825b7d5058170011f6ead4,0.0,0.0,0.0,0.0,3.9,3.5,4.1,3.9,0.2657603937607214
2026-01-03 16:53:43,5a6069238576340017d0661c,0.0,0.0,0.0,0.0,3.9,3.5,4.1,3.9,0.2657603937607214
2026-01-03 16:53:43,662b857b1afb9c00172dd106,0.0,0.0,0.0,0.0,3.9,3.5,4.1,3.9,0.2657603937607214
2026-01-03 16:53:43,56de42f611f398ec0c481298,0.0,0.0,0.0,0.0,3.9,3.5,4.1,3.9,0.2657603937607214
2026-01-03 16:53:43,63ae75f9bfd3d90017e8f097,0.0,0.0,0.0,0.0,3.9,3.5,4.1,3.9,0.2657603937607214
2026-01-03 16:53:43,63ae7829bfd3d90017e8f1ac,0.0,0.0,0.0,0.0,3.9,3.5,4.1,3.9,0.2657603937607214
2026-01-03 16:53:43,65e0556b6b18080018db665e,0.0,0.0,0.0,0.0,3.9,3.5,4.1,3.9,0.2657603937607214
2026-01-03 16:53:43,662b81eb1afb9c00172dcc85,0.0,0.0,0.0,0.0,3.9,3.5,4.1,3.9,0.2657603937607214
2026-01-03 16:53:43,595dd9ac3dcfc400106f28b4,0.0,0.0,0.0,0.0,3.9,3.5,4.1,3.9,0.2657603937607214
2026-01-03 16:53:43,662a8cc51afb9c00172d2938,0.0,0.0,0.0,0.0,3.9,3.5,4.1,3.9,0.2657603937607214
2026-01-03 16:53:43,587654d3b807da0011e33d36,0.0,0.0,0.0,0.0,3.9,3.5,4.1,3.9,0.2657603937607214
2026-01-03 16:53:43,5990ffdbbec3b90016d2ad2d,0.0,0.0,0.0,0.0,3.9,3.5,4.1,3.9,0.2657603937607214
2026-01-03 16:53:43,5a8259035058170011f6eacf,0.0,0.0,0.0,0.0,3.9,3.5,4.1,3.9,0.3
2026-01-03 16:53:43,63b54cffbfd3d90017ea7ad0,0.0,0.0,0.0,0.0,3.9,3.5,4.1,3.9,0.2657603937607214
2026-01-03 16:53:43,589b4644b3bf7600110283ce,0.0,0.0,0.0,0.0,3.9,3.5,4.1,3.9,0.2657603937607214
2026-01-03 16:53:43,5d8cd8e2766c880017188958,0.0,0.0,0.0,0.0,3.9,3.5,4.1,3.9,0.2657603937607214
2026-01-03 16:53:43,63b54fe4bfd3d90017ea7ca2,0.0,0.0,0.0,0.0,3.9,3.5,4.1,3.9,0.3
2026-01-03 16:53:43,6623ebd76f998a001b25264d,0.0,0.0,0.0,0.0,3.9,3.5,4.1,3.9,0.2657603937607214
2026-01-03 16:53:43,5a6086e88576340017d0668a,0.0,0.0,0.0,0.0,3.9,3.5,4.1,3.9,0.2657603937607214
2026-01-03 16:53:43,681888b66dfb4b0018f8f58c,0.0,0.0,0.0,0.0,3.9,3.5,4.1,3.9,0.2657603937607214
2026-01-03 16:53:43,5b6c15b8ca0577001163fe39,0.0,0.0,0.0,0.0,3.9,3.5,4.1,3.9,0.3
2026-01-03 16:53:43,5d8cd98d766c88001718895a,0.0,0.0,0.0,0.0,3.9,3.5,4.1,3.9,0.2657603937607214
2026-01-03 16:53:43,6623ee666f998a001b252726,0.0,0.0,0.0,0.0,3.9,3.5,4.1,3.9,0.2657603937607214
2026-01-03 16:53:43,662b84c11afb9c00172dd0b5,0.0,0.0,0.0,0.0,3.9,3.5,4.1,3.9,0.2657603937607214
2026-01-03 16:53:43,662b51201afb9c00172d889a,0.0,0.0,0.0,0.0,3.9,3.5,4.1,3.9,0.2657603937607214
2026-01-03 16:53:43,56df8198c062921100c143dd,0.0,0.0,0.0,0.0,3.9,3.5,4.1,3.9,0.2657603937607214
2026-01-03 16:53:43,56de42f611f398ec0c481282,0.0,0.0,0.0,0.0,3.9,3.5,4.1,3.9,0.2657603937607214
2026-01-03 16:53:43,58df4c2bdc195800111e04b7,0.0,0.0,0.0,0.0,3.9,3.5,4.1,3.9,0.3
2026-01-03 16:53:43,6623ea416f998a001b25260a,0.0,0.0,0.0,0.0,3.9,3.5,4.1,3.9,0.2657603937607214
2026-01-03 16:53:43,662b872d1afb9c00172dd36a,0.0,0.0,0.0,0.0,3.9,3.5,4.1,3.9,0.2657603937607214
2026-01-03 16:53:43,6623e4b06f998a001b2522f1,0.0,0.0,0.0,0.0,3.9,3.5,4.1,3.9,0.2657603937607214
2026-01-03 16:53:43,56de42f611f398ec0c48127e,0.0,0.0,0.0,0.0,3.9,3.5,4.1,3.9,0.2657603937607214
2026-01-03 16:53:43,595dd3a63dcfc400106f28a7,0.0,0.0,0.0,0.0,3.9,3.5,4.1,3.9,0.2657603937607214
2026-01-03 16:53:43,68ede5d4230ee50017d04c24,0.0,0.0,0.0,0.0,3.9,3.5,4.1,3.9,0.2657603937607214
2026-01-03 16:53:43,5a8266105058170011f6eadf,0.0,0.0,0.0,0.0,3.9,3.5,4.1,3.9,0.2657603937607214
2026-01-03 16:53:43,662b5afe1afb9c00172d9284,0.0,0.0,0.0,0.0,3.9,3.5,4.1,3.9,0.2657603937607214
2026-01-03 16:53:43,5a82602c5058170011f6ead9,0.0,0.0,0.0,0.0,3.9,3.5,4.1,3.9,0.2657603937607214
2026-01-03 16:53:43,585b2980c3f96200127dc502,0.0,0.0,0.0,0.0,3.9,3.5,4.1,3.9,0.2657603937607214
2026-01-03 16:53:43,56de42f611f398ec0c481284,0.0,0.0,0.0,0.0,3.9,3.5,4.1,3.9,0.3
2026-01-03 16:53:43,662b56c51afb9c00172d9071,0.0,0.0,0.0,0.0,3.9,3.5,4.1,3.9,0.2657603937607214
2026-01-03 16:53:43,63ae7a08bfd3d90017e8f285,0.0,0.0,0.0,0.0,3.9,3.5,4.1,3.9,0.2657603937607214
2026-01-03 16:53:43,662a8b061afb9c00172d27d7,0.0,0.0,0.0,0.0,3.9,3.5,4.1,3.9,0.2657603937607214
2026-01-03 16:53:43,587ee7d7b807da0011e33d55,0.0,0.0,0.0,0.0,3.9,3.5,4.1,3.9,0.2657603937607214
2026-01-03 16:53:43,5deb576d1dc17d7c5515ad12,0.0,0.0,0.0,0.0,3.9,3.5,4.1,3.9,0.3
2026-01-03 16:53:43,662b51a41afb9c00172d8926,0.0,0.0,0.0,0.0,3.9,3.5,4.1,3.9,0.2725713363689175
2026-01-03 16:53:43,63ae7893bfd3d90017e8f1e1,0.0,0.0,0.0,0.0,3.9,3.5,4.1,3.9,0.2657603937607214
2026-01-03 16:53:43,662a8b9e1afb9c00172d284d,0.0,0.0,0.0,0.0,3.9,3.5,4.1,3.9,0.2657603937607214
2026-01-03 16:53:43,5a823ba75058170011f6ea9e,0.0,0.0,0.0,0.0,3.9,3.5,4.1,3.9,0.2657603937607214
2026-01-03 16:53:43,681887346dfb4b0018f8f36a,0.0,0.0,0.0,0.0,3.9,3.5,4.1,3.9,0.2657603937607214
2026-01-03 16:53:43,662b5a401afb9c00172d91fc,0.0,0.0,0.0,0.0,3.9,3.5,4.1,3.9,0.2657603937607214
2026-01-03 16:53:43,56df8544c062921100c143e6,0.0,0.0,0.0,0.0,3.9,3.5,4.1,3.9,0.2657603937607214
2026-01-03 16:53:43,595ddb493dcfc400106f28b6,0.0,0.0,0.0,0.0,3.9,3.5,4.1,3.9,0.3
2026-01-03 16:53:43,66b1c1f2779f740018673f0d,0.0,0.0,0.0,0.0,3.9,3.5,4.1,3.9,0.2657603937607214
2026-01-03 16:53:43,589b4379b3bf7600110283c9,0.0,0.0,0.0,0.0,3.9,3.5,4.1,3.9,0.2657603937607214
2026-01-03 16:53:43,5a60604f8576340017d0660b,0.0,0.0,0.0,0.0,3.9,3.5,4.1,3.9,0.2657603937607214
2026-01-03 16:53:43,5d8cd9cb766c88001718895c,0.0,0.0,0.0,0.0,3.9,3.5,4.1,3.9,0.293115
2026-01-03 16:53:43,6623e6b86f998a001b2523b8,0.0,0.0,0.0,0.0,3.9,3.5,4.1,3.9,0.2657603937607214
2026-01-03 16:53:43,5a8256315058170011f6eac9,0.0,0.0,0.0,0.0,3.9,3.5,4.1,3.9,0.2657603937607214
2026-01-03 16:53:43,5ad064b498d8fc001102e26f,0.0,0.0,0.0,0.0,3.9,3.5,4.1,3.9,0.2657603937607214
2026-01-03 16:53:43,58af8d68bd82540010390c2e,0.0,0.0,0.0,0.0,3.9,3.5,4.1,3.9,0.2657603937607214
2026-01-03 16:53:43,65e0552f6b18080018db6647,0.0,0.0,0.0,0.0,3.9,3.5,4.1,3.9,0.2657603937607214
2026-01-03 16:53:43,595da7783dcfc400106f2888,0.0,0.0,0.0,0.0,3.9,3.5,4.1,3.9,0.2657603937607214
2026-01-03 16:53:43,662a8e121afb9c00172d2a3f,0.0,0.0,0.0,0.0,3.9,3.5,4.1,3.9,0.2657603937607214
2026-01-03 16:53:43,662b5be91afb9c00172d939b,0.0,0.0,0.0,0.0,3.9,3.5,4.1,3.9,0.2657603937607214
2026-01-03 16:53:43,5b728aafca0577001163ff7e,0.0,0.0,0.0,0.0,3.9,3.5,4.1,3.9,0.3
2026-01-03 16:53:43,6818901a6dfb4b0018f9058a,0.0,0.0,0.0,0.0,3.9,3.5,4.1,3.9,0.2657603937607214
2026-01-03 16:53:43,63ae7966bfd3d90017e8f240,0.0,0.0,0.0,0.0,3.9,3.5,4.1,3.9,0.3
2026-01-03 16:53:43,5a607fa38576340017d06671,0.0,0.0,0.0,0.0,3.9,3.5,4.1,3.9,0.2657603937607214
2026-01-03 16:53:43,662b87551afb9c00172dd43a,0.0,0.0,0.0,0.0,3.9,3.5,4.1,3.9,0.2657603937607214
2026-01-03 16:53:43,5deb576d1dc17d7c5515ad21,0.0,0.0,0.0,0.0,3.9,3.5,4.1,3.9,0.2657603937607214
2026-01-03 16:53:43,68188bf46dfb4b0018f8ff12,0.0,0.0,0.0,0.0,3.9,3.5,4.1,3.9,0.2657603937607214
2026-01-03 16:53:43,68a589a54e89b100173b6267,0.0,0.0,0.0,0.0,3.9,3.5,4.1,3.9,0.2657603937607214
2026-01-03 16:53:43,56de42f611f398ec0c481289,0.0,0.0,0.0,0.0,3.9,3.5,4.1,3.9,0.2657603937607214
2026-01-03 16:53:43,58ad69c4bd82540010390be7,0.0,0.0,0.0,0.0,3.9,3.5,4.1,3.9,0.2657603937607214
2026-01-03 16:53:43,6623f5876f998a001b25291a,0.0,0.0,0.0,0.0,3.9,3.5,4.1,3.9,0.2657603937607214
2026-01-03 16:53:43,6623e2e16f998a001b252233,0.0,0.0,0.0,0.0,3.9,3.5,4.1,3.9,0.2657603937607214
2026-01-03 16:53:43,63b54898bfd3d90017ea77ae,0.0,0.0,0.0,0.0,3.9,3.5,4.1,3.9,0.2657603937607214
2026-01-03 16:53:43,63b549b8bfd3d90017ea782c,0.0,0.0,0.0,0.0,3.9,3.5,4.1,3.9,0.2657603937607214
2026-01-03 16:53:43,662b5b271afb9c00172d9296,0.0,0.0,0.0,0.0,3.9,3.5,4.1,3.9,0.2657603937607214
2026-01-03 16:53:43,662a87df1afb9c00172d2522,0.0,0.0,0.0,0.0,3.9,3.5,4.1,3.9,0.2657603937607214
2026-01-03 16:53:43,68ede60a230ee50017d04c69,0.0,0.0,0.0,0.0,3.9,3.5,4.1,3.9,0.2657603937607214
2026-01-03 16:53:43,5a823bd55058170011f6eaa0,0.0,0.0,0.0,0.0,3.9,3.5,4.1,3.9,0.2657603937607214
2026-01-03 16:53:43,5a6085688576340017d06684,0.0,0.0,0.0,0.0,3.9,3.5,4.1,3.9,0.2657603937607214
2026-01-03 16:53:43,595dd7693dcfc400106f28b0,0.0,0.0,0.0,0.0,3.9,3.5,4.1,3.9,0.2657603937607214
2026-01-03 16:53:43,6623e88c6f998a001b25248b,0.0,0.0,0.0,0.0,3.9,3.5,4.1,3.9,0.2657603937607214
2026-01-03 16:53:43,63b54996bfd3d90017ea781a,0.0,0.0,0.0,0.0,3.9,3.5,4.1,3.9,0.2657603937607214
2026-01-03 16:53:43,56de42f611f398ec0c481283,0.0,0.0,0.0,0.0,3.9,3.5,4.1,3.9,0.2657603937607214
2026-01-03 16:53:43,5d8cdcf0766c880017188972,0.0,0.0,0.0,0.0,3.9,3.5,4.1,3.9,0.2657603937607214
2026-01-03 16:53:43,67e217643215f90017863b73,0.0,0.0,0.0,0.0,3.9,3.5,4.1,3.9,0.2657603937607214
2026-01-03 16:53:43,662b57ec1afb9c00172d90e3,0.0,0.0,0.0,0.0,3.9,3.5,4.1,3.9,0.3
2026-01-03 16:53:43,662b50571afb9c00172d87df,0.0,0.0,0.0,0.0,3.9,3.5,4.1,3.9,0.2657603937607214
2026-01-03 16:53:43,56df8274c062921100c143df,0.0,0.0,0.0,0.0,3.9,3.5,4.1,3.9,0.2657603937607214
2026-01-03 16:53:43,662b52131afb9c00172d8a23,0.0,0.0,0.0,0.0,3.9,3.5,4.1,3.9,0.2725713363689175
2026-01-03 16:53:43,68188b786dfb4b0018f8face,0.0,0.0,0.0,0.0,3.9,3.5,4.1,3.9,0.2657603937607214
2026-01-03 16:53:43,5a6061fd8576340017d06613,0.0,0.0,0.0,0.0,3.9,3.5,4.1,3.9,0.2657603937607214
2026-01-03 16:53:43,6623f0246f998a001b252797,0.0,0.0,0.0,0.0,3.9,3.5,4.1,3.9,0.2657603937607214
2026-01-03 16:53:43,595da7d93dcfc400106f288a,0.0,0.0,0.0,0.0,3.9,3.5,4.1,3.9,0.2657603937607214
2026-01-03 16:53:43,66b1c311779f740018674083,0.0,0.0,0.0,0.0,3.9,3.5,4.1,3.9,0.2657603937607214
2026-01-03 16:53:43,68ae7f327d735d00173c74e4,0.0,0.0,0.0,0.0,3.9,3.5,4.1,3.9,0.2657603937607214
2026-01-03 16:53:43,59ca30fd02eb490011a0a406,0.0,0.0,0.0,0.0,3.9,3.5,4.1,3.9,0.2657603937607214
2026-01-03 16:53:43,662a8cfe1afb9c00172d296e,0.0,0.0,0.0,0.0,3.9,3.5,4.1,3.9,0.2657603937607214
2026-01-03 16:53:43,589b39d9b3bf7600110283c1,0.0,0.0,0.0,0.0,3.9,3.5,4.1,3.9,0.2657603937607214
2026-01-03 16:53:43,5d8cd326766c88001718893e,0.0,0.0,0.0,0.0,3.9,3.5,4.1,3.9,0.2657603937607214
2026-01-03 16:53:43,587461c1b807da0011e33cc8,0.0,0.0,0.0,0.0,3.9,3.5,4.1,3.9,0.2657603937607214
2026-01-03 16:53:43,63ae76afbfd3d90017e8f106,0.0,0.0,0.0,0.0,3.9,3.5,4.1,3.9,0.2657603937607214
2026-01-03 16:53:43,63b661a3bfd3d90017eaa520,0.0,0.0,0.0,0.0,3.9,3.5,4.1,3.9,0.2657603937607214
2026-01-03 16:53:43,583f926761cfea0012cf68f1,0.0,0.0,0.0,0.0,3.9,3.5,4.1,3.9,0.2657603937607214
2026-01-03 16:53:43,6878bab06145d3001ba517f7,0.0,0.0,0.0,0.0,3.9,3.5,4.1,3.9,0.2657603937607214
2026-01-03 16:53:43,56df81d8c062921100c143de,0.0,0.0,0.0,0.0,3.9,3.5,4.1,3.9,0.2657603937607214
2026-01-03 16:53:43,63ae73cebfd3d90017e8f00d,0.0,0.0,0.0,0.0,3.9,3.5,4.1,3.9,0.2657603937607214
2026-01-03 16:53:43,662a8a661afb9c00172d2762,0.0,0.0,0.0,0.0,3.9,3.5,4.1,3.9,0.2657603937607214
2026-01-03 16:53:43,6623e7526f998a001b252407,0.0,0.0,0.0,0.0,3.9,3.5,4.1,3.9,0.2657603937607214
2026-01-03 16:53:43,5a6084898576340017d06680,0.0,0.0,0.0,0.0,3.9,3.5,4.1,3.9,0.2657603937607214
2026-01-03 16:53:43,56de42f611f398ec0c48129b,0.0,0.0,0.0,0.0,3.9,3.5,4.1,3.9,0.2657603937607214
2026-01-03 16:53:43,586e2492f9fab7001111b0ab,0.0,0.0,0.0,0.0,3.9,3.5,4.1,3.9,0.2657603937607214
2026-01-03 16:53:43,68edd621230ee50017d031c5,0.0,0.0,0.0,0.0,3.9,3.5,4.1,3.9,0.2657603937607214
2026-01-03 16:53:43,68ede0cf230ee50017d04657,0.0,0.0,0.0,0.0,3.9,3.5,4.1,3.9,0.2657603937607214
2026-01-03 16:53:43,662b571d1afb9c00172d9083,0.0,0.0,0.0,0.0,3.9,3.5,4.1,3.9,0.3
2026-01-03 16:53:43,587479b1b807da0011e33cf9,0.0,0.0,0.0,0.0,3.9,3.5,4.1,3.9,0.2657603937607214
2026-01-03 16:53:43,62da3e620637a10017d70720,0.0,0.0,0.0,0.0,3.9,3.5,4.1,3.9,0.3
2026-01-03 16:53:43,63b54909bfd3d90017ea77e4,0.0,0.0,0.0,0.0,3.9,3.5,4.1,3.9,0.2657603937607214
2026-01-03 16:53:43,595ddbbf3dcfc400106f28b8,0.0,0.0,0.0,0.0,3.9,3.5,4.1,3.9,0.2657603937607214
2026-01-03 16:53:43,5d9de43b766c880017188cb6,0.0,0.0,0.0,0.0,3.9,3.5,4.1,3.9,0.2657603937607214
2026-01-03 16:53:43,5a8250cc5058170011f6eaba,0.0,0.0,0.0,0.0,3.9,3.5,4.1,3.9,0.3
2026-01-03 16:53:43,6818868b6dfb4b0018f8f298,0.0,0.0,0.0,0.0,3.9,3.5,4.1,3.9,0.2657603937607214
2026-01-03 16:53:43,5b0b7e1c0e517b00119fd80b,0.0,0.0,0.0,0.0,3.9,3.5,4.1,3.9,0.3
2026-01-03 16:53:43,56de42f611f398ec0c48129a,0.0,0.0,0.0,0.0,3.9,3.5,4.1,3.9,0.2657603937607214
2026-01-03 16:53:43,662b57711afb9c00172d90a7,0.0,0.0,0.0,0.0,3.9,3.5,4.1,3.9,0.2657603937607214
2026-01-03 16:53:43,63b54968bfd3d90017ea7808,0.0,0.0,0.0,0.0,3.9,3.5,4.1,3.9,0.2657603937607214
2026-01-03 16:53:43,56de42f611f398ec0c48127f,0.0,0.0,0.0,0.0,3.9,3.5,4.1,3.9,0.2657603937607214
2026-01-03 16:53:43,58df5016dc195800111e04bd,0.0,0.0,0.0,0.0,3.9,3.5,4.1,3.9,0.2657603937607214
2026-01-03 16:53:43,681887836dfb4b0018f8f3d1,0.0,0.0,0.0,0.0,3.9,3.5,4.1,3.9,0.2657603937607214
2026-01-03 16:53:43,681884726dfb4b0018f8f035,0.0,0.0,0.0,0.0,3.9,3.5,4.1,3.9,0.2657603937607214
2026-01-03 16:53:43,5d8cdac3766c880017188962,0.0,0.0,0.0,0.0,3.9,3.5,4.1,3.9,0.2657603937607214
2026-01-03 16:53:43,587ef5dfb807da0011e33d59,0.0,0.0,0.0,0.0,3.9,3.5,4.1,3.9,0.2657603937607214
2026-01-03 16:53:43,68fae32b6b936b001721878b,0.0,0.0,0.0,0.0,3.9,3.5,4.1,3.9,0.2657603937607214
2026-01-03 16:53:43,595dc2f03dcfc400106f2896,0.0,0.0,0.0,0.0,3.9,3.5,4.1,3.9,0.2657603937607214
2026-01-03 16:53:43,662b85f51afb9c00172dd1c2,0.0,0.0,0.0,0.0,3.9,3.5,4.1,3.9,0.2657603937607214
2026-01-03 16:53:43,692293f044912200174bc856,0.0,0.0,0.0,0.0,3.9,3.5,4.1,3.9,0.2657603937607214
2026-01-03 16:53:43,68a588c04e89b100173b616b,0.0,0.0,0.0,0.0,3.9,3.5,4.1,3.9,0.2657603937607214
2026-01-03 16:53:43,5d8cdbdc766c88001718896a,0.0,0.0,0.0,0.0,3.9,3.5,4.1,3.9,0.2657603937607214
2026-01-03 16:53:43,63b54d5abfd3d90017ea7afe,0.0,0.0,0.0,0.0,3.9,3.5,4.1,3.9,0.2657603937607214
2026-01-03 16:53:43,5deb576d1dc17d7c5515ad13,0.0,0.0,0.0,0.0,3.9,3.5,4.1,3.9,0.2657603937607214
2026-01-03 16:53:43,662b862a1afb9c00172dd1ff,0.0,0.0,0.0,0.0,3.9,3.5,4.1,3.9,0.2657603937607214
2026-01-03 16:53:43,5deb576d1dc17d7c5515acf2,0.0,0.0,0.0,0.0,3.9,3.5,4.1,3.9,0.2657603937607214
2026-01-03 16:53:43,5a824e465058170011f6eab4,0.0,0.0,0.0,0.0,3.9,3.5,4.1,3.9,0.2657603937607214
2026-01-03 16:53:43,662b57471afb9c00172d9095,0.0,0.0,0.0,0.0,3.9,3.5,4.1,3.9,0.2657603937607214
2026-01-03 16:53:43,56de42f611f398ec0c481291,0.0,0.0,0.0,0.0,3.9,3.5,4.1,3.9,0.2657603937607214
2026-01-03 16:53:43,584e71cb61cfea0012cf694b,0.0,0.0,0.0,0.0,3.9,3.5,4.1,3.9,0.3
2026-01-03 16:53:43,595f874d3dcfc400106f28ec,0.0,0.0,0.0,0.0,3.9,3.5,4.1,3.9,0.2657603937607214
2026-01-03 16:53:43,5b19d34faf4ff60011d6ea52,0.0,0.0,0.0,0.0,3.9,3.5,4.1,3.9,0.2657603937607214
2026-01-03 16:53:43,63b3c9bfbfd3d90017e9b039,0.0,0.0,0.0,0.0,3.9,3.5,4.1,3.9,0.2657603937607214
2026-01-03 16:53:43,5deb576d1dc17d7c5515acf4,0.0,0.0,0.0,0.0,3.9,3.5,4.1,3.9,0.3
2026-01-03 16:53:43,6922944044912200174bc883,0.0,0.0,0.0,0.0,3.9,3.5,4.1,3.9,0.2657603937607214
2026-01-03 16:53:43,58af99abbd82540010390c39,0.0,0.0,0.0,0.0,3.9,3.5,4.1,3.9,0.2657603937607214
2026-01-03 16:53:43,68a5894a4e89b100173b6202,0.0,0.0,0.0,0.0,3.9,3.5,4.1,3.9,0.2657603937607214
2026-01-03 16:53:43,6623ecc16f998a001b25269e,0.0,0.0,0.0,0.0,3.9,3.5,4.1,3.9,0.2657603937607214
2026-01-03 16:53:43,6623e3ea6f998a001b2522ae,0.0,0.0,0.0,0.0,3.9,3.5,4.1,3.9,0.2657603937607214
2026-01-03 16:53:43,662b7d0c1afb9c00172dc6a6,0.0,0.0,0.0,0.0,3.9,3.5,4.1,3.9,0.2657603937607214
2026-01-03 16:53:43,662b54bb1afb9c00172d8dbb,0.0,0.0,0.0,0.0,3.9,3.5,4.1,3.9,0.2657603937607214
2026-01-03 16:53:43,662b58bd1afb9c00172d9119,0.0,0.0,0.0,0.0,3.9,3.5,4.1,3.9,0.2657603937607214
2026-01-03 16:53:43,595f86c43dcfc400106f28ea,0.0,0.0,0.0,0.0,3.9,3.5,4.1,3.9,0.2657603937607214
2026-01-03 16:53:43,59ca321b02eb490011a0a40d,0.0,0.0,0.0,0.0,3.9,3.5,4.1,3.9,0.2657603937607214
2026-01-03 16:53:43,5a82439f5058170011f6eaa9,0.0,0.0,0.0,0.0,3.9,3.5,4.1,3.9,0.2657603937607214
2026-01-03 16:53:43,6623e5d66f998a001b25235a,0.0,0.0,0.0,0.0,3.9,3.5,4.1,3.9,0.2657603937607214
2026-01-03 16:53:43,58d7c20ac1e33c00112b321c,0.0,0.0,0.0,0.0,3.9,3.5,4.1,3.9,0.2657603937607214
2026-01-03 16:53:43,589d0b74b3bf7600110283d4,0.0,0.0,0.0,0.0,3.9,3.5,4.1,3.9,0.2657603937607214
2026-01-03 16:53:43,56df807bc062921100c143da,0.0,0.0,0.0,0.0,3.9,3.5,4.1,3.9,0.2657603937607214
2026-01-03 16:53:43,662b82a61afb9c00172dcdfd,0.0,0.0,0.0,0.0,3.9,3.5,4.1,3.9,0.2657603937607214
2026-01-03 16:53:43,586e266ef9fab7001111b0b0,0.0,0.0,0.0,0.0,3.9,3.5,4.1,3.9,0.2657603937607214
2026-01-03 16:53:43,63ae7a74bfd3d90017e8f2c7,0.0,0.0,0.0,0.0,3.9,3.5,4.1,3.9,0.2657603937607214
2026-01-03 16:53:43,59d3414302eb490011a0a610,0.0,0.0,0.0,0.0,3.9,3.5,4.1,3.9,0.2657603937607214
2026-01-03 16:53:43,6623e9e96f998a001b2525ce,0.0,0.0,0.0,0.0,3.9,3.5,4.1,3.9,0.2657603937607214
2026-01-03 16:53:43,63ae7a9cbfd3d90017e8f303,0.0,0.0,0.0,0.0,3.9,3.5,4.1,3.9,0.2657603937607214
2026-01-03 16:53:43,5a6085188576340017d06682,0.0,0.0,0.0,0.0,3.9,3.5,4.1,3.9,0.3
2026-01-03 16:53:43,56de42f611f398ec0c481286,0.0,0.0,0.0,0.0,3.9,3.5,4.1,3.9,0.2657603937607214
2026-01-03 16:53:43,6623f14b6f998a001b2527f0,0.0,0.0,0.0,0.0,3.9,3.5,4.1,3.9,0.2657603937607214
2026-01-03 16:53:43,662b4f411afb9c00172d86fc,0.0,0.0,0.0,0.0,3.9,3.5,4.1,3.9,0.2657603937607214
2026-01-03 16:53:43,6792f9c88c5ed4001b27fb3d,0.0,0.0,0.0,0.0,3.9,3.5,4.1,3.9,0.2657603937607214
2026-01-03 16:53:43,662b843d1afb9c00172dd02d,0.0,0.0,0.0,0.0,3.9,3.5,4.1,3.9,0.2657603937607214
2026-01-03 16:53:43,595d9b3b3dcfc400106f287e,0.0,0.0,0.0,0.0,3.9,3.5,4.1,3.9,0.2657603937607214
2026-01-03 16:53:43,5deb576d1dc17d7c5515ad0b,0.0,0.0,0.0,0.0,3.9,3.5,4.1,3.9,0.2657603937607214
2026-01-03 16:53:43,5a6087858576340017d0668e,0.0,0.0,0.0,0.0,3.9,3.5,4.1,3.9,0.2657603937607214
2026-01-03 16:53:43,662b4e581afb9c00172d862f,0.0,0.0,0.0,0.0,3.9,3.5,4.1,3.9,0.2657603937607214
2026-01-03 16:53:43,587464e2b807da0011e33cd9,0.0,0.0,0.0,0.0,3.9,3.5,4.1,3.9,0.2657603937607214
2026-01-03 16:53:43,58afdbaebd82540010390c48,0.0,0.0,0.0,0.0,3.9,3.5,4.1,3.9,0.2657603937607214
2026-01-03 16:53:43,63b54c51bfd3d90017ea7aa0,0.0,0.0,0.0,0.0,3.9,3.5,4.1,3.9,0.2657603937607214
2026-01-03 16:53:43,58ad6214bd82540010390be2,0.0,0.0,0.0,0.0,3.9,3.5,4.1,3.9,0.2657603937607214
2026-01-03 16:53:43,5deb576d1dc17d7c5515ad09,0.0,0.0,0.0,0.0,3.9,3.5,4.1,3.9,0.2657603937607214
2026-01-03 16:53:43,58af8a0bbd82540010390c25,0.0,0.0,0.0,0.0,3.9,3.5,4.1,3.9,0.2657603937607214
2026-01-03 16:53:43,5b0b74280e517b00119fd7f9,0.0,0.0,0.0,0.0,3.9,3.5,4.1,3.9,0.3
2026-01-03 16:53:43,587ef859b807da0011e33d5b,0.0,0.0,0.0,0.0,3.9,3.5,4.1,3.9,0.2657603937607214
2026-01-03 16:53:43,58744e97b807da0011e33cb9,0.0,0.0,0.0,0.0,3.9,3.5,4.1,3.9,0.2657603937607214
2026-01-03 16:53:43,692293c644912200174bc83b,0.0,0.0,0.0,0.0,3.9,3.5,4.1,3.9,0.2657603937607214
2026-01-03 16:53:43,63b54a48bfd3d90017ea7850,0.0,0.0,0.0,0.0,3.9,3.5,4.1,3.9,0.2657603937607214
2026-01-03 16:53:43,58c2717ed56e930010a39ac0,0.0,0.0,0.0,0.0,3.9,3.5,4.1,3.9,0.2657603937607214
2026-01-03 16:53:43,58afcd9bbd82540010390c41,0.0,0.0,0.0,0.0,3.9,3.5,4.1,3.9,0.2657603937607214
2026-01-03 16:53:43,63b54a9ebfd3d90017ea7911,0.0,0.0,0.0,0.0,3.9,3.5,4.1,3.9,0.2657603937607214
2026-01-03 16:53:43,5bbc7163ca0577001164127f,0.0,0.0,0.0,0.0,3.9,3.5,4.1,3.9,0.2657603937607214
2026-01-03 16:53:43,6623f3d66f998a001b252890,0.0,0.0,0.0,0.0,3.9,3.5,4.1,3.9,0.2657603937607214
2026-01-03 16:53:43,5b6005b6fd4edb0019c7db25,0.0,0.0,0.0,0.0,3.9,3.5,4.1,3.9,0.2657603937607214
2026-01-03 16:53:43,662a902a1afb9c00172d2bed,0.0,0.0,0.0,0.0,3.9,3.5,4.1,3.9,0.2657603937607214
2026-01-03 16:53:43,662b85481afb9c00172dd0f1,0.0,0.0,0.0,0.0,3.9,3.5,4.1,3.9,0.2657603937607214
2026-01-03 16:53:43,6623ef2b6f998a001b252753,0.0,0.0,0.0,0.0,3.9,3.5,4.1,3.9,0.2657603937607214
2026-01-03 16:53:43,66b1c4e7779f7400186741e4,0.0,0.0,0.0,0.0,3.9,3.5,4.1,3.9,0.2657603937607214
2026-01-03 16:53:43,56de42f611f398ec0c48129c,0.0,0.0,0.0,0.0,3.9,3.5,4.1,3.9,0.2657603937607214
2026-01-03 16:53:43,587c8661b807da0011e33d43,0.0,0.0,0.0,0.0,3.9,3.5,4.1,3.9,0.2725713363689175
2026-01-03 16:53:43,5b632a79fd4edb0019c7dc0f,0.0,0.0,0.0,0.0,3.9,3.5,4.1,3.9,0.3
2026-01-03 16:53:43,662a87a41afb9c00172d24e9,0.0,0.0,0.0,0.0,3.9,3.5,4.1,3.9,0.2657603937607214
2026-01-03 16:53:43,595dd4133dcfc400106f28a9,0.0,0.0,0.0,0.0,3.9,3.5,4.1,3.9,0.2657603937607214
2026-01-03 16:53:43,662b5b8c1afb9c00172d92ca,0.0,0.0,0.0,0.0,3.9,3.5,4.1,3.9,0.2657603937607214
2026-01-03 16:53:43,5d8cd7bb766c880017188952,0.0,0.0,0.0,0.0,3.9,3.5,4.1,3.9,0.3
2026-01-03 16:53:43,56df857fc062921100c143e7,0.0,0.0,0.0,0.0,3.9,3.5,4.1,3.9,0.3
2026-01-03 16:53:43,63ae75debfd3d90017e8f082,0.0,0.0,0.0,0.0,3.9,3.5,4.1,3.9,0.2657603937607214
2026-01-03 16:53:43,6623eb466f998a001b252632,0.0,0.0,0.0,0.0,3.9,3.5,4.1,3.9,0.2657603937607214
2026-01-03 16:53:43,5a824dc05058170011f6eab2,0.0,0.0,0.0,0.0,3.9,3.5,4.1,3.9,0.2657603937607214
2026-01-03 16:53:43,5d8cd49f766c880017188944,0.0,0.0,0.0,0.0,3.9,3.5,4.1,3.9,0.3
2026-01-03 16:53:43,5a606c078576340017d06624,0.0,0.0,0.0,0.0,3.9,3.5,4.1,3.9,0.2657603937607214
2026-01-03 16:53:43,5deb576d1dc17d7c5515acf3,0.0,0.0,0.0,0.0,3.9,3.5,4.1,3.9,0.2657603937607214
2026-01-03 16:53:43,5a8254b05058170011f6eac3,0.0,0.0,0.0,0.0,3.9,3.5,4.1,3.9,0.2657603937607214
2026-01-03 16:53:43,662b50c11afb9c00172d8843,0.0,0.0,0.0,0.0,3.9,3.5,4.1,3.9,0.2657603937607214
2026-01-03 16:53:43,6623f51a6f998a001b252900,0.0,0.0,0.0,0.0,3.9,3.5,4.1,3.9,0.2657603937607214
2026-01-03 16:53:43,5deb576d1dc17d7c5515ad1b,0.0,0.0,0.0,0.0,3.9,3.5,4.1,3.9,0.3
2026-01-03 16:53:43,58744e3eb807da0011e33cb7,0.0,0.0,0.0,0.0,3.9,3.5,4.1,3.9,0.2657603937607214
2026-01-03 16:53:43,58744dd9b807da0011e33cb5,0.0,0.0,0.0,0.0,3.9,3.5,4.1,3.9,0.2657603937607214
2026-01-03 16:53:43,56df8416c062921100c143e4,0.0,0.0,0.0,0.0,3.9,3.5,4.1,3.9,0.3
2026-01-03 16:53:43,681883b46dfb4b0018f8ef39,0.0,0.0,0.0,0.0,3.9,3.5,4.1,3.9,0.2657603937607214
2026-01-03 16:53:43,58af8b69bd82540010390c28,0.0,0.0,0.0,0.0,3.9,3.5,4.1,3.9,0.2657603937607214
2026-01-03 16:53:43,6623e3a26f998a001b252291,0.0,0.0,0.0,0.0,3.9,3.5,4.1,3.9,0.2657603937607214
2026-01-03 16:53:43,589b3ceeb3bf7600110283c3,0.0,0.0,0.0,0.0,3.9,3.5,4.1,3.9,0.2657603937607214
2026-01-03 16:53:43,595dcab53dcfc400106f289d,0.0,0.0,0.0,0.0,3.9,3.5,4.1,3.9,0.2657603937607214
2026-01-03 16:53:43,662a89211afb9c00172d2636,0.0,0.0,0.0,0.0,3.9,3.5,4.1,3.9,0.2657603937607214
2026-01-03 16:53:43,5deb576d1dc17d7c5515ad05,0.0,0.0,0.0,0.0,3.9,3.5,4.1,3.9,0.2657603937607214
2026-01-03 16:53:43,595dd4f43dcfc400106f28ab,0.0,0.0,0.0,0.0,3.9,3.5,4.1,3.9,0.2657603937607214
2026-01-03 16:53:43,6792ef4f8c5ed4001b27f2c0,0.0,0.0,0.0,0.0,3.9,3.5,4.1,3.9,0.2657603937607214
2026-01-03 16:53:43,662b84771afb9c00172dd076,0.0,0.0,0.0,0.0,3.9,3.5,4.1,3.9,0.2725713363689175
2026-01-03 16:53:43,6623f0b46f998a001b2527c3,0.0,0.0,0.0,0.0,3.9,3.5,4.1,3.9,0.2657603937607214
2026-01-03 16:53:43,6922928544912200174bc755,0.0,0.0,0.0,0.0,3.9,3.5,4.1,3.9,0.2657603937607214
2026-01-03 16:53:43,665861d864f11e00173c73a9,0.0,0.0,0.0,0.0,3.9,3.5,4.1,3.9,0.2657603937607214
2026-01-03 16:53:43,5a607f078576340017d0666f,0.0,0.0,0.0,0.0,3.9,3.5,4.1,3.9,0.2657603937607214
2026-01-03 16:53:43,68ede112230ee50017d046a6,0.0,0.0,0.0,0.0,3.9,3.5,4.1,3.9,0.2657603937607214
2026-01-03 16:53:43,5a824ee15058170011f6eab6,0.0,0.0,0.0,0.0,3.9,3.5,4.1,3.9,0.2657603937607214
2026-01-03 16:53:43,6623ed396f998a001b2526b8,0.0,0.0,0.0,0.0,3.9,3.5,4.1,3.9,0.2657603937607214
2026-01-03 16:53:43,5b632b60fd4edb0019c7dc12,0.0,0.0,0.0,0.0,3.9,3.5,4.1,3.9,0.3
2026-01-03 16:53:43,587c8d97b807da0011e33d49,0.0,0.0,0.0,0.0,3.9,3.5,4.1,3.9,0.2657603937607214
2026-01-03 16:53:43,59414c883dcfc400106f260b,0.0,0.0,0.0,0.0,3.9,3.5,4.1,3.9,0.2657603937607214
2026-01-03 16:53:43,56df82d4c062921100c143e0,0.0,0.0,0.0,0.0,3.9,3.5,4.1,3.9,0.2657603937607214
2026-01-03 16:53:43,6792f1008c5ed4001b27f41f,0.0,0.0,0.0,0.0,3.9,3.5,4.1,3.9,0.2657603937607214
2026-01-03 16:53:43,58affc6017139d0010f35cc8,0.0,0.0,0.0,0.0,3.9,3.5,4.1,3.9,0.2657603937607214
2026-01-03 16:53:43,587463bab807da0011e33cd3,0.0,0.0,0.0,0.0,3.9,3.5,4.1,3.9,0.2657603937607214
2026-01-03 16:53:43,5deb576d1dc17d7c5515ad1c,0.0,0.0,0.0,0.0,3.9,3.5,4.1,3.9,0.2657603937607214
2026-01-03 16:53:43,56de42f611f398ec0c481287,0.0,0.0,0.0,0.0,3.9,3.5,4.1,3.9,0.2657603937607214
2026-01-03 16:53:43,662b5c981afb9c00172d94c0,0.0,0.0,0.0,0.0,3.9,3.5,4.1,3.9,0.2657603937607214
2026-01-03 16:53:43,662a861e1afb9c00172d23ad,0.0,0.0,0.0,0.0,3.9,3.5,4.1,3.9,0.2657603937607214
2026-01-03 16:53:43,662b5a9c1afb9c00172d9240,0.0,0.0,0.0,0.0,3.9,3.5,4.1,3.9,0.2657603937607214
2026-01-03 16:53:43,662a88a01afb9c00172d25d1,0.0,0.0,0.0,0.0,3.9,3.5,4.1,3.9,0.2657603937607214
2026-01-03 16:53:43,68a587fc4e89b100173b6054,0.0,0.0,0.0,0.0,3.9,3.5,4.1,3.9,0.2657603937607214
2026-01-03 16:53:43,662b4e201afb9c00172d85f9,0.0,0.0,0.0,0.0,3.9,3.5,4.1,3.9,0.2657603937607214
2026-01-03 16:53:43,5d8cdb4b766c880017188966,0.0,0.0,0.0,0.0,3.9,3.5,4.1,3.9,0.2657603937607214
2026-01-03 16:53:43,58b57a6c17139d0010f35d65,0.0,0.0,0.0,0.0,3.9,3.5,4.1,3.9,0.3
2026-01-03 16:53:43,62da3e390637a10017d706ff,0.0,0.0,0.0,0.0,3.9,3.5,4.1,3.9,0.2657603937607214
2026-01-03 16:53:43,5deb576d1dc17d7c5515ad10,0.0,0.0,0.0,0.0,3.9,3.5,4.1,3.9,0.2657603937607214
2026-01-03 16:53:43,66b1c4a2779f74001867418c,0.0,0.0,0.0,0.0,3.9,3.5,4.1,3.9,0.2657603937607214
2026-01-03 16:53:43,631813ebc9eae60017a196b0,0.0,0.0,0.0,0.0,3.9,3.5,4.1,3.9,0.2657603937607214
2026-01-03 16:53:43,68188cfa6dfb4b0018f9013c,0.0,0.0,0.0,0.0,3.9,3.5,4.1,3.9,0.2657603937607214
2026-01-03 16:53:43,587475abb807da0011e33cea,0.0,0.0,0.0,0.0,3.9,3.5,4.1,3.9,0.2657603937607214
2026-01-03 16:53:43,5deb576d1dc17d7c5515ad0e,0.0,0.0,0.0,0.0,3.9,3.5,4.1,3.9,0.2657603937607214
2026-01-03 16:53:43,68ede227230ee50017d0480b,0.0,0.0,0.0,0.0,3.9,3.5,4.1,3.9,0.2657603937607214
2026-01-03 16:53:43,5deb576d1dc17d7c5515ad11,0.0,0.0,0.0,0.0,3.9,3.5,4.1,3.9,0.2657603937607214
2026-01-03 16:53:43,68ede25b230ee50017d0484d,0.0,0.0,0.0,0.0,3.9,3.5,4.1,3.9,0.2657603937607214
2026-01-03 16:53:43,587478d8b807da0011e33cf3,0.0,0.0,0.0,0.0,3.9,3.5,4.1,3.9,0.2657603937607214
2026-01-03 16:53:43,5deb576d1dc17d7c5515acf8,0.0,0.0,0.0,0.0,3.9,3.5,4.1,3.9,0.2657603937607214
2026-01-03 16:53:43,591c6833a6bfb500119400a3,0.0,0.0,0.0,0.0,3.9,3.5,4.1,3.9,0.2657603937607214
2026-01-03 16:53:43,63ae7938bfd3d90017e8f226,0.0,0.0,0.0,0.0,3.9,3.5,4.1,3.9,0.2657603937607214
2026-01-03 16:53:43,63b664edbfd3d90017eaaa24,0.0,0.0,0.0,0.0,3.9,3.5,4.1,3.9,0.2657603937607214
2026-01-03 16:53:43,56df83d8c062921100c143e3,0.0,0.0,0.0,0.0,3.9,3.5,4.1,3.9,0.2657603937607214
2026-01-03 16:53:43,6623e5776f998a001b252337,0.0,0.0,0.0,0.0,3.9,3.5,4.1,3.9,0.2657603937607214
2026-01-03 16:53:43,59ca308302eb490011a0a403,0.0,0.0,0.0,0.0,3.9,3.5,4.1,3.9,0.2657603937607214
2026-01-03 16:53:43,5deb576d1dc17d7c5515acfd,0.0,0.0,0.0,0.0,3.9,3.5,4.1,3.9,0.2657603937607214
2026-01-03 16:53:43,56df8159c062921100c143dc,0.0,0.0,0.0,0.0,3.9,3.5,4.1,3.9,0.2657603937607214
2026-01-03 16:53:43,587ef2e4b807da0011e33d57,0.0,0.0,0.0,0.0,3.9,3.5,4.1,3.9,0.2657603937607214
2026-01-03 16:53:43,589b3f7db3bf7600110283c6,0.0,0.0,0.0,0.0,3.9,3.5,4.1,3.9,0.2657603937607214
2026-01-03 16:53:43,68188c876dfb4b0018f9007b,0.0,0.0,0.0,0.0,3.9,3.5,4.1,3.9,0.2657603937607214
2026-01-03 16:53:43,6623e6706f998a001b25239b,0.0,0.0,0.0,0.0,3.9,3.5,4.1,3.9,0.2657603937607214
2026-01-03 16:53:43,662b86551afb9c00172dd227,0.0,0.0,0.0,0.0,3.9,3.5,4.1,3.9,0.2657603937607214
2026-01-03 16:53:43,662a88521afb9c00172d2592,0.0,0.0,0.0,0.0,3.9,3.5,4.1,3.9,0.2657603937607214
2026-01-03 16:53:43,649da77ea6068200171a6dd4,0.0,0.0,0.0,0.0,3.9,3.5,4.1,3.9,0.2657603937607214
2026-01-03 16:53:43,63b3c59fbfd3d90017e9ace8,0.0,0.0,0.0,0.0,3.9,3.5,4.1,3.9,0.2657603937607214
2026-01-03 16:53:43,58b5510817139d0010f35d4e,0.0,0.0,0.0,0.0,3.9,3.5,4.1,3.9,0.2657603937607214
2026-01-03 16:53:43,5a824c905058170011f6eab0,0.0,0.0,0.0,0.0,3.9,3.5,4.1,3.9,0.2657603937607214
2026-01-03 16:53:43,5deb576d1dc17d7c5515ad16,0.0,0.0,0.0,0.0,3.9,3.5,4.1,3.9,0.2657603937607214
2026-01-03 16:53:43,63ae7c73bfd3d90017e8f3ed,0.0,0.0,0.0,0.0,3.9,3.5,4.1,3.9,0.2657603937607214
2026-01-03 16:53:43,586e1d4ef9fab7001111b0a2,0.0,0.0,0.0,0.0,3.9,3.5,4.1,3.9,0.2657603937607214
2026-01-03 16:53:43,63195512c9eae60017a1c279,0.0,0.0,0.0,0.0,3.9,3.5,4.1,3.9,0.2657603937607214
2026-01-03 16:53:43,59ca2ecb02eb490011a0a3f6,0.0,0.0,0.0,0.0,3.9,3.5,4.1,3.9,0.3
2026-01-03 16:53:43,5d8cdc9d766c880017188970,0.0,0.0,0.0,0.0,3.9,3.5,4.1,3.9,0.2657603937607214
2026-01-03 16:53:43,6792f1b78c5ed4001b27f4a9,0.0,0.0,0.0,0.0,3.9,3.5,4.1,3.9,0.2657603937607214
2026-01-03 16:53:43,58d8ec0adc195800111e042b,0.0,0.0,0.0,0.0,3.9,3.5,4.1,3.9,0.2657603937607214
2026-01-03 16:53:43,5a8254f25058170011f6eac5,0.0,0.0,0.0,0.0,3.9,3.5,4.1,3.9,0.2657603937607214
2026-01-03 16:53:43,63ae7c53bfd3d90017e8f3d8,0.0,0.0,0.0,0.0,3.9,3.5,4.1,3.9,0.2657603937607214
2026-01-03 16:53:43,5deb576d1dc17d7c5515ad20,0.0,0.0,0.0,0.0,3.9,3.5,4.1,3.9,0.2657603937607214
2026-01-03 16:53:43,5874796db807da0011e33cf7,0.0,0.0,0.0,0.0,3.9,3.5,4.1,3.9,0.2657603937607214
2026-01-03 16:53:43,5deb576d1dc17d7c5515acfa,0.0,0.0,0.0,0.0,3.9,3.5,4.1,3.9,0.2657603937607214
2026-01-03 16:53:43,58746536b807da0011e33cdc,0.0,0.0,0.0,0.0,3.9,3.5,4.1,3.9,0.2657603937607214
2026-01-03 16:53:43,5a8251575058170011f6eabc,0.0,0.0,0.0,0.0,3.9,3.5,4.1,3.9,0.3
2026-01-03 16:53:43,662b59291afb9c00172d912b,0.0,0.0,0.0,0.0,3.9,3.5,4.1,3.9,0.2657603937607214
2026-01-03 16:53:43,5a6060a88576340017d0660d,0.0,0.0,0.0,0.0,3.9,3.5,4.1,3.9,0.2657603937607214
2026-01-03 16:53:43,63b65f33bfd3d90017eaa405,0.0,0.0,0.0,0.0,3.9,3.5,4.1,3.9,0.2657603937607214
2026-01-03 16:53:43,5deb576d1dc17d7c5515ad1e,0.0,0.0,0.0,0.0,3.9,3.5,4.1,3.9,0.2657603937607214
2026-01-03 16:53:43,5a6061868576340017d06611,0.0,0.0,0.0,0.0,3.9,3.5,4.1,3.9,0.2657603937607214
2026-01-03 16:53:43,589b3705b3bf7600110283bd,0.0,0.0,0.0,0.0,3.9,3.5,4.1,3.9,0.2657603937607214
2026-01-03 16:53:43,63ae7759bfd3d90017e8f162,0.0,0.0,0.0,0.0,3.9,3.5,4.1,3.9,0.2657603937607214
2026-01-03 16:53:43,63ae7709bfd3d90017e8f135,0.0,0.0,0.0,0.0,3.9,3.5,4.1,3.9,0.2657603937607214
2026-01-03 16:53:43,662b55111afb9c00172d8e2e,0.0,0.0,0.0,0.0,3.9,3.5,4.1,3.9,0.2657603937607214
2026-01-03 16:53:43,649da419a6068200171a6c90,0.0,0.0,0.0,0.0,3.9,3.5,4.1,3.9,0.2657603937607214
2026-01-03 16:53:43,58afccadbd82540010390c3f,0.0,0.0,0.0,0.0,3.9,3.5,4.1,3.9,0.2657603937607214
2026-01-03 16:53:43,662b82761afb9c00172dcda3,0.0,0.0,0.0,0.0,3.9,3.5,4.1,3.9,0.2657603937607214
2026-01-03 16:53:43,5deb576d1dc17d7c5515acf7,0.0,0.0,0.0,0.0,3.9,3.5,4.1,3.9,0.2657603937607214
2026-01-03 16:53:43,5d9ddd49766c880017188c94,0.0,0.0,0.0,0.0,3.9,3.5,4.1,3.9,0.2657603937607214
2026-01-03 16:53:43,5d8cd767766c880017188950,0.0,0.0,0.0,0.0,3.9,3.5,4.1,3.9,0.2657603937607214
2026-01-03 16:53:43,6922931044912200174bc7cf,0.0,0.0,0.0,0.0,3.9,3.5,4.1,3.9,0.2657603937607214
2026-01-03 16:53:43,6792f16e8c5ed4001b27f482,0.0,0.0,0.0,0.0,3.9,3.5,4.1,3.9,0.2657603937607214
2026-01-03 16:53:43,595f8d813dcfc400106f28f2,0.0,0.0,0.0,0.0,3.9,3.5,4.1,3.9,0.2657603937607214
2026-01-03 16:53:43,5874656eb807da0011e33cde,0.0,0.0,0.0,0.0,3.9,3.5,4.1,3.9,0.2657603937607214
2026-01-03 16:53:43,6623e3566f998a001b25226d,0.0,0.0,0.0,0.0,3.9,3.5,4.1,3.9,0.2657603937607214
2026-01-03 16:53:43,5abbb6d698d8fc001102dfc8,0.0,0.0,0.0,0.0,3.9,3.5,4.1,3.9,0.2725713363689175
2026-01-03 16:53:43,5d8cdd26766c880017188974,0.0,0.0,0.0,0.0,3.9,3.5,4.1,3.9,0.3
2026-01-03 16:53:43,5deb576d1dc17d7c5515ad03,0.0,0.0,0.0,0.0,3.9,3.5,4.1,3.9,0.2657603937607214
2026-01-03 16:53:43,63ae777cbfd3d90017e8f177,0.0,0.0,0.0,0.0,3.9,3.5,4.1,3.9,0.2657603937607214
2026-01-03 16:53:43,631828cac9eae60017a19f50,0.0,0.0,0.0,0.0,3.9,3.5,4.1,3.9,0.2657603937607214
2026-01-03 16:53:43,63b3c2fbbfd3d90017e9abbf,0.0,0.0,0.0,0.0,3.9,3.5,4.1,3.9,0.2657603937607214
2026-01-03 16:53:43,58d7c2e6c1e33c00112b321e,0.0,0.0,0.0,0.0,3.9,3.5,4.1,3.9,0.2657603937607214
2026-01-03 16:53:43,63b54ad1bfd3d90017ea7974,0.0,0.0,0.0,0.0,3.9,3.5,4.1,3.9,0.2657603937607214
2026-01-03 16:53:43,662b5b481afb9c00172d92a8,0.0,0.0,0.0,0.0,3.9,3.5,4.1,3.9,0.2657603937607214
2026-01-03 16:53:43,681885376dfb4b0018f8f0f2,0.0,0.0,0.0,0.0,3.9,3.5,4.1,3.9,0.2657603937607214
2026-01-03 16:53:43,56de42f611f398ec0c48129e,0.0,0.0,0.0,0.0,3.9,3.5,4.1,3.9,0.2657603937607214
2026-01-03 16:53:43,5d9dddb9766c880017188c96,0.0,0.0,0.0,0.0,3.9,3.5,4.1,3.9,0.2657603937607214
2026-01-03 16:53:43,5d8cd372766c880017188940,0.0,0.0,0.0,0.0,3.9,3.5,4.1,3.9,0.3
2026-01-03 16:53:43,5a60839c8576340017d0667c,0.0,0.0,0.0,0.0,3.9,3.5,4.1,3.9,0.2657603937607214
2026-01-03 16:53:43,68188c236dfb4b0018f8ff8f,0.0,0.0,0.0,0.0,3.9,3.5,4.1,3.9,0.2657603937607214
2026-01-03 16:53:43,63b65f64bfd3d90017eaa41f,0.0,0.0,0.0,0.0,3.9,3.5,4.1,3.9,0.2657603937607214
2026-01-03 16:53:43,58746371b807da0011e33cd1,0.0,0.0,0.0,0.0,3.9,3.5,4.1,3.9,0.28624858950000004
2026-01-03 16:53:43,63bd1e95bfd3d90017ec3cd5,0.0,0.0,0.0,0.0,3.9,3.5,4.1,3.9,0.2657603937607214
2026-01-03 16:53:43,63ae7cd3bfd3d90017e8f408,0.0,0.0,0.0,0.0,3.9,3.5,4.1,3.9,0.2657603937607214
2026-01-03 16:53:43,5d8cd70e766c88001718894e,0.0,0.0,0.0,0.0,3.9,3.5,4.1,3.9,0.2657603937607214
2026-01-03 16:53:43,58b555ac17139d0010f35d59,0.0,0.0,0.0,0.0,3.9,3.5,4.1,3.9,0.2657603937607214
2026-01-03 16:53:43,595ddc123dcfc400106f28ba,0.0,0.0,0.0,0.0,3.9,3.5,4.1,3.9,0.2657603937607214
2026-01-03 16:53:43,63b55020bfd3d90017ea7cb7,0.0,0.0,0.0,0.0,3.9,3.5,4.1,3.9,0.2657603937607214
2026-01-03 16:53:43,68ede746230ee50017d04dcc,0.0,0.0,0.0,0.0,3.9,3.5,4.1,3.9,0.2657603937607214
2026-01-03 16:53:43,5b19d2f9af4ff60011d6ea4f,0.0,0.0,0.0,0.0,3.9,3.5,4.1,3.9,0.3
2026-01-03 16:53:43,662b4d781afb9c00172d8571,0.0,0.0,0.0,0.0,3.9,3.5,4.1,3.9,0.2657603937607214
2026-01-03 16:53:43,5a606a958576340017d06621,0.0,0.0,0.0,0.0,3.9,3.5,4.1,3.9,0.2657603937607214
2026-01-03 16:53:43,662a8c381afb9c00172d28b6,0.0,0.0,0.0,0.0,3.9,3.5,4.1,3.9,0.2657603937607214
2026-01-03 16:53:43,63b6617ebfd3d90017eaa50b,0.0,0.0,0.0,0.0,3.9,3.5,4.1,3.9,0.2657603937607214
2026-01-03 16:53:43,595f91653dcfc400106f28f6,0.0,0.0,0.0,0.0,3.9,3.5,4.1,3.9,0.3
2026-01-03 16:53:43,56de42f611f398ec0c481292,0.0,0.0,0.0,0.0,3.9,3.5,4.1,3.9,0.2657603937607214
2026-01-03 16:53:43,681888066dfb4b0018f8f4c2,0.0,0.0,0.0,0.0,3.9,3.5,4.1,3.9,0.2657603937607214
2026-01-03 16:53:43,5deb576d1dc17d7c5515acff,0.0,0.0,0.0,0.0,3.9,3.5,4.1,3.9,0.2657603937607214
2026-01-03 16:53:43,662b58791afb9c00172d9107,0.0,0.0,0.0,0.0,3.9,3.5,4.1,3.9,0.2657603937607214
2026-01-03 16:53:43,662b811d1afb9c00172dcc1d,0.0,0.0,0.0,0.0,3.9,3.5,4.1,3.9,0.2657603937607214
2026-01-03 16:53:43,662a8eb41afb9c00172d2aba,0.0,0.0,0.0,0.0,3.9,3.5,4.1,3.9,0.2657603937607214
2026-01-03 16:53:43,63b548ecbfd3d90017ea77d2,0.0,0.0,0.0,0.0,3.9,3.5,4.1,3.9,0.2657603937607214
2026-01-03 16:53:43,5deb576d1dc17d7c5515acfb,0.0,0.0,0.0,0.0,3.9,3.5,4.1,3.9,0.2657603937607214
2026-01-03 16:53:43,56de42f611f398ec0c48127d,0.0,0.0,0.0,0.0,3.9,3.5,4.1,3.9,0.2657603937607214
2026-01-03 16:53:43,56de42f611f398ec0c48128d,0.0,0.0,0.0,0.0,3.9,3.5,4.1,3.9,0.2657603937607214
2026-01-03 16:53:43,6792f03d8c5ed4001b27f378,0.0,0.0,0.0,0.0,3.9,3.5,4.1,3.9,0.2657603937607214
2026-01-03 16:53:43,68ede490230ee50017d04ae5,0.0,0.0,0.0,0.0,3.9,3.5,4.1,3.9,0.2657603937607214
2026-01-03 16:53:43,6623e7076f998a001b2523ea,0.0,0.0,0.0,0.0,3.9,3.5,4.1,3.9,0.2657603937607214
2026-01-03 16:53:43,59ca2cac02eb490011a0a3e9,0.0,0.0,0.0,0.0,3.9,3.5,4.1,3.9,0.2657603937607214
2026-01-03 16:53:43,586e25e1f9fab7001111b0ae,0.0,0.0,0.0,0.0,3.9,3.5,4.1,3.9,0.2657603937607214
2026-01-03 16:53:43,681889ec6dfb4b0018f8f6cb,0.0,0.0,0.0,0.0,3.9,3.5,4.1,3.9,0.2657603937607214
2026-01-03 16:53:43,5d9dde8e766c880017188c9a,0.0,0.0,0.0,0.0,3.9,3.5,4.1,3.9,0.3
2026-01-03 16:53:43,5d9ddf0f766c880017188c9e,0.0,0.0,0.0,0.0,3.9,3.5,4.1,3.9,0.2657603937607214
2026-01-03 16:53:43,681883866dfb4b0018f8eef6,0.0,0.0,0.0,0.0,3.9,3.5,4.1,3.9,0.2657603937607214
2026-01-03 16:53:43,63ae76ddbfd3d90017e8f11b,0.0,0.0,0.0,0.0,3.9,3.5,4.1,3.9,0.2657603937607214
2026-01-03 16:53:43,5deb576d1dc17d7c5515ad14,0.0,0.0,0.0,0.0,3.9,3.5,4.1,3.9,0.2657603937607214
2026-01-03 16:53:43,63b66035bfd3d90017eaa48e,0.0,0.0,0.0,0.0,3.9,3.5,4.1,3.9,0.2657603937607214
2026-01-03 16:53:43,585b284ac3f96200127dc500,0.0,0.0,0.0,0.0,3.9,3.5,4.1,3.9,0.2657603937607214
2026-01-03 16:53:43,56de42f611f398ec0c481295,0.0,0.0,0.0,0.0,3.9,3.5,4.1,3.9,0.2657603937607214
2026-01-03 16:53:43,5deb576d1dc17d7c5515ad04,0.0,0.0,0.0,0.0,3.9,3.5,4.1,3.9,0.2657603937607214
2026-01-03 16:53:43,5a8278f35058170011f6eaed,0.0,0.0,0.0,0.0,3.9,3.5,4.1,3.9,0.2657603937607214
2026-01-03 16:53:43,662b830e1afb9c00172dcf50,0.0,0.0,0.0,0.0,3.9,3.5,4.1,3.9,0.2657603937607214
2026-01-03 16:53:43,5a6084208576340017d0667e,0.0,0.0,0.0,0.0,3.9,3.5,4.1,3.9,0.3
2026-01-03 16:53:43,5a825ab55058170011f6ead2,0.0,0.0,0.0,0.0,3.9,3.5,4.1,3.9,0.293115
2026-01-03 16:53:43,586e20a0f9fab7001111b0a7,0.0,0.0,0.0,0.0,3.9,3.5,4.1,3.9,0.3
2026-01-03 16:53:43,6623edd26f998a001b2526f7,0.0,0.0,0.0,0.0,3.9,3.5,4.1,3.9,0.2657603937607214
2026-01-03 16:53:43,5a8255a55058170011f6eac7,0.0,0.0,0.0,0.0,3.9,3.5,4.1,3.9,0.2657603937607214
2026-01-03 16:53:43,56de42f611f398ec0c481294,0.0,0.0,0.0,0.0,3.9,3.5,4.1,3.9,0.3
2026-01-03 16:53:43,587ed91db807da0011e33d4e,0.0,0.0,0.0,0.0,3.9,3.5,4.1,3.9,0.2657603937607214
2026-01-03 16:53:43,63b54dcbbfd3d90017ea7ba8,0.0,0.0,0.0,0.0,3.9,3.5,4.1,3.9,0.2657603937607214
2026-01-03 16:53:43,56de42f611f398ec0c48128a,0.0,0.0,0.0,0.0,3.9,3.5,4.1,3.9,0.2657603937607214
2026-01-03 16:53:43,6623ed9b6f998a001b2526cd,0.0,0.0,0.0,0.0,3.9,3.5,4.1,3.9,0.2657603937607214
2026-01-03 16:53:43,58b5752e17139d0010f35d5f,0.0,0.0,0.0,0.0,3.9,3.5,4.1,3.9,0.2657603937607214
2026-01-03 16:53:43,58175c81edeb6c0012a2d5c2,0.0,0.0,0.0,0.0,3.9,3.5,4.1,3.9,0.2657603937607214
2026-01-03 16:53:43,631812e6c9eae60017a19567,0.0,0.0,0.0,0.0,3.9,3.5,4.1,3.9,0.2657603937607214
2026-01-03 16:53:43,6623e7b76f998a001b25242d,0.0,0.0,0.0,0.0,3.9,3.5,4.1,3.9,0.2657603937607214
2026-01-03 16:53:43,5ad068b198d8fc001102e278,0.0,0.0,0.0,0.0,3.9,3.5,4.1,3.9,0.3
2026-01-03 16:53:43,63ae75a3bfd3d90017e8f051,0.0,0.0,0.0,0.0,3.9,3.5,4.1,3.9,0.2657603937607214
2026-01-03 16:53:43,662b7d8a1afb9c00172dc71f,0.0,0.0,0.0,0.0,3.9,3.5,4.1,3.9,0.2657603937607214
2026-01-03 16:53:43,5abbb77298d8fc001102dfce,0.0,0.0,0.0,0.0,3.9,3.5,4.1,3.9,0.2657603937607214
2026-01-03 16:53:43,63bd1f48bfd3d90017ec3d19,0.0,0.0,0.0,0.0,3.9,3.5,4.1,3.9,0.2657603937607214
2026-01-03 16:53:43,58aff2c6bd82540010390c55,0.0,0.0,0.0,0.0,3.9,3.5,4.1,3.9,0.2657603937607214
2026-01-03 16:53:43,5b25a1dcf13cba001124e710,0.0,0.0,0.0,0.0,3.9,3.5,4.1,3.9,0.3
2026-01-03 16:53:43,5deb576d1dc17d7c5515ad18,0.0,0.0,0.0,0.0,3.9,3.5,4.1,3.9,0.2657603937607214
2026-01-03 16:53:43,66b1c1bf779f740018673ef2,0.0,0.0,0.0,0.0,3.9,3.5,4.1,3.9,0.2657603937607214
2026-01-03 16:53:43,56de42f611f398ec0c4812a0,0.0,0.0,0.0,0.0,3.9,3.5,4.1,3.9,0.2657603937607214
2026-01-03 16:53:43,6623efc26f998a001b25277f,0.0,0.0,0.0,0.0,3.9,3.5,4.1,3.9,0.2657603937607214
2026-01-03 16:53:43,662b50841afb9c00172d880d,0.0,0.0,0.0,0.0,3.9,3.5,4.1,3.9,0.2657603937607214
2026-01-03 16:53:43,58abc0cbbd82540010390ba6,0.0,0.0,0.0,0.0,3.9,3.5,4.1,3.9,0.2657603937607214
2026-01-03 16:53:43,58afea5dbd82540010390c4d,0.0,0.0,0.0,0.0,3.9,3.5,4.1,3.9,0.2657603937607214
2026-01-03 16:53:43,5deb576d1dc17d7c5515ad07,0.0,0.0,0.0,0.0,3.9,3.5,4.1,3.9,0.2657603937607214
2026-01-03 16:53:43,5d8cdc1d766c88001718896c,0.0,0.0,0.0,0.0,3.9,3.5,4.1,3.9,0.2657603937607214
2026-01-03 16:53:43,5a606c758576340017d06626,0.0,0.0,0.0,0.0,3.9,3.5,4.1,3.9,0.2657603937607214
2026-01-03 16:53:43,68fae2966b936b00172186a6,0.0,0.0,0.0,0.0,3.9,3.5,4.1,3.9,0.2657603937607214
2026-01-03 16:53:43,63b66008bfd3d90017eaa476,0.0,0.0,0.0,0.0,3.9,3.5,4.1,3.9,0.3
2026-01-03 16:53:43,5a82628e5058170011f6eadb,0.0,0.0,0.0,0.0,3.9,3.5,4.1,3.9,0.2657603937607214
2026-01-03 16:53:43,589b46b3b3bf7600110283d0,0.0,0.0,0.0,0.0,3.9,3.5,4.1,3.9,0.3
2026-01-03 16:53:43,5d8cd653766c88001718894c,0.0,0.0,0.0,0.0,3.9,3.5,4.1,3.9,0.2657603937607214
2026-01-03 16:53:43,662b4de41afb9c00172d85c5,0.0,0.0,0.0,0.0,3.9,3.5,4.1,3.9,0.2657603937607214
2026-01-03 16:53:43,58af8eb2bd82540010390c30,0.0,0.0,0.0,0.0,3.9,3.5,4.1,3.9,0.2657603937607214
2026-01-03 16:53:43,6623ee176f998a001b25270c,0.0,0.0,0.0,0.0,3.9,3.5,4.1,3.9,0.2657603937607214
2026-01-03 16:53:43,5b0b7d240e517b00119fd809,0.0,0.0,0.0,0.0,3.9,3.5,4.1,3.9,0.3
2026-01-03 16:53:43,595f8d233dcfc400106f28f0,0.0,0.0,0.0,0.0,3.9,3.5,4.1,3.9,0.2657603937607214
2026-01-03 16:53:43,5deb576d1dc17d7c5515ad1d,0.0,0.0,0.0,0.0,3.9,3.5,4.1,3.9,0.3
2026-01-03 16:53:43,68ae7e997d735d00173c7445,0.0,0.0,0.0,0.0,3.9,3.5,4.1,3.9,0.2657603937607214
2026-01-03 16:53:43,5b0b835b0e517b00119fd80d,0.0,0.0,0.0,0.0,3.9,3.5,4.1,3.9,0.2657603937607214
2026-01-03 16:53:43,5b6c155aca0577001163fe36,0.0,0.0,0.0,0.0,3.9,3.5,4.1,3.9,0.3
2026-01-03 16:53:43,5d8cd2a3766c88001718893c,0.0,0.0,0.0,0.0,3.9,3.5,4.1,3.9,0.2657603937607214
2026-01-03 16:53:43,662b4e8e1afb9c00172d865c,0.0,0.0,0.0,0.0,3.9,3.5,4.1,3.9,0.2657603937607214
2026-01-03 16:53:43,66b1c190779f740018673ed4,0.0,0.0,0.0,0.0,3.9,3.5,4.1,3.9,0.2657603937607214
2026-01-03 16:53:43,662b7f9f1afb9c00172dca50,0.0,0.0,0.0,0.0,3.9,3.5,4.1,3.9,0.2657603937607214
2026-01-03 16:53:43,68a589294e89b100173b61d9,0.0,0.0,0.0,0.0,3.9,3.5,4.1,3.9,0.2657603937607214
2026-01-03 16:53:43,58747923b807da0011e33cf5,0.0,0.0,0.0,0.0,3.9,3.5,4.1,3.9,0.2657603937607214
2026-01-03 16:53:43,63ae7af4bfd3d90017e8f32c,0.0,0.0,0.0,0.0,3.9,3.5,4.1,3.9,0.2657603937607214
2026-01-03 16:53:43,5875d4f8b807da0011e33d1a,0.0,0.0,0.0,0.0,3.9,3.5,4.1,3.9,0.2657603937607214
2026-01-03 16:53:43,595d92013dcfc400106f2877,0.0,0.0,0.0,0.0,3.9,3.5,4.1,3.9,0.2657603937607214
2026-01-03 16:53:43,681886f26dfb4b0018f8f31a,0.0,0.0,0.0,0.0,3.9,3.5,4.1,3.9,0.2657603937607214
2026-01-03 16:53:43,662b80721afb9c00172dcb28,0.0,0.0,0.0,0.0,3.9,3.5,4.1,3.9,0.2657603937607214
2026-01-03 16:53:43,59ca2f4402eb490011a0a3f9,0.0,0.0,0.0,0.0,3.9,3.5,4.1,3.9,0.2657603937607214
2026-01-03 16:53:43,586e1f18f9fab7001111b0a5,0.0,0.0,0.0,0.0,3.9,3.5,4.1,3.9,0.2657603937607214
2026-01-03 16:53:43,681891e26dfb4b0018f90a69,0.0,0.0,0.0,0.0,3.9,3.5,4.1,3.9,0.2657603937607214
2026-01-03 16:53:43,5d9de3c2766c880017188cb3,0.0,0.0,0.0,0.0,3.9,3.5,4.1,3.9,0.2657603937607214
2026-01-03 16:53:43,63ae7cfcbfd3d90017e8f422,0.0,0.0,0.0,0.0,3.9,3.5,4.1,3.9,0.3
2026-01-03 16:53:43,5b0e1faacddcc80011ceb449,0.0,0.0,0.0,0.0,3.9,3.5,4.1,3.9,0.2657603937607214
2026-01-03 16:53:43,63b65fa9bfd3d90017eaa449,0.0,0.0,0.0,0.0,3.9,3.5,4.1,3.9,0.3
2026-01-03 16:53:43,6623e5066f998a001b252317,0.0,0.0,0.0,0.0,3.9,3.5,4.1,3.9,0.2657603937607214
2026-01-03 16:53:43,662b5c141afb9c00172d93d7,0.0,0.0,0.0,0.0,3.9,3.5,4.1,3.9,0.2657603937607214
2026-01-03 16:53:43,66b1c158779f740018673eb4,0.0,0.0,0.0,0.0,3.9,3.5,4.1,3.9,0.2657603937607214
2026-01-03 16:53:43,56df8381c062921100c143e2,0.0,0.0,0.0,0.0,3.9,3.5,4.1,3.9,0.2657603937607214
2026-01-03 16:53:43,5d8cd1f9766c880017188938,0.0,0.0,0.0,0.0,3.9,3.5,4.1,3.9,0.3
2026-01-03 16:53:43,595da2dd3dcfc400106f2885,0.0,0.0,0.0,0.0,3.9,3.5,4.1,3.9,0.2657603937607214
2026-01-03 16:53:43,595f80e83dcfc400106f28e4,0.0,0.0,0.0,0.0,3.9,3.5,4.1,3.9,0.2657603937607214
2026-01-03 16:53:43,631955e7c9eae60017a1c30a,0.0,0.0,0.0,0.0,3.9,3.5,4.1,3.9,0.2657603937607214
2026-01-03 16:53:43,5a6060e08576340017d0660f,0.0,0.0,0.0,0.0,3.9,3.5,4.1,3.9,0.2657603937607214
2026-01-03 16:53:43,5a607ea98576340017d0666d,0.0,0.0,0.0,0.0,3.9,3.5,4.1,3.9,0.3
2026-01-03 16:53:43,63b548c3bfd3d90017ea77c0,0.0,0.0,0.0,0.0,3.9,3.5,4.1,3.9,0.2657603937607214
2026-01-03 16:53:43,662a8c931afb9c00172d2901,0.0,0.0,0.0,0.0,3.9,3.5,4.1,3.9,0.2657603937607214
2026-01-03 16:53:43,63195556c9eae60017a1c2ba,0.0,0.0,0.0,0.0,3.9,3.5,4.1,3.9,0.2657603937607214
2026-01-03 16:53:43,58df4adedc195800111e04b4,0.0,0.0,0.0,0.0,3.9,3.5,4.1,3.9,0.2657603937607214
2026-01-03 16:53:43,59ca301902eb490011a0a400,0.0,0.0,0.0,0.0,3.9,3.5,4.1,3.9,0.2657603937607214
2026-01-03 16:53:43,584e738361cfea0012cf6951,0.0,0.0,0.0,0.0,3.9,3.5,4.1,3.9,0.2657603937607214
2026-01-03 16:53:43,583f958161cfea0012cf68f5,0.0,0.0,0.0,0.0,3.9,3.5,4.1,3.9,0.2657603937607214
2026-01-03 16:53:43,6922921744912200174bc71d,0.0,0.0,0.0,0.0,3.9,3.5,4.1,3.9,0.2657603937607214
2026-01-03 16:53:43,5a8253615058170011f6eabf,0.0,0.0,0.0,0.0,3.9,3.5,4.1,3.9,0.2657603937607214
2026-01-03 16:53:43,5deb576d1dc17d7c5515ad0f,0.0,0.0,0.0,0.0,3.9,3.5,4.1,3.9,0.2657603937607214
2026-01-03 16:53:43,68fae2b66b936b00172186e5,0.0,0.0,0.0,0.0,3.9,3.5,4.1,3.9,0.2657603937607214
2026-01-03 16:53:43,662b51761afb9c00172d88ef,0.0,0.0,0.0,0.0,3.9,3.5,4.1,3.9,0.2657603937607214
2026-01-03 16:53:43,68a5873d4e89b100173b5f60,0.0,0.0,0.0,0.0,3.9,3.5,4.1,3.9,0.2657603937607214
2026-01-03 16:53:43,66b1c370779f7400186740b3,0.0,0.0,0.0,0.0,3.9,3.5,4.1,3.9,0.2657603937607214
2026-01-03 16:53:43,6623ec376f998a001b252671,0.0,0.0,0.0,0.0,3.9,3.5,4.1,3.9,0.2657603937607214
2026-01-03 16:53:43,59ca2e6002eb490011a0a3f3,0.0,0.0,0.0,0.0,3.9,3.5,4.1,3.9,0.3
2026-01-03 16:53:43,5b6c1618ca0577001163fe3c,0.0,0.0,0.0,0.0,3.9,3.5,4.1,3.9,0.3
2026-01-03 16:53:43,5deb576d1dc17d7c5515ad22,0.0,0.0,0.0,0.0,3.9,3.5,4.1,3.9,0.2657603937607214
2026-01-03 16:53:43,63b664d2bfd3d90017eaaa0f,0.0,0.0,0.0,0.0,3.9,3.5,4.1,3.9,0.2657603937607214
2026-01-03 16:53:43,56df85bdc062921100c143e8,0.0,0.0,0.0,0.0,3.9,3.5,4.1,3.9,0.3
2026-01-03 16:53:43,662b85031afb9c00172dd0dc,0.0,0.0,0.0,0.0,3.9,3.5,4.1,3.9,0.2657603937607214
2026-01-03 16:53:43,58d7b5a7c1e33c00112b320a,0.0,0.0,0.0,0.0,3.9,3.5,4.1,3.9,0.2657603937607214
2026-01-03 16:53:43,662a8f3a1afb9c00172d2b31,0.0,0.0,0.0,0.0,3.9,3.5,4.1,3.9,0.2657603937607214
2026-01-03 16:53:43,58aff01fbd82540010390c50,0.0,0.0,0.0,0.0,3.9,3.5,4.1,3.9,0.2657603937607214
2026-01-03 16:53:43,5d8cdb9f766c880017188968,0.0,0.0,0.0,0.0,3.9,3.5,4.1,3.9,0.2657603937607214
2026-01-03 16:53:43,5a6085fb8576340017d06686,0.0,0.0,0.0,0.0,3.9,3.5,4.1,3.9,0.2657603937607214
2026-01-03 16:53:43,59ca31d602eb490011a0a40b,0.0,0.0,0.0,0.0,3.9,3.5,4.1,3.9,0.2657603937607214
2026-01-03 16:53:43,587c782db807da0011e33d3b,0.0,0.0,0.0,0.0,3.9,3.5,4.1,3.9,0.2657603937607214
2026-01-03 16:53:43,662a8d821afb9c00172d29c8,0.0,0.0,0.0,0.0,3.9,3.5,4.1,3.9,0.2657603937607214
2026-01-03 16:53:43,63ae7d29bfd3d90017e8f437,0.0,0.0,0.0,0.0,3.9,3.5,4.1,3.9,0.2657603937607214
2026-01-03 16:53:43,68ae7ee47d735d00173c7492,0.0,0.0,0.0,0.0,3.9,3.5,4.1,3.9,0.2657603937607214
2026-01-03 16:53:43,56de42f611f398ec0c48129f,0.0,0.0,0.0,0.0,3.9,3.5,4.1,3.9,0.2725713363689175
2026-01-03 16:53:43,68188b296dfb4b0018f8f9a3,0.0,0.0,0.0,0.0,3.9,3.5,4.1,3.9,0.2657603937607214
2026-01-03 16:53:43,662b80b91afb9c00172dcb5b,0.0,0.0,0.0,0.0,3.9,3.5,4.1,3.9,0.2657603937607214
2026-01-03 16:53:43,692292c044912200174bc76d,0.0,0.0,0.0,0.0,3.9,3.5,4.1,3.9,0.2657603937607214
2026-01-03 16:53:43,68188d586dfb4b0018f9018d,0.0,0.0,0.0,0.0,3.9,3.5,4.1,3.9,0.2657603937607214
2026-01-03 16:53:43,662b50261afb9c00172d87b2,0.0,0.0,0.0,0.0,3.9,3.5,4.1,3.9,0.2657603937607214
2026-01-03 16:53:43,59ca2d9d02eb490011a0a3f0,0.0,0.0,0.0,0.0,3.9,3.5,4.1,3.9,0.2657603937607214
2026-01-03 16:53:43,68a588984e89b100173b6138,0.0,0.0,0.0,0.0,3.9,3.5,4.1,3.9,0.2657603937607214
2026-01-03 16:53:43,5a8256df5058170011f6eacb,0.0,0.0,0.0,0.0,3.9,3.5,4.1,3.9,0.2657603937607214
2026-01-03 16:53:43,5deb576d1dc17d7c5515acfc,0.0,0.0,0.0,0.0,3.9,3.5,4.1,3.9,0.2657603937607214
2026-01-03 16:53:43,587c8c20b807da0011e33d47,0.0,0.0,0.0,0.0,3.9,3.5,4.1,3.9,0.2657603937607214
2026-01-03 16:53:43,58744fb0b807da0011e33cc0,0.0,0.0,0.0,0.0,3.9,3.5,4.1,3.9,0.2657603937607214
2026-01-03 16:53:43,5822f23aedeb6c0012a2d6a8,0.0,0.0,0.0,0.0,3.9,3.5,4.1,3.9,0.3
2026-01-03 16:53:43,649da495a6068200171a6cb6,0.0,0.0,0.0,0.0,3.9,3.5,4.1,3.9,0.2657603937607214
2026-01-03 17:53:59,59d3524f02eb490011a0a61b,0.0,0.0,0.0,0.0,4.1,3.9,4.1,3.7,0.3
2026-01-03 17:53:59,5a6065c58576340017d06615,0.0,0.0,0.0,0.0,4.1,3.9,4.1,3.7,0.25896784069756745
2026-01-03 17:53:59,6623f4df6f998a001b2528eb,0.0,0.0,0.0,0.0,4.1,3.9,4.1,3.7,0.25896784069756745
2026-01-03 17:53:59,662b7ce71afb9c00172dc676,0.0,0.0,0.0,0.0,4.1,3.9,4.1,3.7,0.25896784069756745
2026-01-03 17:53:59,583f969161cfea0012cf68f7,0.0,0.0,0.0,0.0,4.1,3.9,4.1,3.7,0.25896784069756745
2026-01-03 17:53:59,59ca317602eb490011a0a408,0.0,0.0,0.0,0.0,4.1,3.9,4.1,3.7,0.25896784069756745
2026-01-03 17:53:59,6623e8da6f998a001b2524a6,0.0,0.0,0.0,0.0,4.1,3.9,4.1,3.7,0.25896784069756745
2026-01-03 17:53:59,56de42f611f398ec0c481299,0.0,0.0,0.0,0.0,4.1,3.9,4.1,3.7,0.25896784069756745
2026-01-03 17:53:59,66b1c426779f74001867415e,0.0,0.0,0.0,0.0,4.1,3.9,4.1,3.7,0.25896784069756745
2026-01-03 17:53:59,595dc29c3dcfc400106f2894,0.0,0.0,0.0,0.0,4.1,3.9,4.1,3.7,0.25896784069756745
2026-01-03 17:53:59,5d9de4de766c880017188cbb,0.0,0.0,0.0,0.0,4.1,3.9,4.1,3.7,0.25896784069756745
2026-01-03 17:53:59,6623f44f6f998a001b2528aa,0.0,0.0,0.0,0.0,4.1,3.9,4.1,3.7,0.25896784069756745
2026-01-03 17:53:59,662a881a1afb9c00172d2559,0.0,0.0,0.0,0.0,4.1,3.9,4.1,3.7,0.25896784069756745
2026-01-03 17:53:59,5a605f828576340017d06608,0.0,0.0,0.0,0.0,4.1,3.9,4.1,3.7,0.3
2026-01-03 17:53:59,68188fe36dfb4b0018f90520,0.0,0.0,0.0,0.0,4.1,3.9,4.1,3.7,0.3
2026-01-03 17:53:59,5deb576d1dc17d7c5515ad15,0.0,0.0,0.0,0.0,4.1,3.9,4.1,3.7,0.25896784069756745
2026-01-03 17:53:59,5b8b2323ca057700116405d0,0.0,0.0,0.0,0.0,4.1,3.9,4.1,3.7,0.25896784069756745
2026-01-03 17:53:59,68188a226dfb4b0018f8f70a,0.0,0.0,0.0,0.0,4.1,3.9,4.1,3.7,0.25896784069756745
2026-01-03 17:53:59,681889a96dfb4b0018f8f67e,0.0,0.0,0.0,0.0,4.1,3.9,4.1,3.7,0.25896784069756745
2026-01-03 17:53:59,63ae7a50bfd3d90017e8f2b2,0.0,0.0,0.0,0.0,4.1,3.9,4.1,3.7,0.25896784069756745
2026-01-03 17:53:59,587ee0ecb807da0011e33d50,0.0,0.0,0.0,0.0,4.1,3.9,4.1,3.7,0.27228657219394764
2026-01-03 17:53:59,56de42f611f398ec0c48128f,0.0,0.0,0.0,0.0,4.1,3.9,4.1,3.7,0.25896784069756745
2026-01-03 17:53:59,56de42f611f398ec0c4812a2,0.0,0.0,0.0,0.0,4.1,3.9,4.1,3.7,0.25896784069756745
2026-01-03 17:53:59,6922934b44912200174bc7ec,0.0,0.0,0.0,0.0,4.1,3.9,4.1,3.7,0.25896784069756745
2026-01-03 17:53:59,63bd1f21bfd3d90017ec3d04,0.0,0.0,0.0,0.0,4.1,3.9,4.1,3.7,0.25896784069756745
2026-01-03 17:53:59,58df4d95dc195800111e04b9,0.0,0.0,0.0,0.0,4.1,3.9,4.1,3.7,0.25896784069756745
2026-01-03 17:53:59,586e28a0f9fab7001111b0b3,0.0,0.0,0.0,0.0,4.1,3.9,4.1,3.7,0.25896784069756745
2026-01-03 17:53:59,595dd8463dcfc400106f28b2,0.0,0.0,0.0,0.0,4.1,3.9,4.1,3.7,0.25896784069756745
2026-01-03 17:53:59,662b81721afb9c00172dcc44,0.0,0.0,0.0,0.0,4.1,3.9,4.1,3.7,0.25896784069756745
2026-01-03 17:53:59,67e217c43215f90017863bc8,0.0,0.0,0.0,0.0,4.1,3.9,4.1,3.7,0.25896784069756745
2026-01-03 17:53:59,66b1c3c2779f740018674125,0.0,0.0,0.0,0.0,4.1,3.9,4.1,3.7,0.25896784069756745
2026-01-03 17:53:59,5a8269c45058170011f6eae4,0.0,0.0,0.0,0.0,4.1,3.9,4.1,3.7,0.25896784069756745
2026-01-03 17:53:59,56de42f611f398ec0c481297,0.0,0.0,0.0,0.0,4.1,3.9,4.1,3.7,0.25896784069756745
2026-01-03 17:53:59,5822adbbedeb6c0012a2d65f,0.0,0.0,0.0,0.0,4.1,3.9,4.1,3.7,0.25896784069756745
2026-01-03 17:53:59,5deb576d1dc17d7c5515ad00,0.0,0.0,0.0,0.0,4.1,3.9,4.1,3.7,0.3
2026-01-03 17:53:59,5a823e425058170011f6eaa4,0.0,0.0,0.0,0.0,4.1,3.9,4.1,3.7,0.25896784069756745
2026-01-03 17:53:59,649da72ca6068200171a6dbb,0.0,0.0,0.0,0.0,4.1,3.9,4.1,3.7,0.25896784069756745
2026-01-03 17:53:59,5a6088218576340017d06693,0.0,0.0,0.0,0.0,4.1,3.9,4.1,3.7,0.25896784069756745
2026-01-03 17:53:59,63b65fd8bfd3d90017eaa461,0.0,0.0,0.0,0.0,4.1,3.9,4.1,3.7,0.25896784069756745
2026-01-03 17:53:59,5deb576d1dc17d7c5515ad08,0.0,0.0,0.0,0.0,4.1,3.9,4.1,3.7,0.25896784069756745
2026-01-03 17:53:59,595dc70d3dcfc400106f289a,0.0,0.0,0.0,0.0,4.1,3.9,4.1,3.7,0.3
2026-01-03 17:53:59,63b65ebebfd3d90017eaa3ae,0.0,0.0,0.0,0.0,4.1,3.9,4.1,3.7,0.25896784069756745
2026-01-03 17:53:59,5874769eb807da0011e33cec,0.0,0.0,0.0,0.0,4.1,3.9,4.1,3.7,0.25896784069756745
2026-01-03 17:53:59,63b660f8bfd3d90017eaa4ea,0.0,0.0,0.0,0.0,4.1,3.9,4.1,3.7,0.25896784069756745
2026-01-03 17:53:59,58af994abd82540010390c37,0.0,0.0,0.0,0.0,4.1,3.9,4.1,3.7,0.25896784069756745
2026-01-03 17:53:59,56df8108c062921100c143db,0.0,0.0,0.0,0.0,4.1,3.9,4.1,3.7,0.25896784069756745
2026-01-03 17:53:59,63ae7903bfd3d90017e8f211,0.0,0.0,0.0,0.0,4.1,3.9,4.1,3.7,0.25896784069756745
2026-01-03 17:53:59,63ae7727bfd3d90017e8f14a,0.0,0.0,0.0,0.0,4.1,3.9,4.1,3.7,0.25896784069756745
2026-01-03 17:53:59,6623f36e6f998a001b252878,0.0,0.0,0.0,0.0,4.1,3.9,4.1,3.7,0.25896784069756745
2026-01-03 17:53:59,5d9ddec9766c880017188c9c,0.0,0.0,0.0,0.0,4.1,3.9,4.1,3.7,0.25896784069756745
2026-01-03 17:53:59,5deb576d1dc17d7c5515ad02,0.0,0.0,0.0,0.0,4.1,3.9,4.1,3.7,0.25896784069756745
2026-01-03 17:53:59,681885ff6dfb4b0018f8f1ee,0.0,0.0,0.0,0.0,4.1,3.9,4.1,3.7,0.25896784069756745
2026-01-03 17:53:59,63ae79aabfd3d90017e8f26a,0.0,0.0,0.0,0.0,4.1,3.9,4.1,3.7,0.25896784069756745
2026-01-03 17:53:59,5d8cd7fb766c880017188954,0.0,0.0,0.0,0.0,4.1,3.9,4.1,3.7,0.25896784069756745
2026-01-03 17:53:59,56de42f611f398ec0c481293,0.0,0.0,0.0,0.0,4.1,3.9,4.1,3.7,0.25896784069756745
2026-01-03 17:53:59,63b66089bfd3d90017eaa4bd,0.0,0.0,0.0,0.0,4.1,3.9,4.1,3.7,0.25896784069756745
2026-01-03 17:53:59,63ae798abfd3d90017e8f255,0.0,0.0,0.0,0.0,4.1,3.9,4.1,3.7,0.25896784069756745
2026-01-03 17:53:59,662a89f51afb9c00172d26ef,0.0,0.0,0.0,0.0,4.1,3.9,4.1,3.7,0.25896784069756745
2026-01-03 17:53:59,6318287ec9eae60017a19f36,0.0,0.0,0.0,0.0,4.1,3.9,4.1,3.7,0.25896784069756745
2026-01-03 17:53:59,6792f3058c5ed4001b27f58e,0.0,0.0,0.0,0.0,4.1,3.9,4.1,3.7,0.25896784069756745
2026-01-03 17:53:59,587476e3b807da0011e33cee,0.0,0.0,0.0,0.0,4.1,3.9,4.1,3.7,0.25896784069756745
2026-01-03 17:53:59,597bf277faa7ea0011c7c29f,0.0,0.0,0.0,0.0,4.1,3.9,4.1,3.7,0.25896784069756745
2026-01-03 17:53:59,5d9de49d766c880017188cb9,0.0,0.0,0.0,0.0,4.1,3.9,4.1,3.7,0.25896784069756745
2026-01-03 17:53:59,5d9ddf49766c880017188ca0,0.0,0.0,0.0,0.0,4.1,3.9,4.1,3.7,0.25896784069756745
2026-01-03 17:53:59,63ae763bbfd3d90017e8f0c4,0.0,0.0,0.0,0.0,4.1,3.9,4.1,3.7,0.25896784069756745
2026-01-03 17:53:59,5d8cda6a766c880017188960,0.0,0.0,0.0,0.0,4.1,3.9,4.1,3.7,0.25896784069756745
2026-01-03 17:53:59,662b80e81afb9c00172dcbec,0.0,0.0,0.0,0.0,4.1,3.9,4.1,3.7,0.25896784069756745
2026-01-03 17:53:59,681826506dfb4b0018f83e64,0.0,0.0,0.0,0.0,4.1,3.9,4.1,3.7,0.3
2026-01-03 17:53:59,662a86a11afb9c00172d2410,0.0,0.0,0.0,0.0,4.1,3.9,4.1,3.7,0.25896784069756745
2026-01-03 17:53:59,5a6083198576340017d0667a,0.0,0.0,0.0,0.0,4.1,3.9,4.1,3.7,0.25896784069756745
2026-01-03 17:53:59,56de42f611f398ec0c48128b,0.0,0.0,0.0,0.0,4.1,3.9,4.1,3.7,0.25896784069756745
2026-01-03 17:53:59,58e49ff8d9d6200011e0b9d4,0.0,0.0,0.0,0.0,4.1,3.9,4.1,3.7,0.25896784069756745
2026-01-03 17:53:59,6922924644912200174bc737,0.0,0.0,0.0,0.0,4.1,3.9,4.1,3.7,0.25896784069756745
2026-01-03 17:53:59,681885a26dfb4b0018f8f176,0.0,0.0,0.0,0.0,4.1,3.9,4.1,3.7,0.25896784069756745
2026-01-03 17:53:59,5a8241105058170011f6eaa6,0.0,0.0,0.0,0.0,4.1,3.9,4.1,3.7,0.25896784069756745
2026-01-03 17:53:59,65e054fb6b18080018db6632,0.0,0.0,0.0,0.0,4.1,3.9,4.1,3.7,0.25896784069756745
2026-01-03 17:53:59,5a825ded5058170011f6ead7,0.0,0.0,0.0,0.0,4.1,3.9,4.1,3.7,0.25896784069756745
2026-01-03 17:53:59,5d8cdb0a766c880017188964,0.0,0.0,0.0,0.0,4.1,3.9,4.1,3.7,0.25896784069756745
2026-01-03 17:53:59,68188bb96dfb4b0018f8fdbf,0.0,0.0,0.0,0.0,4.1,3.9,4.1,3.7,0.25896784069756745
2026-01-03 17:53:59,56df833ac062921100c143e1,0.0,0.0,0.0,0.0,4.1,3.9,4.1,3.7,0.3
2026-01-03 17:53:59,6792efe48c5ed4001b27f336,0.0,0.0,0.0,0.0,4.1,3.9,4.1,3.7,0.25896784069756745
2026-01-03 17:53:59,63b5503bbfd3d90017ea7ccc,0.0,0.0,0.0,0.0,4.1,3.9,4.1,3.7,0.25896784069756745
2026-01-03 17:53:59,662a873b1afb9c00172d2483,0.0,0.0,0.0,0.0,4.1,3.9,4.1,3.7,0.25896784069756745
2026-01-03 17:53:59,66b1c3fa779f740018674146,0.0,0.0,0.0,0.0,4.1,3.9,4.1,3.7,0.25896784069756745
2026-01-03 17:53:59,5ad0621c98d8fc001102e268,0.0,0.0,0.0,0.0,4.1,3.9,4.1,3.7,0.25896784069756745
2026-01-03 17:53:59,66b1c34d779f74001867409e,0.0,0.0,0.0,0.0,4.1,3.9,4.1,3.7,0.25896784069756745
2026-01-03 17:53:59,595f89323dcfc400106f28ee,0.0,0.0,0.0,0.0,4.1,3.9,4.1,3.7,0.25896784069756745
2026-01-03 17:53:59,56de42f611f398ec0c48128c,0.0,0.0,0.0,0.0,4.1,3.9,4.1,3.7,0.25896784069756745
2026-01-03 17:53:59,662b558c1afb9c00172d8ed2,0.0,0.0,0.0,0.0,4.1,3.9,4.1,3.7,0.25896784069756745
2026-01-03 17:53:59,6623f4836f998a001b2528bf,0.0,0.0,0.0,0.0,4.1,3.9,4.1,3.7,0.25896784069756745
2026-01-03 17:53:59,662b85bf1afb9c00172dd149,0.0,0.0,0.0,0.0,4.1,3.9,4.1,3.7,0.25896784069756745
2026-01-03 17:53:59,595d98fc3dcfc400106f287b,0.0,0.0,0.0,0.0,4.1,3.9,4.1,3.7,0.3
2026-01-03 17:53:59,6818887f6dfb4b0018f8f54c,0.0,0.0,0.0,0.0,4.1,3.9,4.1,3.7,0.25896784069756745
2026-01-03 17:53:59,63b54bcdbfd3d90017ea7a82,0.0,0.0,0.0,0.0,4.1,3.9,4.1,3.7,0.25896784069756745
2026-01-03 17:53:59,68eddd0a230ee50017d040b2,0.0,0.0,0.0,0.0,4.1,3.9,4.1,3.7,0.25896784069756745
2026-01-03 17:53:59,68a587d54e89b100173b6021,0.0,0.0,0.0,0.0,4.1,3.9,4.1,3.7,0.25896784069756745
2026-01-03 17:53:59,5b5995a3fd4edb0019c7d9ab,0.0,0.0,0.0,0.0,4.1,3.9,4.1,3.7,0.25896784069756745
2026-01-03 17:53:59,692291f044912200174bc703,0.0,0.0,0.0,0.0,4.1,3.9,4.1,3.7,0.25896784069756745
2026-01-03 17:53:59,662b81a31afb9c00172dcc65,0.0,0.0,0.0,0.0,4.1,3.9,4.1,3.7,0.2725713363689175
2026-01-03 17:53:59,5deb576d1dc17d7c5515acf6,0.0,0.0,0.0,0.0,4.1,3.9,4.1,3.7,0.25896784069756745
2026-01-03 17:53:59,58746488b807da0011e33cd7,0.0,0.0,0.0,0.0,4.1,3.9,4.1,3.7,0.25896784069756745
2026-01-03 17:53:59,662b83381afb9c00172dcf88,0.0,0.0,0.0,0.0,4.1,3.9,4.1,3.7,0.25896784069756745
2026-01-03 17:53:59,5822b5ededeb6c0012a2d66a,0.0,0.0,0.0,0.0,4.1,3.9,4.1,3.7,0.25896784069756745
2026-01-03 17:53:59,63b660d8bfd3d90017eaa4d5,0.0,0.0,0.0,0.0,4.1,3.9,4.1,3.7,0.25896784069756745
2026-01-03 17:53:59,63ae7be0bfd3d90017e8f3a8,0.0,0.0,0.0,0.0,4.1,3.9,4.1,3.7,0.25896784069756745
2026-01-03 17:53:59,63b54a04bfd3d90017ea783e,0.0,0.0,0.0,0.0,4.1,3.9,4.1,3.7,0.2657603937607214
2026-01-03 17:53:59,63b54f70bfd3d90017ea7c86,0.0,0.0,0.0,0.0,4.1,3.9,4.1,3.7,0.25896784069756745
2026-01-03 17:53:59,5a8267fe5058170011f6eae1,0.0,0.0,0.0,0.0,4.1,3.9,4.1,3.7,0.27940071830835006
2026-01-03 17:53:59,595d984b3dcfc400106f2879,0.0,0.0,0.0,0.0,4.1,3.9,4.1,3.7,0.25896784069756745
2026-01-03 17:53:59,5b25a268f13cba001124e713,0.0,0.0,0.0,0.0,4.1,3.9,4.1,3.7,0.3
2026-01-03 17:53:59,63ae768dbfd3d90017e8f0f1,0.0,0.0,0.0,0.0,4.1,3.9,4.1,3.7,0.25896784069756745
2026-01-03 17:53:59,6818884f6dfb4b0018f8f50f,0.0,0.0,0.0,0.0,4.1,3.9,4.1,3.7,0.25896784069756745
2026-01-03 17:53:59,662a89ae1afb9c00172d26ad,0.0,0.0,0.0,0.0,4.1,3.9,4.1,3.7,0.25896784069756745
2026-01-03 17:53:59,63b54a70bfd3d90017ea7862,0.0,0.0,0.0,0.0,4.1,3.9,4.1,3.7,0.25896784069756745
2026-01-03 17:53:59,58e49783d9d6200011e0b9ce,0.0,0.0,0.0,0.0,4.1,3.9,4.1,3.7,0.25896784069756745
2026-01-03 17:53:59,5deb576d1dc17d7c5515ad0c,0.0,0.0,0.0,0.0,4.1,3.9,4.1,3.7,0.25896784069756745
2026-01-03 17:53:59,6623ef776f998a001b252768,0.0,0.0,0.0,0.0,4.1,3.9,4.1,3.7,0.25896784069756745
2026-01-03 17:53:59,58d7bbf2c1e33c00112b3216,0.0,0.0,0.0,0.0,4.1,3.9,4.1,3.7,0.25896784069756745
2026-01-03 17:53:59,662b51d21afb9c00172d89bf,0.0,0.0,0.0,0.0,4.1,3.9,4.1,3.7,0.25896784069756745
2026-01-03 17:53:59,58746295b807da0011e33ccb,0.0,0.0,0.0,0.0,4.1,3.9,4.1,3.7,0.25896784069756745
2026-01-03 17:53:59,585b2baec3f96200127dc508,0.0,0.0,0.0,0.0,4.1,3.9,4.1,3.7,0.25896784069756745
2026-01-03 17:53:59,5a606cd08576340017d06628,0.0,0.0,0.0,0.0,4.1,3.9,4.1,3.7,0.25896784069756745
2026-01-03 17:53:59,662b80051afb9c00172dcaf6,0.0,0.0,0.0,0.0,4.1,3.9,4.1,3.7,0.25896784069756745
2026-01-03 17:53:59,5d8cd253766c88001718893a,0.0,0.0,0.0,0.0,4.1,3.9,4.1,3.7,0.3
2026-01-03 17:53:59,662b5bc31afb9c00172d92e2,0.0,0.0,0.0,0.0,4.1,3.9,4.1,3.7,0.25896784069756745
2026-01-03 17:53:59,662b58401afb9c00172d90f5,0.0,0.0,0.0,0.0,4.1,3.9,4.1,3.7,0.25896784069756745
2026-01-03 17:53:59,5874644cb807da0011e33cd5,0.0,0.0,0.0,0.0,4.1,3.9,4.1,3.7,0.25896784069756745
2026-01-03 17:53:59,662b867b1afb9c00172dd250,0.0,0.0,0.0,0.0,4.1,3.9,4.1,3.7,0.25896784069756745
2026-01-03 17:53:59,597bf0b8faa7ea0011c7c293,0.0,0.0,0.0,0.0,4.1,3.9,4.1,3.7,0.25896784069756745
2026-01-03 17:53:59,5a10c79f02eb490011a0b0dd,0.0,0.0,0.0,0.0,4.1,3.9,4.1,3.7,0.25896784069756745
2026-01-03 17:53:59,68188af96dfb4b0018f8f8e4,0.0,0.0,0.0,0.0,4.1,3.9,4.1,3.7,0.25896784069756745
2026-01-03 17:53:59,662b83ff1afb9c00172dcffb,0.0,0.0,0.0,0.0,4.1,3.9,4.1,3.7,0.25896784069756745
2026-01-03 17:53:59,5deb576d1dc17d7c5515ad19,0.0,0.0,0.0,0.0,4.1,3.9,4.1,3.7,0.25896784069756745
2026-01-03 17:53:59,5b6329fdfd4edb0019c7dc0b,0.0,0.0,0.0,0.0,4.1,3.9,4.1,3.7,0.3
2026-01-03 17:53:59,589add0fb3bf7600110283ae,0.0,0.0,0.0,0.0,4.1,3.9,4.1,3.7,0.25896784069756745
2026-01-03 17:53:59,5deb576d1dc17d7c5515ad01,0.0,0.0,0.0,0.0,4.1,3.9,4.1,3.7,0.25896784069756745
2026-01-03 17:53:59,58abbf72bd82540010390ba4,0.0,0.0,0.0,0.0,4.1,3.9,4.1,3.7,0.25896784069756745
2026-01-03 17:53:59,6623f1f16f998a001b25281f,0.0,0.0,0.0,0.0,4.1,3.9,4.1,3.7,0.25896784069756745
2026-01-03 17:53:59,58ad6961bd82540010390be5,0.0,0.0,0.0,0.0,4.1,3.9,4.1,3.7,0.25896784069756745
2026-01-03 17:53:59,59ca2fa302eb490011a0a3fd,0.0,0.0,0.0,0.0,4.1,3.9,4.1,3.7,0.3
2026-01-03 17:53:59,5a606dbc8576340017d0662b,0.0,0.0,0.0,0.0,4.1,3.9,4.1,3.7,0.25896784069756745
2026-01-03 17:53:59,662b52a31afb9c00172d8b01,0.0,0.0,0.0,0.0,4.1,3.9,4.1,3.7,0.25896784069756745
2026-01-03 17:53:59,58abbee5bd82540010390ba2,0.0,0.0,0.0,0.0,4.1,3.9,4.1,3.7,0.25896784069756745
2026-01-03 17:53:59,662a8ef41afb9c00172d2af2,0.0,0.0,0.0,0.0,4.1,3.9,4.1,3.7,0.2657603937607214
2026-01-03 17:53:59,6623f5b56f998a001b25292f,0.0,0.0,0.0,0.0,4.1,3.9,4.1,3.7,0.25896784069756745
2026-01-03 17:53:59,66b1c398779f7400186740e3,0.0,0.0,0.0,0.0,4.1,3.9,4.1,3.7,0.25896784069756745
2026-01-03 17:53:59,58d7b756c1e33c00112b320d,0.0,0.0,0.0,0.0,4.1,3.9,4.1,3.7,0.25896784069756745
2026-01-03 17:53:59,6623e31e6f998a001b252250,0.0,0.0,0.0,0.0,4.1,3.9,4.1,3.7,0.25896784069756745
2026-01-03 17:53:59,5deb576d1dc17d7c5515acfe,0.0,0.0,0.0,0.0,4.1,3.9,4.1,3.7,0.25896784069756745
2026-01-03 17:53:59,6792f3cf8c5ed4001b27f61e,0.0,0.0,0.0,0.0,4.1,3.9,4.1,3.7,0.25896784069756745
2026-01-03 17:53:59,58df4e22dc195800111e04bb,0.0,0.0,0.0,0.0,4.1,3.9,4.1,3.7,0.25896784069756745
2026-01-03 17:53:59,58d7b3e8c1e33c00112b3207,0.0,0.0,0.0,0.0,4.1,3.9,4.1,3.7,0.3
2026-01-03 17:53:59,5d8cdc57766c88001718896e,0.0,0.0,0.0,0.0,4.1,3.9,4.1,3.7,0.25896784069756745
2026-01-03 17:53:59,66f1266f538c780017c93579,0.0,0.0,0.0,0.0,4.1,3.9,4.1,3.7,0.25896784069756745
2026-01-03 17:53:59,5ad0679598d8fc001102e274,0.0,0.0,0.0,0.0,4.1,3.9,4.1,3.7,0.25896784069756745
2026-01-03 17:53:59,5a824b6c5058170011f6eaab,0.0,0.0,0.0,0.0,4.1,3.9,4.1,3.7,0.3
2026-01-03 17:53:59,62da3e840637a10017d7073d,0.0,0.0,0.0,0.0,4.1,3.9,4.1,3.7,0.25896784069756745
2026-01-03 17:53:59,56de42f611f398ec0c481288,0.0,0.0,0.0,0.0,4.1,3.9,4.1,3.7,0.25896784069756745
2026-01-03 17:53:59,5d8cd614766c88001718894a,0.0,0.0,0.0,0.0,4.1,3.9,4.1,3.7,0.25896784069756745
2026-01-03 17:53:59,5a824f975058170011f6eab8,0.0,0.0,0.0,0.0,4.1,3.9,4.1,3.7,0.25896784069756745
2026-01-03 17:53:59,5a824c3e5058170011f6eaae,0.0,0.0,0.0,0.0,4.1,3.9,4.1,3.7,0.25896784069756745
2026-01-03 17:53:59,5deb576d1dc17d7c5515acf9,0.0,0.0,0.0,0.0,4.1,3.9,4.1,3.7,0.25896784069756745
2026-01-03 17:53:59,587470c2b807da0011e33ce4,0.0,0.0,0.0,0.0,4.1,3.9,4.1,3.7,0.25896784069756745
2026-01-03 17:53:59,68188cbf6dfb4b0018f900e9,0.0,0.0,0.0,0.0,4.1,3.9,4.1,3.7,0.25896784069756745
2026-01-03 17:53:59,67e217ea3215f90017863bf1,0.0,0.0,0.0,0.0,4.1,3.9,4.1,3.7,0.25896784069756745
2026-01-03 17:53:59,68ede6d0230ee50017d04d4c,0.0,0.0,0.0,0.0,4.1,3.9,4.1,3.7,0.25896784069756745
2026-01-03 17:53:59,584e734a61cfea0012cf694f,0.0,0.0,0.0,0.0,4.1,3.9,4.1,3.7,0.25896784069756745
2026-01-03 17:53:59,662b7f251afb9c00172dc8bc,0.0,0.0,0.0,0.0,4.1,3.9,4.1,3.7,0.25896784069756745
2026-01-03 17:53:59,6623ec826f998a001b252686,0.0,0.0,0.0,0.0,4.1,3.9,4.1,3.7,0.25896784069756745
2026-01-03 17:53:59,5deb576d1dc17d7c5515ad23,0.0,0.0,0.0,0.0,4.1,3.9,4.1,3.7,0.25896784069756745
2026-01-03 17:53:59,6922939144912200174bc80c,0.0,0.0,0.0,0.0,4.1,3.9,4.1,3.7,0.25896784069756745
2026-01-03 17:53:59,595d9ba43dcfc400106f2880,0.0,0.0,0.0,0.0,4.1,3.9,4.1,3.7,0.3
2026-01-03 17:53:59,6818863c6dfb4b0018f8f235,0.0,0.0,0.0,0.0,4.1,3.9,4.1,3.7,0.25896784069756745
2026-01-03 17:53:59,589ad89eb3bf7600110283ac,0.0,0.0,0.0,0.0,4.1,3.9,4.1,3.7,0.25896784069756745
2026-01-03 17:53:59,662b5adc1afb9c00172d925b,0.0,0.0,0.0,0.0,4.1,3.9,4.1,3.7,0.25896784069756745
2026-01-03 17:53:59,5701e22bc4350a1100e26f6c,0.0,0.0,0.0,0.0,4.1,3.9,4.1,3.7,0.3
2026-01-03 17:53:59,5b87c386ca057700116404a6,0.0,0.0,0.0,0.0,4.1,3.9,4.1,3.7,0.25896784069756745
2026-01-03 17:53:59,5d8cd542766c880017188948,0.0,0.0,0.0,0.0,4.1,3.9,4.1,3.7,0.25896784069756745
2026-01-03 17:53:59,6623e8406f998a001b252465,0.0,0.0,0.0,0.0,4.1,3.9,4.1,3.7,0.25896784069756745
2026-01-03 17:53:59,5875cef0b807da0011e33d14,0.0,0.0,0.0,0.0,4.1,3.9,4.1,3.7,0.3
2026-01-03 17:53:59,5a823d555058170011f6eaa2,0.0,0.0,0.0,0.0,4.1,3.9,4.1,3.7,0.2657603937607214
2026-01-03 17:53:59,595da2853dcfc400106f2883,0.0,0.0,0.0,0.0,4.1,3.9,4.1,3.7,0.25896784069756745
2026-01-03 17:53:59,5b632950fd4edb0019c7dc07,0.0,0.0,0.0,0.0,4.1,3.9,4.1,3.7,0.25896784069756745
2026-01-03 17:53:59,5deb576d1dc17d7c5515ad06,0.0,0.0,0.0,0.0,4.1,3.9,4.1,3.7,0.25896784069756745
2026-01-03 17:53:59,662b54711afb9c00172d8d4f,0.0,0.0,0.0,0.0,4.1,3.9,4.1,3.7,0.25896784069756745
2026-01-03 17:53:59,5a8279865058170011f6eaef,0.0,0.0,0.0,0.0,4.1,3.9,4.1,3.7,0.25896784069756745
2026-01-03 17:53:59,662b4faa1afb9c00172d875e,0.0,0.0,0.0,0.0,4.1,3.9,4.1,3.7,0.25896784069756745
2026-01-03 17:53:59,662a87641afb9c00172d24b0,0.0,0.0,0.0,0.0,4.1,3.9,4.1,3.7,0.25896784069756745
2026-01-03 17:53:59,56de42f611f398ec0c4812a1,0.0,0.0,0.0,0.0,4.1,3.9,4.1,3.7,0.2657603937607214
2026-01-03 17:53:59,63ae7669bfd3d90017e8f0d9,0.0,0.0,0.0,0.0,4.1,3.9,4.1,3.7,0.25896784069756745
2026-01-03 17:53:59,63b65e6abfd3d90017eaa361,0.0,0.0,0.0,0.0,4.1,3.9,4.1,3.7,0.25896784069756745
2026-01-03 17:53:59,662a8fd41afb9c00172d2bac,0.0,0.0,0.0,0.0,4.1,3.9,4.1,3.7,0.25896784069756745
2026-01-03 17:53:59,56f11afc3ac17b11001c504e,0.0,0.0,0.0,0.0,4.1,3.9,4.1,3.7,0.25896784069756745
2026-01-03 17:53:59,585b2b1ec3f96200127dc505,0.0,0.0,0.0,0.0,4.1,3.9,4.1,3.7,0.25896784069756745
2026-01-03 17:53:59,5a825b7d5058170011f6ead4,0.0,0.0,0.0,0.0,4.1,3.9,4.1,3.7,0.25896784069756745
2026-01-03 17:53:59,5a6069238576340017d0661c,0.0,0.0,0.0,0.0,4.1,3.9,4.1,3.7,0.25896784069756745
2026-01-03 17:53:59,662b857b1afb9c00172dd106,0.0,0.0,0.0,0.0,4.1,3.9,4.1,3.7,0.25896784069756745
2026-01-03 17:53:59,56de42f611f398ec0c481298,0.0,0.0,0.0,0.0,4.1,3.9,4.1,3.7,0.25896784069756745
2026-01-03 17:53:59,63ae75f9bfd3d90017e8f097,0.0,0.0,0.0,0.0,4.1,3.9,4.1,3.7,0.25896784069756745
2026-01-03 17:53:59,63ae7829bfd3d90017e8f1ac,0.0,0.0,0.0,0.0,4.1,3.9,4.1,3.7,0.25896784069756745
2026-01-03 17:53:59,65e0556b6b18080018db665e,0.0,0.0,0.0,0.0,4.1,3.9,4.1,3.7,0.25896784069756745
2026-01-03 17:53:59,662b81eb1afb9c00172dcc85,0.0,0.0,0.0,0.0,4.1,3.9,4.1,3.7,0.25896784069756745
2026-01-03 17:53:59,595dd9ac3dcfc400106f28b4,0.0,0.0,0.0,0.0,4.1,3.9,4.1,3.7,0.25896784069756745
2026-01-03 17:53:59,662a8cc51afb9c00172d2938,0.0,0.0,0.0,0.0,4.1,3.9,4.1,3.7,0.25896784069756745
2026-01-03 17:53:59,587654d3b807da0011e33d36,0.0,0.0,0.0,0.0,4.1,3.9,4.1,3.7,0.25896784069756745
2026-01-03 17:53:59,5990ffdbbec3b90016d2ad2d,0.0,0.0,0.0,0.0,4.1,3.9,4.1,3.7,0.25896784069756745
2026-01-03 17:53:59,5a8259035058170011f6eacf,0.0,0.0,0.0,0.0,4.1,3.9,4.1,3.7,0.3
2026-01-03 17:53:59,63b54cffbfd3d90017ea7ad0,0.0,0.0,0.0,0.0,4.1,3.9,4.1,3.7,0.25896784069756745
2026-01-03 17:53:59,589b4644b3bf7600110283ce,0.0,0.0,0.0,0.0,4.1,3.9,4.1,3.7,0.25896784069756745
2026-01-03 17:53:59,5d8cd8e2766c880017188958,0.0,0.0,0.0,0.0,4.1,3.9,4.1,3.7,0.25896784069756745
2026-01-03 17:53:59,63b54fe4bfd3d90017ea7ca2,0.0,0.0,0.0,0.0,4.1,3.9,4.1,3.7,0.3
2026-01-03 17:53:59,6623ebd76f998a001b25264d,0.0,0.0,0.0,0.0,4.1,3.9,4.1,3.7,0.25896784069756745
2026-01-03 17:53:59,5a6086e88576340017d0668a,0.0,0.0,0.0,0.0,4.1,3.9,4.1,3.7,0.25896784069756745
2026-01-03 17:53:59,681888b66dfb4b0018f8f58c,0.0,0.0,0.0,0.0,4.1,3.9,4.1,3.7,0.25896784069756745
2026-01-03 17:53:59,5b6c15b8ca0577001163fe39,0.0,0.0,0.0,0.0,4.1,3.9,4.1,3.7,0.3
2026-01-03 17:53:59,5d8cd98d766c88001718895a,0.0,0.0,0.0,0.0,4.1,3.9,4.1,3.7,0.25896784069756745
2026-01-03 17:53:59,6623ee666f998a001b252726,0.0,0.0,0.0,0.0,4.1,3.9,4.1,3.7,0.25896784069756745
2026-01-03 17:53:59,662b84c11afb9c00172dd0b5,0.0,0.0,0.0,0.0,4.1,3.9,4.1,3.7,0.25896784069756745
2026-01-03 17:53:59,662b51201afb9c00172d889a,0.0,0.0,0.0,0.0,4.1,3.9,4.1,3.7,0.25896784069756745
2026-01-03 17:53:59,56df8198c062921100c143dd,0.0,0.0,0.0,0.0,4.1,3.9,4.1,3.7,0.25896784069756745
2026-01-03 17:53:59,56de42f611f398ec0c481282,0.0,0.0,0.0,0.0,4.1,3.9,4.1,3.7,0.25896784069756745
2026-01-03 17:53:59,58df4c2bdc195800111e04b7,0.0,0.0,0.0,0.0,4.1,3.9,4.1,3.7,0.3
2026-01-03 17:53:59,6623ea416f998a001b25260a,0.0,0.0,0.0,0.0,4.1,3.9,4.1,3.7,0.25896784069756745
2026-01-03 17:53:59,662b872d1afb9c00172dd36a,0.0,0.0,0.0,0.0,4.1,3.9,4.1,3.7,0.25896784069756745
2026-01-03 17:53:59,6623e4b06f998a001b2522f1,0.0,0.0,0.0,0.0,4.1,3.9,4.1,3.7,0.25896784069756745
2026-01-03 17:53:59,56de42f611f398ec0c48127e,0.0,0.0,0.0,0.0,4.1,3.9,4.1,3.7,0.25896784069756745
2026-01-03 17:53:59,595dd3a63dcfc400106f28a7,0.0,0.0,0.0,0.0,4.1,3.9,4.1,3.7,0.25896784069756745
2026-01-03 17:53:59,68ede5d4230ee50017d04c24,0.0,0.0,0.0,0.0,4.1,3.9,4.1,3.7,0.25896784069756745
2026-01-03 17:53:59,5a8266105058170011f6eadf,0.0,0.0,0.0,0.0,4.1,3.9,4.1,3.7,0.25896784069756745
2026-01-03 17:53:59,662b5afe1afb9c00172d9284,0.0,0.0,0.0,0.0,4.1,3.9,4.1,3.7,0.25896784069756745
2026-01-03 17:53:59,5a82602c5058170011f6ead9,0.0,0.0,0.0,0.0,4.1,3.9,4.1,3.7,0.25896784069756745
2026-01-03 17:53:59,585b2980c3f96200127dc502,0.0,0.0,0.0,0.0,4.1,3.9,4.1,3.7,0.25896784069756745
2026-01-03 17:53:59,56de42f611f398ec0c481284,0.0,0.0,0.0,0.0,4.1,3.9,4.1,3.7,0.3
2026-01-03 17:53:59,662b56c51afb9c00172d9071,0.0,0.0,0.0,0.0,4.1,3.9,4.1,3.7,0.25896784069756745
2026-01-03 17:53:59,63ae7a08bfd3d90017e8f285,0.0,0.0,0.0,0.0,4.1,3.9,4.1,3.7,0.25896784069756745
2026-01-03 17:53:59,662a8b061afb9c00172d27d7,0.0,0.0,0.0,0.0,4.1,3.9,4.1,3.7,0.25896784069756745
2026-01-03 17:53:59,587ee7d7b807da0011e33d55,0.0,0.0,0.0,0.0,4.1,3.9,4.1,3.7,0.25896784069756745
2026-01-03 17:53:59,5deb576d1dc17d7c5515ad12,0.0,0.0,0.0,0.0,4.1,3.9,4.1,3.7,0.3
2026-01-03 17:53:59,662b51a41afb9c00172d8926,0.0,0.0,0.0,0.0,4.1,3.9,4.1,3.7,0.2657603937607214
2026-01-03 17:53:59,63ae7893bfd3d90017e8f1e1,0.0,0.0,0.0,0.0,4.1,3.9,4.1,3.7,0.25896784069756745
2026-01-03 17:53:59,662a8b9e1afb9c00172d284d,0.0,0.0,0.0,0.0,4.1,3.9,4.1,3.7,0.25896784069756745
2026-01-03 17:53:59,5a823ba75058170011f6ea9e,0.0,0.0,0.0,0.0,4.1,3.9,4.1,3.7,0.25896784069756745
2026-01-03 17:53:59,681887346dfb4b0018f8f36a,0.0,0.0,0.0,0.0,4.1,3.9,4.1,3.7,0.25896784069756745
2026-01-03 17:53:59,662b5a401afb9c00172d91fc,0.0,0.0,0.0,0.0,4.1,3.9,4.1,3.7,0.25896784069756745
2026-01-03 17:53:59,56df8544c062921100c143e6,0.0,0.0,0.0,0.0,4.1,3.9,4.1,3.7,0.25896784069756745
2026-01-03 17:53:59,595ddb493dcfc400106f28b6,0.0,0.0,0.0,0.0,4.1,3.9,4.1,3.7,0.3
2026-01-03 17:53:59,66b1c1f2779f740018673f0d,0.0,0.0,0.0,0.0,4.1,3.9,4.1,3.7,0.25896784069756745
2026-01-03 17:53:59,589b4379b3bf7600110283c9,0.0,0.0,0.0,0.0,4.1,3.9,4.1,3.7,0.25896784069756745
2026-01-03 17:53:59,5a60604f8576340017d0660b,0.0,0.0,0.0,0.0,4.1,3.9,4.1,3.7,0.25896784069756745
2026-01-03 17:53:59,5d8cd9cb766c88001718895c,0.0,0.0,0.0,0.0,4.1,3.9,4.1,3.7,0.293115
2026-01-03 17:53:59,6623e6b86f998a001b2523b8,0.0,0.0,0.0,0.0,4.1,3.9,4.1,3.7,0.25896784069756745
2026-01-03 17:53:59,5a8256315058170011f6eac9,0.0,0.0,0.0,0.0,4.1,3.9,4.1,3.7,0.25896784069756745
2026-01-03 17:53:59,5ad064b498d8fc001102e26f,0.0,0.0,0.0,0.0,4.1,3.9,4.1,3.7,0.25896784069756745
2026-01-03 17:53:59,58af8d68bd82540010390c2e,0.0,0.0,0.0,0.0,4.1,3.9,4.1,3.7,0.25896784069756745
2026-01-03 17:53:59,65e0552f6b18080018db6647,0.0,0.0,0.0,0.0,4.1,3.9,4.1,3.7,0.25896784069756745
2026-01-03 17:53:59,595da7783dcfc400106f2888,0.0,0.0,0.0,0.0,4.1,3.9,4.1,3.7,0.25896784069756745
2026-01-03 17:53:59,662a8e121afb9c00172d2a3f,0.0,0.0,0.0,0.0,4.1,3.9,4.1,3.7,0.25896784069756745
2026-01-03 17:53:59,662b5be91afb9c00172d939b,0.0,0.0,0.0,0.0,4.1,3.9,4.1,3.7,0.25896784069756745
2026-01-03 17:53:59,5b728aafca0577001163ff7e,0.0,0.0,0.0,0.0,4.1,3.9,4.1,3.7,0.3
2026-01-03 17:53:59,6818901a6dfb4b0018f9058a,0.0,0.0,0.0,0.0,4.1,3.9,4.1,3.7,0.25896784069756745
2026-01-03 17:53:59,63ae7966bfd3d90017e8f240,0.0,0.0,0.0,0.0,4.1,3.9,4.1,3.7,0.3
2026-01-03 17:53:59,5a607fa38576340017d06671,0.0,0.0,0.0,0.0,4.1,3.9,4.1,3.7,0.25896784069756745
2026-01-03 17:53:59,662b87551afb9c00172dd43a,0.0,0.0,0.0,0.0,4.1,3.9,4.1,3.7,0.25896784069756745
2026-01-03 17:53:59,5deb576d1dc17d7c5515ad21,0.0,0.0,0.0,0.0,4.1,3.9,4.1,3.7,0.25896784069756745
2026-01-03 17:53:59,68188bf46dfb4b0018f8ff12,0.0,0.0,0.0,0.0,4.1,3.9,4.1,3.7,0.25896784069756745
2026-01-03 17:53:59,68a589a54e89b100173b6267,0.0,0.0,0.0,0.0,4.1,3.9,4.1,3.7,0.25896784069756745
2026-01-03 17:53:59,56de42f611f398ec0c481289,0.0,0.0,0.0,0.0,4.1,3.9,4.1,3.7,0.25896784069756745
2026-01-03 17:53:59,58ad69c4bd82540010390be7,0.0,0.0,0.0,0.0,4.1,3.9,4.1,3.7,0.25896784069756745
2026-01-03 17:53:59,6623f5876f998a001b25291a,0.0,0.0,0.0,0.0,4.1,3.9,4.1,3.7,0.25896784069756745
2026-01-03 17:53:59,6623e2e16f998a001b252233,0.0,0.0,0.0,0.0,4.1,3.9,4.1,3.7,0.25896784069756745
2026-01-03 17:53:59,63b54898bfd3d90017ea77ae,0.0,0.0,0.0,0.0,4.1,3.9,4.1,3.7,0.25896784069756745
2026-01-03 17:53:59,63b549b8bfd3d90017ea782c,0.0,0.0,0.0,0.0,4.1,3.9,4.1,3.7,0.25896784069756745
2026-01-03 17:53:59,662b5b271afb9c00172d9296,0.0,0.0,0.0,0.0,4.1,3.9,4.1,3.7,0.25896784069756745
2026-01-03 17:53:59,662a87df1afb9c00172d2522,0.0,0.0,0.0,0.0,4.1,3.9,4.1,3.7,0.25896784069756745
2026-01-03 17:53:59,68ede60a230ee50017d04c69,0.0,0.0,0.0,0.0,4.1,3.9,4.1,3.7,0.25896784069756745
2026-01-03 17:53:59,5a823bd55058170011f6eaa0,0.0,0.0,0.0,0.0,4.1,3.9,4.1,3.7,0.25896784069756745
2026-01-03 17:53:59,5a6085688576340017d06684,0.0,0.0,0.0,0.0,4.1,3.9,4.1,3.7,0.25896784069756745
2026-01-03 17:53:59,595dd7693dcfc400106f28b0,0.0,0.0,0.0,0.0,4.1,3.9,4.1,3.7,0.25896784069756745
2026-01-03 17:53:59,6623e88c6f998a001b25248b,0.0,0.0,0.0,0.0,4.1,3.9,4.1,3.7,0.25896784069756745
2026-01-03 17:53:59,63b54996bfd3d90017ea781a,0.0,0.0,0.0,0.0,4.1,3.9,4.1,3.7,0.25896784069756745
2026-01-03 17:53:59,56de42f611f398ec0c481283,0.0,0.0,0.0,0.0,4.1,3.9,4.1,3.7,0.25896784069756745
2026-01-03 17:53:59,5d8cdcf0766c880017188972,0.0,0.0,0.0,0.0,4.1,3.9,4.1,3.7,0.25896784069756745
2026-01-03 17:53:59,67e217643215f90017863b73,0.0,0.0,0.0,0.0,4.1,3.9,4.1,3.7,0.25896784069756745
2026-01-03 17:53:59,662b57ec1afb9c00172d90e3,0.0,0.0,0.0,0.0,4.1,3.9,4.1,3.7,0.3
2026-01-03 17:53:59,662b50571afb9c00172d87df,0.0,0.0,0.0,0.0,4.1,3.9,4.1,3.7,0.25896784069756745
2026-01-03 17:53:59,56df8274c062921100c143df,0.0,0.0,0.0,0.0,4.1,3.9,4.1,3.7,0.2657603937607214
2026-01-03 17:53:59,662b52131afb9c00172d8a23,0.0,0.0,0.0,0.0,4.1,3.9,4.1,3.7,0.2657603937607214
2026-01-03 17:53:59,68188b786dfb4b0018f8face,0.0,0.0,0.0,0.0,4.1,3.9,4.1,3.7,0.25896784069756745
2026-01-03 17:53:59,5a6061fd8576340017d06613,0.0,0.0,0.0,0.0,4.1,3.9,4.1,3.7,0.25896784069756745
2026-01-03 17:53:59,6623f0246f998a001b252797,0.0,0.0,0.0,0.0,4.1,3.9,4.1,3.7,0.25896784069756745
2026-01-03 17:53:59,595da7d93dcfc400106f288a,0.0,0.0,0.0,0.0,4.1,3.9,4.1,3.7,0.25896784069756745
2026-01-03 17:53:59,66b1c311779f740018674083,0.0,0.0,0.0,0.0,4.1,3.9,4.1,3.7,0.25896784069756745
2026-01-03 17:53:59,68ae7f327d735d00173c74e4,0.0,0.0,0.0,0.0,4.1,3.9,4.1,3.7,0.25896784069756745
2026-01-03 17:53:59,59ca30fd02eb490011a0a406,0.0,0.0,0.0,0.0,4.1,3.9,4.1,3.7,0.25896784069756745
2026-01-03 17:53:59,662a8cfe1afb9c00172d296e,0.0,0.0,0.0,0.0,4.1,3.9,4.1,3.7,0.25896784069756745
2026-01-03 17:53:59,589b39d9b3bf7600110283c1,0.0,0.0,0.0,0.0,4.1,3.9,4.1,3.7,0.2657603937607214
2026-01-03 17:53:59,5d8cd326766c88001718893e,0.0,0.0,0.0,0.0,4.1,3.9,4.1,3.7,0.25896784069756745
2026-01-03 17:53:59,587461c1b807da0011e33cc8,0.0,0.0,0.0,0.0,4.1,3.9,4.1,3.7,0.25896784069756745
2026-01-03 17:53:59,63ae76afbfd3d90017e8f106,0.0,0.0,0.0,0.0,4.1,3.9,4.1,3.7,0.25896784069756745
2026-01-03 17:53:59,63b661a3bfd3d90017eaa520,0.0,0.0,0.0,0.0,4.1,3.9,4.1,3.7,0.25896784069756745
2026-01-03 17:53:59,583f926761cfea0012cf68f1,0.0,0.0,0.0,0.0,4.1,3.9,4.1,3.7,0.25896784069756745
2026-01-03 17:53:59,6878bab06145d3001ba517f7,0.0,0.0,0.0,0.0,4.1,3.9,4.1,3.7,0.25896784069756745
2026-01-03 17:53:59,56df81d8c062921100c143de,0.0,0.0,0.0,0.0,4.1,3.9,4.1,3.7,0.25896784069756745
2026-01-03 17:53:59,63ae73cebfd3d90017e8f00d,0.0,0.0,0.0,0.0,4.1,3.9,4.1,3.7,0.25896784069756745
2026-01-03 17:53:59,662a8a661afb9c00172d2762,0.0,0.0,0.0,0.0,4.1,3.9,4.1,3.7,0.25896784069756745
2026-01-03 17:53:59,6623e7526f998a001b252407,0.0,0.0,0.0,0.0,4.1,3.9,4.1,3.7,0.25896784069756745
2026-01-03 17:53:59,5a6084898576340017d06680,0.0,0.0,0.0,0.0,4.1,3.9,4.1,3.7,0.25896784069756745
2026-01-03 17:53:59,56de42f611f398ec0c48129b,0.0,0.0,0.0,0.0,4.1,3.9,4.1,3.7,0.25896784069756745
2026-01-03 17:53:59,586e2492f9fab7001111b0ab,0.0,0.0,0.0,0.0,4.1,3.9,4.1,3.7,0.25896784069756745
2026-01-03 17:53:59,68edd621230ee50017d031c5,0.0,0.0,0.0,0.0,4.1,3.9,4.1,3.7,0.25896784069756745
2026-01-03 17:53:59,68ede0cf230ee50017d04657,0.0,0.0,0.0,0.0,4.1,3.9,4.1,3.7,0.25896784069756745
2026-01-03 17:53:59,662b571d1afb9c00172d9083,0.0,0.0,0.0,0.0,4.1,3.9,4.1,3.7,0.3
2026-01-03 17:53:59,587479b1b807da0011e33cf9,0.0,0.0,0.0,0.0,4.1,3.9,4.1,3.7,0.25896784069756745
2026-01-03 17:53:59,62da3e620637a10017d70720,0.0,0.0,0.0,0.0,4.1,3.9,4.1,3.7,0.3
2026-01-03 17:53:59,63b54909bfd3d90017ea77e4,0.0,0.0,0.0,0.0,4.1,3.9,4.1,3.7,0.25896784069756745
2026-01-03 17:53:59,595ddbbf3dcfc400106f28b8,0.0,0.0,0.0,0.0,4.1,3.9,4.1,3.7,0.25896784069756745
2026-01-03 17:53:59,5d9de43b766c880017188cb6,0.0,0.0,0.0,0.0,4.1,3.9,4.1,3.7,0.25896784069756745
2026-01-03 17:53:59,5a8250cc5058170011f6eaba,0.0,0.0,0.0,0.0,4.1,3.9,4.1,3.7,0.3
2026-01-03 17:53:59,6818868b6dfb4b0018f8f298,0.0,0.0,0.0,0.0,4.1,3.9,4.1,3.7,0.25896784069756745
2026-01-03 17:53:59,5b0b7e1c0e517b00119fd80b,0.0,0.0,0.0,0.0,4.1,3.9,4.1,3.7,0.3
2026-01-03 17:53:59,56de42f611f398ec0c48129a,0.0,0.0,0.0,0.0,4.1,3.9,4.1,3.7,0.25896784069756745
2026-01-03 17:53:59,662b57711afb9c00172d90a7,0.0,0.0,0.0,0.0,4.1,3.9,4.1,3.7,0.25896784069756745
2026-01-03 17:53:59,63b54968bfd3d90017ea7808,0.0,0.0,0.0,0.0,4.1,3.9,4.1,3.7,0.25896784069756745
2026-01-03 17:53:59,56de42f611f398ec0c48127f,0.0,0.0,0.0,0.0,4.1,3.9,4.1,3.7,0.25896784069756745
2026-01-03 17:53:59,58df5016dc195800111e04bd,0.0,0.0,0.0,0.0,4.1,3.9,4.1,3.7,0.25896784069756745
2026-01-03 17:53:59,681887836dfb4b0018f8f3d1,0.0,0.0,0.0,0.0,4.1,3.9,4.1,3.7,0.25896784069756745
2026-01-03 17:53:59,681884726dfb4b0018f8f035,0.0,0.0,0.0,0.0,4.1,3.9,4.1,3.7,0.25896784069756745
2026-01-03 17:53:59,5d8cdac3766c880017188962,0.0,0.0,0.0,0.0,4.1,3.9,4.1,3.7,0.25896784069756745
2026-01-03 17:53:59,587ef5dfb807da0011e33d59,0.0,0.0,0.0,0.0,4.1,3.9,4.1,3.7,0.25896784069756745
2026-01-03 17:53:59,68fae32b6b936b001721878b,0.0,0.0,0.0,0.0,4.1,3.9,4.1,3.7,0.25896784069756745
2026-01-03 17:53:59,595dc2f03dcfc400106f2896,0.0,0.0,0.0,0.0,4.1,3.9,4.1,3.7,0.25896784069756745
2026-01-03 17:53:59,662b85f51afb9c00172dd1c2,0.0,0.0,0.0,0.0,4.1,3.9,4.1,3.7,0.25896784069756745
2026-01-03 17:53:59,692293f044912200174bc856,0.0,0.0,0.0,0.0,4.1,3.9,4.1,3.7,0.25896784069756745
2026-01-03 17:53:59,68a588c04e89b100173b616b,0.0,0.0,0.0,0.0,4.1,3.9,4.1,3.7,0.25896784069756745
2026-01-03 17:53:59,5d8cdbdc766c88001718896a,0.0,0.0,0.0,0.0,4.1,3.9,4.1,3.7,0.25896784069756745
2026-01-03 17:53:59,63b54d5abfd3d90017ea7afe,0.0,0.0,0.0,0.0,4.1,3.9,4.1,3.7,0.25896784069756745
2026-01-03 17:53:59,5deb576d1dc17d7c5515ad13,0.0,0.0,0.0,0.0,4.1,3.9,4.1,3.7,0.25896784069756745
2026-01-03 17:53:59,662b862a1afb9c00172dd1ff,0.0,0.0,0.0,0.0,4.1,3.9,4.1,3.7,0.25896784069756745
2026-01-03 17:53:59,5deb576d1dc17d7c5515acf2,0.0,0.0,0.0,0.0,4.1,3.9,4.1,3.7,0.25896784069756745
2026-01-03 17:53:59,5a824e465058170011f6eab4,0.0,0.0,0.0,0.0,4.1,3.9,4.1,3.7,0.25896784069756745
2026-01-03 17:53:59,662b57471afb9c00172d9095,0.0,0.0,0.0,0.0,4.1,3.9,4.1,3.7,0.25896784069756745
2026-01-03 17:53:59,56de42f611f398ec0c481291,0.0,0.0,0.0,0.0,4.1,3.9,4.1,3.7,0.25896784069756745
2026-01-03 17:53:59,584e71cb61cfea0012cf694b,0.0,0.0,0.0,0.0,4.1,3.9,4.1,3.7,0.3
2026-01-03 17:53:59,595f874d3dcfc400106f28ec,0.0,0.0,0.0,0.0,4.1,3.9,4.1,3.7,0.25896784069756745
2026-01-03 17:53:59,5b19d34faf4ff60011d6ea52,0.0,0.0,0.0,0.0,4.1,3.9,4.1,3.7,0.25896784069756745
2026-01-03 17:53:59,63b3c9bfbfd3d90017e9b039,0.0,0.0,0.0,0.0,4.1,3.9,4.1,3.7,0.25896784069756745
2026-01-03 17:53:59,5deb576d1dc17d7c5515acf4,0.0,0.0,0.0,0.0,4.1,3.9,4.1,3.7,0.3
2026-01-03 17:53:59,6922944044912200174bc883,0.0,0.0,0.0,0.0,4.1,3.9,4.1,3.7,0.25896784069756745
2026-01-03 17:53:59,58af99abbd82540010390c39,0.0,0.0,0.0,0.0,4.1,3.9,4.1,3.7,0.25896784069756745
2026-01-03 17:53:59,68a5894a4e89b100173b6202,0.0,0.0,0.0,0.0,4.1,3.9,4.1,3.7,0.25896784069756745
2026-01-03 17:53:59,6623ecc16f998a001b25269e,0.0,0.0,0.0,0.0,4.1,3.9,4.1,3.7,0.25896784069756745
2026-01-03 17:53:59,6623e3ea6f998a001b2522ae,0.0,0.0,0.0,0.0,4.1,3.9,4.1,3.7,0.25896784069756745
2026-01-03 17:53:59,662b7d0c1afb9c00172dc6a6,0.0,0.0,0.0,0.0,4.1,3.9,4.1,3.7,0.25896784069756745
2026-01-03 17:53:59,662b54bb1afb9c00172d8dbb,0.0,0.0,0.0,0.0,4.1,3.9,4.1,3.7,0.25896784069756745
2026-01-03 17:53:59,662b58bd1afb9c00172d9119,0.0,0.0,0.0,0.0,4.1,3.9,4.1,3.7,0.25896784069756745
2026-01-03 17:53:59,595f86c43dcfc400106f28ea,0.0,0.0,0.0,0.0,4.1,3.9,4.1,3.7,0.25896784069756745
2026-01-03 17:53:59,59ca321b02eb490011a0a40d,0.0,0.0,0.0,0.0,4.1,3.9,4.1,3.7,0.25896784069756745
2026-01-03 17:53:59,5a82439f5058170011f6eaa9,0.0,0.0,0.0,0.0,4.1,3.9,4.1,3.7,0.25896784069756745
2026-01-03 17:53:59,6623e5d66f998a001b25235a,0.0,0.0,0.0,0.0,4.1,3.9,4.1,3.7,0.25896784069756745
2026-01-03 17:53:59,58d7c20ac1e33c00112b321c,0.0,0.0,0.0,0.0,4.1,3.9,4.1,3.7,0.25896784069756745
2026-01-03 17:53:59,589d0b74b3bf7600110283d4,0.0,0.0,0.0,0.0,4.1,3.9,4.1,3.7,0.25896784069756745
2026-01-03 17:53:59,56df807bc062921100c143da,0.0,0.0,0.0,0.0,4.1,3.9,4.1,3.7,0.25896784069756745
2026-01-03 17:53:59,662b82a61afb9c00172dcdfd,0.0,0.0,0.0,0.0,4.1,3.9,4.1,3.7,0.25896784069756745
2026-01-03 17:53:59,586e266ef9fab7001111b0b0,0.0,0.0,0.0,0.0,4.1,3.9,4.1,3.7,0.25896784069756745
2026-01-03 17:53:59,63ae7a74bfd3d90017e8f2c7,0.0,0.0,0.0,0.0,4.1,3.9,4.1,3.7,0.25896784069756745
2026-01-03 17:53:59,59d3414302eb490011a0a610,0.0,0.0,0.0,0.0,4.1,3.9,4.1,3.7,0.25896784069756745
2026-01-03 17:53:59,6623e9e96f998a001b2525ce,0.0,0.0,0.0,0.0,4.1,3.9,4.1,3.7,0.25896784069756745
2026-01-03 17:53:59,63ae7a9cbfd3d90017e8f303,0.0,0.0,0.0,0.0,4.1,3.9,4.1,3.7,0.25896784069756745
2026-01-03 17:53:59,5a6085188576340017d06682,0.0,0.0,0.0,0.0,4.1,3.9,4.1,3.7,0.3
2026-01-03 17:53:59,56de42f611f398ec0c481286,0.0,0.0,0.0,0.0,4.1,3.9,4.1,3.7,0.25896784069756745
2026-01-03 17:53:59,6623f14b6f998a001b2527f0,0.0,0.0,0.0,0.0,4.1,3.9,4.1,3.7,0.25896784069756745
2026-01-03 17:53:59,662b4f411afb9c00172d86fc,0.0,0.0,0.0,0.0,4.1,3.9,4.1,3.7,0.25896784069756745
2026-01-03 17:53:59,6792f9c88c5ed4001b27fb3d,0.0,0.0,0.0,0.0,4.1,3.9,4.1,3.7,0.25896784069756745
2026-01-03 17:53:59,662b843d1afb9c00172dd02d,0.0,0.0,0.0,0.0,4.1,3.9,4.1,3.7,0.25896784069756745
2026-01-03 17:53:59,595d9b3b3dcfc400106f287e,0.0,0.0,0.0,0.0,4.1,3.9,4.1,3.7,0.25896784069756745
2026-01-03 17:53:59,5deb576d1dc17d7c5515ad0b,0.0,0.0,0.0,0.0,4.1,3.9,4.1,3.7,0.25896784069756745
2026-01-03 17:53:59,5a6087858576340017d0668e,0.0,0.0,0.0,0.0,4.1,3.9,4.1,3.7,0.25896784069756745
2026-01-03 17:53:59,662b4e581afb9c00172d862f,0.0,0.0,0.0,0.0,4.1,3.9,4.1,3.7,0.25896784069756745
2026-01-03 17:53:59,587464e2b807da0011e33cd9,0.0,0.0,0.0,0.0,4.1,3.9,4.1,3.7,0.25896784069756745
2026-01-03 17:53:59,58afdbaebd82540010390c48,0.0,0.0,0.0,0.0,4.1,3.9,4.1,3.7,0.25896784069756745
2026-01-03 17:53:59,63b54c51bfd3d90017ea7aa0,0.0,0.0,0.0,0.0,4.1,3.9,4.1,3.7,0.25896784069756745
2026-01-03 17:53:59,58ad6214bd82540010390be2,0.0,0.0,0.0,0.0,4.1,3.9,4.1,3.7,0.25896784069756745
2026-01-03 17:53:59,5deb576d1dc17d7c5515ad09,0.0,0.0,0.0,0.0,4.1,3.9,4.1,3.7,0.25896784069756745
2026-01-03 17:53:59,58af8a0bbd82540010390c25,0.0,0.0,0.0,0.0,4.1,3.9,4.1,3.7,0.25896784069756745
2026-01-03 17:53:59,5b0b74280e517b00119fd7f9,0.0,0.0,0.0,0.0,4.1,3.9,4.1,3.7,0.3
2026-01-03 17:53:59,587ef859b807da0011e33d5b,0.0,0.0,0.0,0.0,4.1,3.9,4.1,3.7,0.25896784069756745
2026-01-03 17:53:59,58744e97b807da0011e33cb9,0.0,0.0,0.0,0.0,4.1,3.9,4.1,3.7,0.25896784069756745
2026-01-03 17:53:59,692293c644912200174bc83b,0.0,0.0,0.0,0.0,4.1,3.9,4.1,3.7,0.25896784069756745
2026-01-03 17:53:59,63b54a48bfd3d90017ea7850,0.0,0.0,0.0,0.0,4.1,3.9,4.1,3.7,0.25896784069756745
2026-01-03 17:53:59,58c2717ed56e930010a39ac0,0.0,0.0,0.0,0.0,4.1,3.9,4.1,3.7,0.25896784069756745
2026-01-03 17:53:59,58afcd9bbd82540010390c41,0.0,0.0,0.0,0.0,4.1,3.9,4.1,3.7,0.25896784069756745
2026-01-03 17:53:59,63b54a9ebfd3d90017ea7911,0.0,0.0,0.0,0.0,4.1,3.9,4.1,3.7,0.25896784069756745
2026-01-03 17:53:59,5bbc7163ca0577001164127f,0.0,0.0,0.0,0.0,4.1,3.9,4.1,3.7,0.25896784069756745
2026-01-03 17:53:59,6623f3d66f998a001b252890,0.0,0.0,0.0,0.0,4.1,3.9,4.1,3.7,0.25896784069756745
2026-01-03 17:53:59,5b6005b6fd4edb0019c7db25,0.0,0.0,0.0,0.0,4.1,3.9,4.1,3.7,0.25896784069756745
2026-01-03 17:53:59,662a902a1afb9c00172d2bed,0.0,0.0,0.0,0.0,4.1,3.9,4.1,3.7,0.25896784069756745
2026-01-03 17:53:59,662b85481afb9c00172dd0f1,0.0,0.0,0.0,0.0,4.1,3.9,4.1,3.7,0.25896784069756745
2026-01-03 17:53:59,6623ef2b6f998a001b252753,0.0,0.0,0.0,0.0,4.1,3.9,4.1,3.7,0.25896784069756745
2026-01-03 17:53:59,66b1c4e7779f7400186741e4,0.0,0.0,0.0,0.0,4.1,3.9,4.1,3.7,0.25896784069756745
2026-01-03 17:53:59,56de42f611f398ec0c48129c,0.0,0.0,0.0,0.0,4.1,3.9,4.1,3.7,0.25896784069756745
2026-01-03 17:53:59,587c8661b807da0011e33d43,0.0,0.0,0.0,0.0,4.1,3.9,4.1,3.7,0.2657603937607214
2026-01-03 17:53:59,5b632a79fd4edb0019c7dc0f,0.0,0.0,0.0,0.0,4.1,3.9,4.1,3.7,0.3
2026-01-03 17:53:59,662a87a41afb9c00172d24e9,0.0,0.0,0.0,0.0,4.1,3.9,4.1,3.7,0.25896784069756745
2026-01-03 17:53:59,595dd4133dcfc400106f28a9,0.0,0.0,0.0,0.0,4.1,3.9,4.1,3.7,0.25896784069756745
2026-01-03 17:53:59,662b5b8c1afb9c00172d92ca,0.0,0.0,0.0,0.0,4.1,3.9,4.1,3.7,0.25896784069756745
2026-01-03 17:53:59,5d8cd7bb766c880017188952,0.0,0.0,0.0,0.0,4.1,3.9,4.1,3.7,0.3
2026-01-03 17:53:59,56df857fc062921100c143e7,0.0,0.0,0.0,0.0,4.1,3.9,4.1,3.7,0.3
2026-01-03 17:53:59,63ae75debfd3d90017e8f082,0.0,0.0,0.0,0.0,4.1,3.9,4.1,3.7,0.25896784069756745
2026-01-03 17:53:59,6623eb466f998a001b252632,0.0,0.0,0.0,0.0,4.1,3.9,4.1,3.7,0.25896784069756745
2026-01-03 17:53:59,5a824dc05058170011f6eab2,0.0,0.0,0.0,0.0,4.1,3.9,4.1,3.7,0.25896784069756745
2026-01-03 17:53:59,5d8cd49f766c880017188944,0.0,0.0,0.0,0.0,4.1,3.9,4.1,3.7,0.3
2026-01-03 17:53:59,5a606c078576340017d06624,0.0,0.0,0.0,0.0,4.1,3.9,4.1,3.7,0.25896784069756745
2026-01-03 17:53:59,5deb576d1dc17d7c5515acf3,0.0,0.0,0.0,0.0,4.1,3.9,4.1,3.7,0.25896784069756745
2026-01-03 17:53:59,5a8254b05058170011f6eac3,0.0,0.0,0.0,0.0,4.1,3.9,4.1,3.7,0.25896784069756745
2026-01-03 17:53:59,662b50c11afb9c00172d8843,0.0,0.0,0.0,0.0,4.1,3.9,4.1,3.7,0.25896784069756745
2026-01-03 17:53:59,6623f51a6f998a001b252900,0.0,0.0,0.0,0.0,4.1,3.9,4.1,3.7,0.25896784069756745
2026-01-03 17:53:59,5deb576d1dc17d7c5515ad1b,0.0,0.0,0.0,0.0,4.1,3.9,4.1,3.7,0.3
2026-01-03 17:53:59,58744e3eb807da0011e33cb7,0.0,0.0,0.0,0.0,4.1,3.9,4.1,3.7,0.25896784069756745
2026-01-03 17:53:59,58744dd9b807da0011e33cb5,0.0,0.0,0.0,0.0,4.1,3.9,4.1,3.7,0.25896784069756745
2026-01-03 17:53:59,56df8416c062921100c143e4,0.0,0.0,0.0,0.0,4.1,3.9,4.1,3.7,0.3
2026-01-03 17:53:59,681883b46dfb4b0018f8ef39,0.0,0.0,0.0,0.0,4.1,3.9,4.1,3.7,0.25896784069756745
2026-01-03 17:53:59,58af8b69bd82540010390c28,0.0,0.0,0.0,0.0,4.1,3.9,4.1,3.7,0.25896784069756745
2026-01-03 17:53:59,6623e3a26f998a001b252291,0.0,0.0,0.0,0.0,4.1,3.9,4.1,3.7,0.25896784069756745
2026-01-03 17:53:59,589b3ceeb3bf7600110283c3,0.0,0.0,0.0,0.0,4.1,3.9,4.1,3.7,0.25896784069756745
2026-01-03 17:53:59,595dcab53dcfc400106f289d,0.0,0.0,0.0,0.0,4.1,3.9,4.1,3.7,0.25896784069756745
2026-01-03 17:53:59,662a89211afb9c00172d2636,0.0,0.0,0.0,0.0,4.1,3.9,4.1,3.7,0.25896784069756745
2026-01-03 17:53:59,5deb576d1dc17d7c5515ad05,0.0,0.0,0.0,0.0,4.1,3.9,4.1,3.7,0.25896784069756745
2026-01-03 17:53:59,595dd4f43dcfc400106f28ab,0.0,0.0,0.0,0.0,4.1,3.9,4.1,3.7,0.25896784069756745
2026-01-03 17:53:59,6792ef4f8c5ed4001b27f2c0,0.0,0.0,0.0,0.0,4.1,3.9,4.1,3.7,0.25896784069756745
2026-01-03 17:53:59,662b84771afb9c00172dd076,0.0,0.0,0.0,0.0,4.1,3.9,4.1,3.7,0.2657603937607214
2026-01-03 17:53:59,6623f0b46f998a001b2527c3,0.0,0.0,0.0,0.0,4.1,3.9,4.1,3.7,0.25896784069756745
2026-01-03 17:53:59,6922928544912200174bc755,0.0,0.0,0.0,0.0,4.1,3.9,4.1,3.7,0.25896784069756745
2026-01-03 17:53:59,665861d864f11e00173c73a9,0.0,0.0,0.0,0.0,4.1,3.9,4.1,3.7,0.25896784069756745
2026-01-03 17:53:59,5a607f078576340017d0666f,0.0,0.0,0.0,0.0,4.1,3.9,4.1,3.7,0.25896784069756745
2026-01-03 17:53:59,68ede112230ee50017d046a6,0.0,0.0,0.0,0.0,4.1,3.9,4.1,3.7,0.25896784069756745
2026-01-03 17:53:59,5a824ee15058170011f6eab6,0.0,0.0,0.0,0.0,4.1,3.9,4.1,3.7,0.25896784069756745
2026-01-03 17:53:59,6623ed396f998a001b2526b8,0.0,0.0,0.0,0.0,4.1,3.9,4.1,3.7,0.25896784069756745
2026-01-03 17:53:59,5b632b60fd4edb0019c7dc12,0.0,0.0,0.0,0.0,4.1,3.9,4.1,3.7,0.3
2026-01-03 17:53:59,587c8d97b807da0011e33d49,0.0,0.0,0.0,0.0,4.1,3.9,4.1,3.7,0.25896784069756745
2026-01-03 17:53:59,59414c883dcfc400106f260b,0.0,0.0,0.0,0.0,4.1,3.9,4.1,3.7,0.25896784069756745
2026-01-03 17:53:59,56df82d4c062921100c143e0,0.0,0.0,0.0,0.0,4.1,3.9,4.1,3.7,0.25896784069756745
2026-01-03 17:53:59,6792f1008c5ed4001b27f41f,0.0,0.0,0.0,0.0,4.1,3.9,4.1,3.7,0.25896784069756745
2026-01-03 17:53:59,58affc6017139d0010f35cc8,0.0,0.0,0.0,0.0,4.1,3.9,4.1,3.7,0.25896784069756745
2026-01-03 17:53:59,587463bab807da0011e33cd3,0.0,0.0,0.0,0.0,4.1,3.9,4.1,3.7,0.25896784069756745
2026-01-03 17:53:59,5deb576d1dc17d7c5515ad1c,0.0,0.0,0.0,0.0,4.1,3.9,4.1,3.7,0.25896784069756745
2026-01-03 17:53:59,56de42f611f398ec0c481287,0.0,0.0,0.0,0.0,4.1,3.9,4.1,3.7,0.25896784069756745
2026-01-03 17:53:59,662b5c981afb9c00172d94c0,0.0,0.0,0.0,0.0,4.1,3.9,4.1,3.7,0.25896784069756745
2026-01-03 17:53:59,662a861e1afb9c00172d23ad,0.0,0.0,0.0,0.0,4.1,3.9,4.1,3.7,0.25896784069756745
2026-01-03 17:53:59,662b5a9c1afb9c00172d9240,0.0,0.0,0.0,0.0,4.1,3.9,4.1,3.7,0.25896784069756745
2026-01-03 17:53:59,662a88a01afb9c00172d25d1,0.0,0.0,0.0,0.0,4.1,3.9,4.1,3.7,0.25896784069756745
2026-01-03 17:53:59,68a587fc4e89b100173b6054,0.0,0.0,0.0,0.0,4.1,3.9,4.1,3.7,0.25896784069756745
2026-01-03 17:53:59,662b4e201afb9c00172d85f9,0.0,0.0,0.0,0.0,4.1,3.9,4.1,3.7,0.25896784069756745
2026-01-03 17:53:59,5d8cdb4b766c880017188966,0.0,0.0,0.0,0.0,4.1,3.9,4.1,3.7,0.25896784069756745
2026-01-03 17:53:59,58b57a6c17139d0010f35d65,0.0,0.0,0.0,0.0,4.1,3.9,4.1,3.7,0.3
2026-01-03 17:53:59,62da3e390637a10017d706ff,0.0,0.0,0.0,0.0,4.1,3.9,4.1,3.7,0.25896784069756745
2026-01-03 17:53:59,5deb576d1dc17d7c5515ad10,0.0,0.0,0.0,0.0,4.1,3.9,4.1,3.7,0.25896784069756745
2026-01-03 17:53:59,66b1c4a2779f74001867418c,0.0,0.0,0.0,0.0,4.1,3.9,4.1,3.7,0.25896784069756745
2026-01-03 17:53:59,631813ebc9eae60017a196b0,0.0,0.0,0.0,0.0,4.1,3.9,4.1,3.7,0.25896784069756745
2026-01-03 17:53:59,68188cfa6dfb4b0018f9013c,0.0,0.0,0.0,0.0,4.1,3.9,4.1,3.7,0.25896784069756745
2026-01-03 17:53:59,587475abb807da0011e33cea,0.0,0.0,0.0,0.0,4.1,3.9,4.1,3.7,0.25896784069756745
2026-01-03 17:53:59,5deb576d1dc17d7c5515ad0e,0.0,0.0,0.0,0.0,4.1,3.9,4.1,3.7,0.25896784069756745
2026-01-03 17:53:59,68ede227230ee50017d0480b,0.0,0.0,0.0,0.0,4.1,3.9,4.1,3.7,0.25896784069756745
2026-01-03 17:53:59,5deb576d1dc17d7c5515ad11,0.0,0.0,0.0,0.0,4.1,3.9,4.1,3.7,0.25896784069756745
2026-01-03 17:53:59,68ede25b230ee50017d0484d,0.0,0.0,0.0,0.0,4.1,3.9,4.1,3.7,0.25896784069756745
2026-01-03 17:53:59,587478d8b807da0011e33cf3,0.0,0.0,0.0,0.0,4.1,3.9,4.1,3.7,0.25896784069756745
2026-01-03 17:53:59,5deb576d1dc17d7c5515acf8,0.0,0.0,0.0,0.0,4.1,3.9,4.1,3.7,0.25896784069756745
2026-01-03 17:53:59,591c6833a6bfb500119400a3,0.0,0.0,0.0,0.0,4.1,3.9,4.1,3.7,0.25896784069756745
2026-01-03 17:53:59,63ae7938bfd3d90017e8f226,0.0,0.0,0.0,0.0,4.1,3.9,4.1,3.7,0.25896784069756745
2026-01-03 17:53:59,63b664edbfd3d90017eaaa24,0.0,0.0,0.0,0.0,4.1,3.9,4.1,3.7,0.25896784069756745
2026-01-03 17:53:59,56df83d8c062921100c143e3,0.0,0.0,0.0,0.0,4.1,3.9,4.1,3.7,0.25896784069756745
2026-01-03 17:53:59,6623e5776f998a001b252337,0.0,0.0,0.0,0.0,4.1,3.9,4.1,3.7,0.25896784069756745
2026-01-03 17:53:59,59ca308302eb490011a0a403,0.0,0.0,0.0,0.0,4.1,3.9,4.1,3.7,0.25896784069756745
2026-01-03 17:53:59,5deb576d1dc17d7c5515acfd,0.0,0.0,0.0,0.0,4.1,3.9,4.1,3.7,0.25896784069756745
2026-01-03 17:53:59,56df8159c062921100c143dc,0.0,0.0,0.0,0.0,4.1,3.9,4.1,3.7,0.25896784069756745
2026-01-03 17:53:59,587ef2e4b807da0011e33d57,0.0,0.0,0.0,0.0,4.1,3.9,4.1,3.7,0.25896784069756745
2026-01-03 17:53:59,589b3f7db3bf7600110283c6,0.0,0.0,0.0,0.0,4.1,3.9,4.1,3.7,0.25896784069756745
2026-01-03 17:53:59,68188c876dfb4b0018f9007b,0.0,0.0,0.0,0.0,4.1,3.9,4.1,3.7,0.25896784069756745
2026-01-03 17:53:59,6623e6706f998a001b25239b,0.0,0.0,0.0,0.0,4.1,3.9,4.1,3.7,0.25896784069756745
2026-01-03 17:53:59,662b86551afb9c00172dd227,0.0,0.0,0.0,0.0,4.1,3.9,4.1,3.7,0.25896784069756745
2026-01-03 17:53:59,662a88521afb9c00172d2592,0.0,0.0,0.0,0.0,4.1,3.9,4.1,3.7,0.25896784069756745
2026-01-03 17:53:59,649da77ea6068200171a6dd4,0.0,0.0,0.0,0.0,4.1,3.9,4.1,3.7,0.25896784069756745
2026-01-03 17:53:59,63b3c59fbfd3d90017e9ace8,0.0,0.0,0.0,0.0,4.1,3.9,4.1,3.7,0.25896784069756745
2026-01-03 17:53:59,58b5510817139d0010f35d4e,0.0,0.0,0.0,0.0,4.1,3.9,4.1,3.7,0.25896784069756745
2026-01-03 17:53:59,5a824c905058170011f6eab0,0.0,0.0,0.0,0.0,4.1,3.9,4.1,3.7,0.25896784069756745
2026-01-03 17:53:59,5deb576d1dc17d7c5515ad16,0.0,0.0,0.0,0.0,4.1,3.9,4.1,3.7,0.25896784069756745
2026-01-03 17:53:59,63ae7c73bfd3d90017e8f3ed,0.0,0.0,0.0,0.0,4.1,3.9,4.1,3.7,0.25896784069756745
2026-01-03 17:53:59,586e1d4ef9fab7001111b0a2,0.0,0.0,0.0,0.0,4.1,3.9,4.1,3.7,0.25896784069756745
2026-01-03 17:53:59,63195512c9eae60017a1c279,0.0,0.0,0.0,0.0,4.1,3.9,4.1,3.7,0.25896784069756745
2026-01-03 17:53:59,59ca2ecb02eb490011a0a3f6,0.0,0.0,0.0,0.0,4.1,3.9,4.1,3.7,0.3
2026-01-03 17:53:59,5d8cdc9d766c880017188970,0.0,0.0,0.0,0.0,4.1,3.9,4.1,3.7,0.25896784069756745
2026-01-03 17:53:59,6792f1b78c5ed4001b27f4a9,0.0,0.0,0.0,0.0,4.1,3.9,4.1,3.7,0.25896784069756745
2026-01-03 17:53:59,58d8ec0adc195800111e042b,0.0,0.0,0.0,0.0,4.1,3.9,4.1,3.7,0.25896784069756745
2026-01-03 17:53:59,5a8254f25058170011f6eac5,0.0,0.0,0.0,0.0,4.1,3.9,4.1,3.7,0.25896784069756745
2026-01-03 17:53:59,63ae7c53bfd3d90017e8f3d8,0.0,0.0,0.0,0.0,4.1,3.9,4.1,3.7,0.25896784069756745
2026-01-03 17:53:59,5deb576d1dc17d7c5515ad20,0.0,0.0,0.0,0.0,4.1,3.9,4.1,3.7,0.25896784069756745
2026-01-03 17:53:59,5874796db807da0011e33cf7,0.0,0.0,0.0,0.0,4.1,3.9,4.1,3.7,0.25896784069756745
2026-01-03 17:53:59,5deb576d1dc17d7c5515acfa,0.0,0.0,0.0,0.0,4.1,3.9,4.1,3.7,0.25896784069756745
2026-01-03 17:53:59,58746536b807da0011e33cdc,0.0,0.0,0.0,0.0,4.1,3.9,4.1,3.7,0.25896784069756745
2026-01-03 17:53:59,5a8251575058170011f6eabc,0.0,0.0,0.0,0.0,4.1,3.9,4.1,3.7,0.3
2026-01-03 17:53:59,662b59291afb9c00172d912b,0.0,0.0,0.0,0.0,4.1,3.9,4.1,3.7,0.25896784069756745
2026-01-03 17:53:59,5a6060a88576340017d0660d,0.0,0.0,0.0,0.0,4.1,3.9,4.1,3.7,0.25896784069756745
2026-01-03 17:53:59,63b65f33bfd3d90017eaa405,0.0,0.0,0.0,0.0,4.1,3.9,4.1,3.7,0.25896784069756745
2026-01-03 17:53:59,5deb576d1dc17d7c5515ad1e,0.0,0.0,0.0,0.0,4.1,3.9,4.1,3.7,0.25896784069756745
2026-01-03 17:53:59,5a6061868576340017d06611,0.0,0.0,0.0,0.0,4.1,3.9,4.1,3.7,0.25896784069756745
2026-01-03 17:53:59,589b3705b3bf7600110283bd,0.0,0.0,0.0,0.0,4.1,3.9,4.1,3.7,0.25896784069756745
2026-01-03 17:53:59,63ae7759bfd3d90017e8f162,0.0,0.0,0.0,0.0,4.1,3.9,4.1,3.7,0.25896784069756745
2026-01-03 17:53:59,63ae7709bfd3d90017e8f135,0.0,0.0,0.0,0.0,4.1,3.9,4.1,3.7,0.25896784069756745
2026-01-03 17:53:59,662b55111afb9c00172d8e2e,0.0,0.0,0.0,0.0,4.1,3.9,4.1,3.7,0.25896784069756745
2026-01-03 17:53:59,649da419a6068200171a6c90,0.0,0.0,0.0,0.0,4.1,3.9,4.1,3.7,0.25896784069756745
2026-01-03 17:53:59,58afccadbd82540010390c3f,0.0,0.0,0.0,0.0,4.1,3.9,4.1,3.7,0.25896784069756745
2026-01-03 17:53:59,662b82761afb9c00172dcda3,0.0,0.0,0.0,0.0,4.1,3.9,4.1,3.7,0.25896784069756745
2026-01-03 17:53:59,5deb576d1dc17d7c5515acf7,0.0,0.0,0.0,0.0,4.1,3.9,4.1,3.7,0.25896784069756745
2026-01-03 17:53:59,5d9ddd49766c880017188c94,0.0,0.0,0.0,0.0,4.1,3.9,4.1,3.7,0.25896784069756745
2026-01-03 17:53:59,5d8cd767766c880017188950,0.0,0.0,0.0,0.0,4.1,3.9,4.1,3.7,0.25896784069756745
2026-01-03 17:53:59,6922931044912200174bc7cf,0.0,0.0,0.0,0.0,4.1,3.9,4.1,3.7,0.25896784069756745
2026-01-03 17:53:59,6792f16e8c5ed4001b27f482,0.0,0.0,0.0,0.0,4.1,3.9,4.1,3.7,0.25896784069756745
2026-01-03 17:53:59,595f8d813dcfc400106f28f2,0.0,0.0,0.0,0.0,4.1,3.9,4.1,3.7,0.25896784069756745
2026-01-03 17:53:59,5874656eb807da0011e33cde,0.0,0.0,0.0,0.0,4.1,3.9,4.1,3.7,0.25896784069756745
2026-01-03 17:53:59,6623e3566f998a001b25226d,0.0,0.0,0.0,0.0,4.1,3.9,4.1,3.7,0.25896784069756745
2026-01-03 17:53:59,5abbb6d698d8fc001102dfc8,0.0,0.0,0.0,0.0,4.1,3.9,4.1,3.7,0.2657603937607214
2026-01-03 17:53:59,5d8cdd26766c880017188974,0.0,0.0,0.0,0.0,4.1,3.9,4.1,3.7,0.3
2026-01-03 17:53:59,5deb576d1dc17d7c5515ad03,0.0,0.0,0.0,0.0,4.1,3.9,4.1,3.7,0.25896784069756745
2026-01-03 17:53:59,63ae777cbfd3d90017e8f177,0.0,0.0,0.0,0.0,4.1,3.9,4.1,3.7,0.25896784069756745
2026-01-03 17:53:59,631828cac9eae60017a19f50,0.0,0.0,0.0,0.0,4.1,3.9,4.1,3.7,0.25896784069756745
2026-01-03 17:53:59,63b3c2fbbfd3d90017e9abbf,0.0,0.0,0.0,0.0,4.1,3.9,4.1,3.7,0.25896784069756745
2026-01-03 17:53:59,58d7c2e6c1e33c00112b321e,0.0,0.0,0.0,0.0,4.1,3.9,4.1,3.7,0.25896784069756745
2026-01-03 17:53:59,63b54ad1bfd3d90017ea7974,0.0,0.0,0.0,0.0,4.1,3.9,4.1,3.7,0.25896784069756745
2026-01-03 17:53:59,662b5b481afb9c00172d92a8,0.0,0.0,0.0,0.0,4.1,3.9,4.1,3.7,0.25896784069756745
2026-01-03 17:53:59,681885376dfb4b0018f8f0f2,0.0,0.0,0.0,0.0,4.1,3.9,4.1,3.7,0.25896784069756745
2026-01-03 17:53:59,56de42f611f398ec0c48129e,0.0,0.0,0.0,0.0,4.1,3.9,4.1,3.7,0.25896784069756745
2026-01-03 17:53:59,5d9dddb9766c880017188c96,0.0,0.0,0.0,0.0,4.1,3.9,4.1,3.7,0.25896784069756745
2026-01-03 17:53:59,5d8cd372766c880017188940,0.0,0.0,0.0,0.0,4.1,3.9,4.1,3.7,0.3
2026-01-03 17:53:59,5a60839c8576340017d0667c,0.0,0.0,0.0,0.0,4.1,3.9,4.1,3.7,0.25896784069756745
2026-01-03 17:53:59,68188c236dfb4b0018f8ff8f,0.0,0.0,0.0,0.0,4.1,3.9,4.1,3.7,0.25896784069756745
2026-01-03 17:53:59,63b65f64bfd3d90017eaa41f,0.0,0.0,0.0,0.0,4.1,3.9,4.1,3.7,0.25896784069756745
2026-01-03 17:53:59,58746371b807da0011e33cd1,0.0,0.0,0.0,0.0,4.1,3.9,4.1,3.7,0.27940071830835006
2026-01-03 17:53:59,63bd1e95bfd3d90017ec3cd5,0.0,0.0,0.0,0.0,4.1,3.9,4.1,3.7,0.25896784069756745
2026-01-03 17:53:59,63ae7cd3bfd3d90017e8f408,0.0,0.0,0.0,0.0,4.1,3.9,4.1,3.7,0.25896784069756745
2026-01-03 17:53:59,5d8cd70e766c88001718894e,0.0,0.0,0.0,0.0,4.1,3.9,4.1,3.7,0.25896784069756745
2026-01-03 17:53:59,58b555ac17139d0010f35d59,0.0,0.0,0.0,0.0,4.1,3.9,4.1,3.7,0.25896784069756745
2026-01-03 17:53:59,595ddc123dcfc400106f28ba,0.0,0.0,0.0,0.0,4.1,3.9,4.1,3.7,0.25896784069756745
2026-01-03 17:53:59,63b55020bfd3d90017ea7cb7,0.0,0.0,0.0,0.0,4.1,3.9,4.1,3.7,0.25896784069756745
2026-01-03 17:53:59,68ede746230ee50017d04dcc,0.0,0.0,0.0,0.0,4.1,3.9,4.1,3.7,0.25896784069756745
2026-01-03 17:53:59,5b19d2f9af4ff60011d6ea4f,0.0,0.0,0.0,0.0,4.1,3.9,4.1,3.7,0.3
2026-01-03 17:53:59,662b4d781afb9c00172d8571,0.0,0.0,0.0,0.0,4.1,3.9,4.1,3.7,0.25896784069756745
2026-01-03 17:53:59,5a606a958576340017d06621,0.0,0.0,0.0,0.0,4.1,3.9,4.1,3.7,0.25896784069756745
2026-01-03 17:53:59,662a8c381afb9c00172d28b6,0.0,0.0,0.0,0.0,4.1,3.9,4.1,3.7,0.25896784069756745
2026-01-03 17:53:59,63b6617ebfd3d90017eaa50b,0.0,0.0,0.0,0.0,4.1,3.9,4.1,3.7,0.25896784069756745
2026-01-03 17:53:59,595f91653dcfc400106f28f6,0.0,0.0,0.0,0.0,4.1,3.9,4.1,3.7,0.3
2026-01-03 17:53:59,56de42f611f398ec0c481292,0.0,0.0,0.0,0.0,4.1,3.9,4.1,3.7,0.25896784069756745
2026-01-03 17:53:59,681888066dfb4b0018f8f4c2,0.0,0.0,0.0,0.0,4.1,3.9,4.1,3.7,0.25896784069756745
2026-01-03 17:53:59,5deb576d1dc17d7c5515acff,0.0,0.0,0.0,0.0,4.1,3.9,4.1,3.7,0.25896784069756745
2026-01-03 17:53:59,662b58791afb9c00172d9107,0.0,0.0,0.0,0.0,4.1,3.9,4.1,3.7,0.25896784069756745
2026-01-03 17:53:59,662b811d1afb9c00172dcc1d,0.0,0.0,0.0,0.0,4.1,3.9,4.1,3.7,0.25896784069756745
2026-01-03 17:53:59,662a8eb41afb9c00172d2aba,0.0,0.0,0.0,0.0,4.1,3.9,4.1,3.7,0.25896784069756745
2026-01-03 17:53:59,63b548ecbfd3d90017ea77d2,0.0,0.0,0.0,0.0,4.1,3.9,4.1,3.7,0.25896784069756745
2026-01-03 17:53:59,5deb576d1dc17d7c5515acfb,0.0,0.0,0.0,0.0,4.1,3.9,4.1,3.7,0.25896784069756745
2026-01-03 17:53:59,56de42f611f398ec0c48127d,0.0,0.0,0.0,0.0,4.1,3.9,4.1,3.7,0.25896784069756745
2026-01-03 17:53:59,56de42f611f398ec0c48128d,0.0,0.0,0.0,0.0,4.1,3.9,4.1,3.7,0.25896784069756745
2026-01-03 17:53:59,6792f03d8c5ed4001b27f378,0.0,0.0,0.0,0.0,4.1,3.9,4.1,3.7,0.25896784069756745
2026-01-03 17:53:59,68ede490230ee50017d04ae5,0.0,0.0,0.0,0.0,4.1,3.9,4.1,3.7,0.25896784069756745
2026-01-03 17:53:59,6623e7076f998a001b2523ea,0.0,0.0,0.0,0.0,4.1,3.9,4.1,3.7,0.25896784069756745
2026-01-03 17:53:59,59ca2cac02eb490011a0a3e9,0.0,0.0,0.0,0.0,4.1,3.9,4.1,3.7,0.25896784069756745
2026-01-03 17:53:59,586e25e1f9fab7001111b0ae,0.0,0.0,0.0,0.0,4.1,3.9,4.1,3.7,0.25896784069756745
2026-01-03 17:53:59,681889ec6dfb4b0018f8f6cb,0.0,0.0,0.0,0.0,4.1,3.9,4.1,3.7,0.25896784069756745
2026-01-03 17:53:59,5d9dde8e766c880017188c9a,0.0,0.0,0.0,0.0,4.1,3.9,4.1,3.7,0.3
2026-01-03 17:53:59,5d9ddf0f766c880017188c9e,0.0,0.0,0.0,0.0,4.1,3.9,4.1,3.7,0.25896784069756745
2026-01-03 17:53:59,681883866dfb4b0018f8eef6,0.0,0.0,0.0,0.0,4.1,3.9,4.1,3.7,0.25896784069756745
2026-01-03 17:53:59,63ae76ddbfd3d90017e8f11b,0.0,0.0,0.0,0.0,4.1,3.9,4.1,3.7,0.25896784069756745
2026-01-03 17:53:59,5deb576d1dc17d7c5515ad14,0.0,0.0,0.0,0.0,4.1,3.9,4.1,3.7,0.25896784069756745
2026-01-03 17:53:59,63b66035bfd3d90017eaa48e,0.0,0.0,0.0,0.0,4.1,3.9,4.1,3.7,0.25896784069756745
2026-01-03 17:53:59,585b284ac3f96200127dc500,0.0,0.0,0.0,0.0,4.1,3.9,4.1,3.7,0.25896784069756745
2026-01-03 17:53:59,56de42f611f398ec0c481295,0.0,0.0,0.0,0.0,4.1,3.9,4.1,3.7,0.25896784069756745
2026-01-03 17:53:59,5deb576d1dc17d7c5515ad04,0.0,0.0,0.0,0.0,4.1,3.9,4.1,3.7,0.25896784069756745
2026-01-03 17:53:59,5a8278f35058170011f6eaed,0.0,0.0,0.0,0.0,4.1,3.9,4.1,3.7,0.25896784069756745
2026-01-03 17:53:59,662b830e1afb9c00172dcf50,0.0,0.0,0.0,0.0,4.1,3.9,4.1,3.7,0.25896784069756745
2026-01-03 17:53:59,5a6084208576340017d0667e,0.0,0.0,0.0,0.0,4.1,3.9,4.1,3.7,0.3
2026-01-03 17:53:59,5a825ab55058170011f6ead2,0.0,0.0,0.0,0.0,4.1,3.9,4.1,3.7,0.28624858950000004
2026-01-03 17:53:59,586e20a0f9fab7001111b0a7,0.0,0.0,0.0,0.0,4.1,3.9,4.1,3.7,0.3
2026-01-03 17:53:59,6623edd26f998a001b2526f7,0.0,0.0,0.0,0.0,4.1,3.9,4.1,3.7,0.25896784069756745
2026-01-03 17:53:59,5a8255a55058170011f6eac7,0.0,0.0,0.0,0.0,4.1,3.9,4.1,3.7,0.25896784069756745
2026-01-03 17:53:59,56de42f611f398ec0c481294,0.0,0.0,0.0,0.0,4.1,3.9,4.1,3.7,0.3
2026-01-03 17:53:59,587ed91db807da0011e33d4e,0.0,0.0,0.0,0.0,4.1,3.9,4.1,3.7,0.25896784069756745
2026-01-03 17:53:59,63b54dcbbfd3d90017ea7ba8,0.0,0.0,0.0,0.0,4.1,3.9,4.1,3.7,0.25896784069756745
2026-01-03 17:53:59,56de42f611f398ec0c48128a,0.0,0.0,0.0,0.0,4.1,3.9,4.1,3.7,0.25896784069756745
2026-01-03 17:53:59,6623ed9b6f998a001b2526cd,0.0,0.0,0.0,0.0,4.1,3.9,4.1,3.7,0.25896784069756745
2026-01-03 17:53:59,58b5752e17139d0010f35d5f,0.0,0.0,0.0,0.0,4.1,3.9,4.1,3.7,0.25896784069756745
2026-01-03 17:53:59,58175c81edeb6c0012a2d5c2,0.0,0.0,0.0,0.0,4.1,3.9,4.1,3.7,0.25896784069756745
2026-01-03 17:53:59,631812e6c9eae60017a19567,0.0,0.0,0.0,0.0,4.1,3.9,4.1,3.7,0.25896784069756745
2026-01-03 17:53:59,6623e7b76f998a001b25242d,0.0,0.0,0.0,0.0,4.1,3.9,4.1,3.7,0.25896784069756745
2026-01-03 17:53:59,5ad068b198d8fc001102e278,0.0,0.0,0.0,0.0,4.1,3.9,4.1,3.7,0.3
2026-01-03 17:53:59,63ae75a3bfd3d90017e8f051,0.0,0.0,0.0,0.0,4.1,3.9,4.1,3.7,0.25896784069756745
2026-01-03 17:53:59,662b7d8a1afb9c00172dc71f,0.0,0.0,0.0,0.0,4.1,3.9,4.1,3.7,0.25896784069756745
2026-01-03 17:53:59,5abbb77298d8fc001102dfce,0.0,0.0,0.0,0.0,4.1,3.9,4.1,3.7,0.25896784069756745
2026-01-03 17:53:59,63bd1f48bfd3d90017ec3d19,0.0,0.0,0.0,0.0,4.1,3.9,4.1,3.7,0.25896784069756745
2026-01-03 17:53:59,58aff2c6bd82540010390c55,0.0,0.0,0.0,0.0,4.1,3.9,4.1,3.7,0.25896784069756745
2026-01-03 17:53:59,5b25a1dcf13cba001124e710,0.0,0.0,0.0,0.0,4.1,3.9,4.1,3.7,0.3
2026-01-03 17:53:59,5deb576d1dc17d7c5515ad18,0.0,0.0,0.0,0.0,4.1,3.9,4.1,3.7,0.25896784069756745
2026-01-03 17:53:59,66b1c1bf779f740018673ef2,0.0,0.0,0.0,0.0,4.1,3.9,4.1,3.7,0.25896784069756745
2026-01-03 17:53:59,56de42f611f398ec0c4812a0,0.0,0.0,0.0,0.0,4.1,3.9,4.1,3.7,0.25896784069756745
2026-01-03 17:53:59,6623efc26f998a001b25277f,0.0,0.0,0.0,0.0,4.1,3.9,4.1,3.7,0.25896784069756745
2026-01-03 17:53:59,662b50841afb9c00172d880d,0.0,0.0,0.0,0.0,4.1,3.9,4.1,3.7,0.25896784069756745
2026-01-03 17:53:59,58abc0cbbd82540010390ba6,0.0,0.0,0.0,0.0,4.1,3.9,4.1,3.7,0.25896784069756745
2026-01-03 17:53:59,58afea5dbd82540010390c4d,0.0,0.0,0.0,0.0,4.1,3.9,4.1,3.7,0.25896784069756745
2026-01-03 17:53:59,5deb576d1dc17d7c5515ad07,0.0,0.0,0.0,0.0,4.1,3.9,4.1,3.7,0.25896784069756745
2026-01-03 17:53:59,5d8cdc1d766c88001718896c,0.0,0.0,0.0,0.0,4.1,3.9,4.1,3.7,0.25896784069756745
2026-01-03 17:53:59,5a606c758576340017d06626,0.0,0.0,0.0,0.0,4.1,3.9,4.1,3.7,0.25896784069756745
2026-01-03 17:53:59,68fae2966b936b00172186a6,0.0,0.0,0.0,0.0,4.1,3.9,4.1,3.7,0.25896784069756745
2026-01-03 17:53:59,63b66008bfd3d90017eaa476,0.0,0.0,0.0,0.0,4.1,3.9,4.1,3.7,0.3
2026-01-03 17:53:59,5a82628e5058170011f6eadb,0.0,0.0,0.0,0.0,4.1,3.9,4.1,3.7,0.25896784069756745
2026-01-03 17:53:59,589b46b3b3bf7600110283d0,0.0,0.0,0.0,0.0,4.1,3.9,4.1,3.7,0.3
2026-01-03 17:53:59,5d8cd653766c88001718894c,0.0,0.0,0.0,0.0,4.1,3.9,4.1,3.7,0.25896784069756745
2026-01-03 17:53:59,662b4de41afb9c00172d85c5,0.0,0.0,0.0,0.0,4.1,3.9,4.1,3.7,0.25896784069756745
2026-01-03 17:53:59,58af8eb2bd82540010390c30,0.0,0.0,0.0,0.0,4.1,3.9,4.1,3.7,0.25896784069756745
2026-01-03 17:53:59,6623ee176f998a001b25270c,0.0,0.0,0.0,0.0,4.1,3.9,4.1,3.7,0.25896784069756745
2026-01-03 17:53:59,5b0b7d240e517b00119fd809,0.0,0.0,0.0,0.0,4.1,3.9,4.1,3.7,0.3
2026-01-03 17:53:59,595f8d233dcfc400106f28f0,0.0,0.0,0.0,0.0,4.1,3.9,4.1,3.7,0.25896784069756745
2026-01-03 17:53:59,5deb576d1dc17d7c5515ad1d,0.0,0.0,0.0,0.0,4.1,3.9,4.1,3.7,0.3
2026-01-03 17:53:59,68ae7e997d735d00173c7445,0.0,0.0,0.0,0.0,4.1,3.9,4.1,3.7,0.25896784069756745
2026-01-03 17:53:59,5b0b835b0e517b00119fd80d,0.0,0.0,0.0,0.0,4.1,3.9,4.1,3.7,0.25896784069756745
2026-01-03 17:53:59,5b6c155aca0577001163fe36,0.0,0.0,0.0,0.0,4.1,3.9,4.1,3.7,0.3
2026-01-03 17:53:59,5d8cd2a3766c88001718893c,0.0,0.0,0.0,0.0,4.1,3.9,4.1,3.7,0.25896784069756745
2026-01-03 17:53:59,662b4e8e1afb9c00172d865c,0.0,0.0,0.0,0.0,4.1,3.9,4.1,3.7,0.25896784069756745
2026-01-03 17:53:59,66b1c190779f740018673ed4,0.0,0.0,0.0,0.0,4.1,3.9,4.1,3.7,0.25896784069756745
2026-01-03 17:53:59,662b7f9f1afb9c00172dca50,0.0,0.0,0.0,0.0,4.1,3.9,4.1,3.7,0.25896784069756745
2026-01-03 17:53:59,68a589294e89b100173b61d9,0.0,0.0,0.0,0.0,4.1,3.9,4.1,3.7,0.25896784069756745
2026-01-03 17:53:59,58747923b807da0011e33cf5,0.0,0.0,0.0,0.0,4.1,3.9,4.1,3.7,0.25896784069756745
2026-01-03 17:53:59,63ae7af4bfd3d90017e8f32c,0.0,0.0,0.0,0.0,4.1,3.9,4.1,3.7,0.25896784069756745
2026-01-03 17:53:59,5875d4f8b807da0011e33d1a,0.0,0.0,0.0,0.0,4.1,3.9,4.1,3.7,0.25896784069756745
2026-01-03 17:53:59,595d92013dcfc400106f2877,0.0,0.0,0.0,0.0,4.1,3.9,4.1,3.7,0.25896784069756745
2026-01-03 17:53:59,681886f26dfb4b0018f8f31a,0.0,0.0,0.0,0.0,4.1,3.9,4.1,3.7,0.25896784069756745
2026-01-03 17:53:59,662b80721afb9c00172dcb28,0.0,0.0,0.0,0.0,4.1,3.9,4.1,3.7,0.25896784069756745
2026-01-03 17:53:59,59ca2f4402eb490011a0a3f9,0.0,0.0,0.0,0.0,4.1,3.9,4.1,3.7,0.25896784069756745
2026-01-03 17:53:59,586e1f18f9fab7001111b0a5,0.0,0.0,0.0,0.0,4.1,3.9,4.1,3.7,0.25896784069756745
2026-01-03 17:53:59,681891e26dfb4b0018f90a69,0.0,0.0,0.0,0.0,4.1,3.9,4.1,3.7,0.25896784069756745
2026-01-03 17:53:59,5d9de3c2766c880017188cb3,0.0,0.0,0.0,0.0,4.1,3.9,4.1,3.7,0.25896784069756745
2026-01-03 17:53:59,63ae7cfcbfd3d90017e8f422,0.0,0.0,0.0,0.0,4.1,3.9,4.1,3.7,0.3
2026-01-03 17:53:59,5b0e1faacddcc80011ceb449,0.0,0.0,0.0,0.0,4.1,3.9,4.1,3.7,0.25896784069756745
2026-01-03 17:53:59,63b65fa9bfd3d90017eaa449,0.0,0.0,0.0,0.0,4.1,3.9,4.1,3.7,0.3
2026-01-03 17:53:59,6623e5066f998a001b252317,0.0,0.0,0.0,0.0,4.1,3.9,4.1,3.7,0.25896784069756745
2026-01-03 17:53:59,662b5c141afb9c00172d93d7,0.0,0.0,0.0,0.0,4.1,3.9,4.1,3.7,0.25896784069756745
2026-01-03 17:53:59,66b1c158779f740018673eb4,0.0,0.0,0.0,0.0,4.1,3.9,4.1,3.7,0.25896784069756745
2026-01-03 17:53:59,56df8381c062921100c143e2,0.0,0.0,0.0,0.0,4.1,3.9,4.1,3.7,0.25896784069756745
2026-01-03 17:53:59,5d8cd1f9766c880017188938,0.0,0.0,0.0,0.0,4.1,3.9,4.1,3.7,0.3
2026-01-03 17:53:59,595da2dd3dcfc400106f2885,0.0,0.0,0.0,0.0,4.1,3.9,4.1,3.7,0.25896784069756745
2026-01-03 17:53:59,595f80e83dcfc400106f28e4,0.0,0.0,0.0,0.0,4.1,3.9,4.1,3.7,0.25896784069756745
2026-01-03 17:53:59,631955e7c9eae60017a1c30a,0.0,0.0,0.0,0.0,4.1,3.9,4.1,3.7,0.25896784069756745
2026-01-03 17:53:59,5a6060e08576340017d0660f,0.0,0.0,0.0,0.0,4.1,3.9,4.1,3.7,0.25896784069756745
2026-01-03 17:53:59,5a607ea98576340017d0666d,0.0,0.0,0.0,0.0,4.1,3.9,4.1,3.7,0.3
2026-01-03 17:53:59,63b548c3bfd3d90017ea77c0,0.0,0.0,0.0,0.0,4.1,3.9,4.1,3.7,0.25896784069756745
2026-01-03 17:53:59,662a8c931afb9c00172d2901,0.0,0.0,0.0,0.0,4.1,3.9,4.1,3.7,0.25896784069756745
2026-01-03 17:53:59,63195556c9eae60017a1c2ba,0.0,0.0,0.0,0.0,4.1,3.9,4.1,3.7,0.25896784069756745
2026-01-03 17:53:59,58df4adedc195800111e04b4,0.0,0.0,0.0,0.0,4.1,3.9,4.1,3.7,0.25896784069756745
2026-01-03 17:53:59,59ca301902eb490011a0a400,0.0,0.0,0.0,0.0,4.1,3.9,4.1,3.7,0.25896784069756745
2026-01-03 17:53:59,584e738361cfea0012cf6951,0.0,0.0,0.0,0.0,4.1,3.9,4.1,3.7,0.25896784069756745
2026-01-03 17:53:59,583f958161cfea0012cf68f5,0.0,0.0,0.0,0.0,4.1,3.9,4.1,3.7,0.25896784069756745
2026-01-03 17:53:59,6922921744912200174bc71d,0.0,0.0,0.0,0.0,4.1,3.9,4.1,3.7,0.25896784069756745
2026-01-03 17:53:59,5a8253615058170011f6eabf,0.0,0.0,0.0,0.0,4.1,3.9,4.1,3.7,0.25896784069756745
2026-01-03 17:53:59,5deb576d1dc17d7c5515ad0f,0.0,0.0,0.0,0.0,4.1,3.9,4.1,3.7,0.25896784069756745
2026-01-03 17:53:59,68fae2b66b936b00172186e5,0.0,0.0,0.0,0.0,4.1,3.9,4.1,3.7,0.25896784069756745
2026-01-03 17:53:59,662b51761afb9c00172d88ef,0.0,0.0,0.0,0.0,4.1,3.9,4.1,3.7,0.25896784069756745
2026-01-03 17:53:59,68a5873d4e89b100173b5f60,0.0,0.0,0.0,0.0,4.1,3.9,4.1,3.7,0.25896784069756745
2026-01-03 17:53:59,66b1c370779f7400186740b3,0.0,0.0,0.0,0.0,4.1,3.9,4.1,3.7,0.25896784069756745
2026-01-03 17:53:59,6623ec376f998a001b252671,0.0,0.0,0.0,0.0,4.1,3.9,4.1,3.7,0.25896784069756745
2026-01-03 17:53:59,59ca2e6002eb490011a0a3f3,0.0,0.0,0.0,0.0,4.1,3.9,4.1,3.7,0.3
2026-01-03 17:53:59,5b6c1618ca0577001163fe3c,0.0,0.0,0.0,0.0,4.1,3.9,4.1,3.7,0.3
2026-01-03 17:53:59,5deb576d1dc17d7c5515ad22,0.0,0.0,0.0,0.0,4.1,3.9,4.1,3.7,0.25896784069756745
2026-01-03 17:53:59,63b664d2bfd3d90017eaaa0f,0.0,0.0,0.0,0.0,4.1,3.9,4.1,3.7,0.25896784069756745
2026-01-03 17:53:59,56df85bdc062921100c143e8,0.0,0.0,0.0,0.0,4.1,3.9,4.1,3.7,0.3
2026-01-03 17:53:59,662b85031afb9c00172dd0dc,0.0,0.0,0.0,0.0,4.1,3.9,4.1,3.7,0.25896784069756745
2026-01-03 17:53:59,58d7b5a7c1e33c00112b320a,0.0,0.0,0.0,0.0,4.1,3.9,4.1,3.7,0.25896784069756745
2026-01-03 17:53:59,662a8f3a1afb9c00172d2b31,0.0,0.0,0.0,0.0,4.1,3.9,4.1,3.7,0.25896784069756745
2026-01-03 17:53:59,58aff01fbd82540010390c50,0.0,0.0,0.0,0.0,4.1,3.9,4.1,3.7,0.25896784069756745
2026-01-03 17:53:59,5d8cdb9f766c880017188968,0.0,0.0,0.0,0.0,4.1,3.9,4.1,3.7,0.25896784069756745
2026-01-03 17:53:59,5a6085fb8576340017d06686,0.0,0.0,0.0,0.0,4.1,3.9,4.1,3.7,0.25896784069756745
2026-01-03 17:53:59,59ca31d602eb490011a0a40b,0.0,0.0,0.0,0.0,4.1,3.9,4.1,3.7,0.25896784069756745
2026-01-03 17:53:59,587c782db807da0011e33d3b,0.0,0.0,0.0,0.0,4.1,3.9,4.1,3.7,0.25896784069756745
2026-01-03 17:53:59,662a8d821afb9c00172d29c8,0.0,0.0,0.0,0.0,4.1,3.9,4.1,3.7,0.25896784069756745
2026-01-03 17:53:59,63ae7d29bfd3d90017e8f437,0.0,0.0,0.0,0.0,4.1,3.9,4.1,3.7,0.25896784069756745
2026-01-03 17:53:59,68ae7ee47d735d00173c7492,0.0,0.0,0.0,0.0,4.1,3.9,4.1,3.7,0.25896784069756745
2026-01-03 17:53:59,56de42f611f398ec0c48129f,0.0,0.0,0.0,0.0,4.1,3.9,4.1,3.7,0.2657603937607214
2026-01-03 17:53:59,68188b296dfb4b0018f8f9a3,0.0,0.0,0.0,0.0,4.1,3.9,4.1,3.7,0.25896784069756745
2026-01-03 17:53:59,662b80b91afb9c00172dcb5b,0.0,0.0,0.0,0.0,4.1,3.9,4.1,3.7,0.25896784069756745
2026-01-03 17:53:59,692292c044912200174bc76d,0.0,0.0,0.0,0.0,4.1,3.9,4.1,3.7,0.25896784069756745
2026-01-03 17:53:59,68188d586dfb4b0018f9018d,0.0,0.0,0.0,0.0,4.1,3.9,4.1,3.7,0.25896784069756745
2026-01-03 17:53:59,662b50261afb9c00172d87b2,0.0,0.0,0.0,0.0,4.1,3.9,4.1,3.7,0.25896784069756745
2026-01-03 17:53:59,59ca2d9d02eb490011a0a3f0,0.0,0.0,0.0,0.0,4.1,3.9,4.1,3.7,0.25896784069756745
2026-01-03 17:53:59,68a588984e89b100173b6138,0.0,0.0,0.0,0.0,4.1,3.9,4.1,3.7,0.25896784069756745
2026-01-03 17:53:59,5a8256df5058170011f6eacb,0.0,0.0,0.0,0.0,4.1,3.9,4.1,3.7,0.25896784069756745
2026-01-03 17:53:59,5deb576d1dc17d7c5515acfc,0.0,0.0,0.0,0.0,4.1,3.9,4.1,3.7,0.25896784069756745
2026-01-03 17:53:59,587c8c20b807da0011e33d47,0.0,0.0,0.0,0.0,4.1,3.9,4.1,3.7,0.25896784069756745
2026-01-03 17:53:59,58744fb0b807da0011e33cc0,0.0,0.0,0.0,0.0,4.1,3.9,4.1,3.7,0.25896784069756745
2026-01-03 17:53:59,5822f23aedeb6c0012a2d6a8,0.0,0.0,0.0,0.0,4.1,3.9,4.1,3.7,0.3
2026-01-03 17:53:59,649da495a6068200171a6cb6,0.0,0.0,0.0,0.0,4.1,3.9,4.1,3.7,0.25896784069756745
2026-01-03 18:53:38,59d3524f02eb490011a0a61b,0.0,0.0,0.0,0.0,4.1,4.1,3.9,3.5,0.3
2026-01-03 18:53:38,5a6065c58576340017d06615,0.0,0.0,0.0,0.0,4.1,4.1,3.9,3.5,0.25896784069756745
2026-01-03 18:53:38,6623f4df6f998a001b2528eb,0.0,0.0,0.0,0.0,4.1,4.1,3.9,3.5,0.25896784069756745
2026-01-03 18:53:38,662b7ce71afb9c00172dc676,0.0,0.0,0.0,0.0,4.1,4.1,3.9,3.5,0.25896784069756745
2026-01-03 18:53:38,583f969161cfea0012cf68f7,0.0,0.0,0.0,0.0,4.1,4.1,3.9,3.5,0.25896784069756745
2026-01-03 18:53:38,59ca317602eb490011a0a408,0.0,0.0,0.0,0.0,4.1,4.1,3.9,3.5,0.25896784069756745
2026-01-03 18:53:38,6623e8da6f998a001b2524a6,0.0,0.0,0.0,0.0,4.1,4.1,3.9,3.5,0.25896784069756745
2026-01-03 18:53:38,56de42f611f398ec0c481299,0.0,0.0,0.0,0.0,4.1,4.1,3.9,3.5,0.25896784069756745
2026-01-03 18:53:38,66b1c426779f74001867415e,0.0,0.0,0.0,0.0,4.1,4.1,3.9,3.5,0.25896784069756745
2026-01-03 18:53:38,595dc29c3dcfc400106f2894,0.0,0.0,0.0,0.0,4.1,4.1,3.9,3.5,0.25896784069756745
2026-01-03 18:53:38,5d9de4de766c880017188cbb,0.0,0.0,0.0,0.0,4.1,4.1,3.9,3.5,0.25896784069756745
2026-01-03 18:53:38,6623f44f6f998a001b2528aa,0.0,0.0,0.0,0.0,4.1,4.1,3.9,3.5,0.25896784069756745
2026-01-03 18:53:38,662a881a1afb9c00172d2559,0.0,0.0,0.0,0.0,4.1,4.1,3.9,3.5,0.25896784069756745
2026-01-03 18:53:38,5a605f828576340017d06608,0.0,0.0,0.0,0.0,4.1,4.1,3.9,3.5,0.3
2026-01-03 18:53:38,68188fe36dfb4b0018f90520,0.0,0.0,0.0,0.0,4.1,4.1,3.9,3.5,0.3
2026-01-03 18:53:38,5deb576d1dc17d7c5515ad15,0.0,0.0,0.0,0.0,4.1,4.1,3.9,3.5,0.25896784069756745
2026-01-03 18:53:38,5b8b2323ca057700116405d0,0.0,0.0,0.0,0.0,4.1,4.1,3.9,3.5,0.25896784069756745
2026-01-03 18:53:38,68188a226dfb4b0018f8f70a,0.0,0.0,0.0,0.0,4.1,4.1,3.9,3.5,0.25896784069756745
2026-01-03 18:53:38,681889a96dfb4b0018f8f67e,0.0,0.0,0.0,0.0,4.1,4.1,3.9,3.5,0.25896784069756745
2026-01-03 18:53:38,63ae7a50bfd3d90017e8f2b2,0.0,0.0,0.0,0.0,4.1,4.1,3.9,3.5,0.25896784069756745
2026-01-03 18:53:38,587ee0ecb807da0011e33d50,0.0,0.0,0.0,0.0,4.1,4.1,3.9,3.5,0.27228657219394764
2026-01-03 18:53:38,56de42f611f398ec0c48128f,0.0,0.0,0.0,0.0,4.1,4.1,3.9,3.5,0.25896784069756745
2026-01-03 18:53:38,56de42f611f398ec0c4812a2,0.0,0.0,0.0,0.0,4.1,4.1,3.9,3.5,0.25896784069756745
2026-01-03 18:53:38,6922934b44912200174bc7ec,0.0,0.0,0.0,0.0,4.1,4.1,3.9,3.5,0.25896784069756745
2026-01-03 18:53:38,63bd1f21bfd3d90017ec3d04,0.0,0.0,0.0,0.0,4.1,4.1,3.9,3.5,0.25896784069756745
2026-01-03 18:53:38,58df4d95dc195800111e04b9,0.0,0.0,0.0,0.0,4.1,4.1,3.9,3.5,0.25896784069756745
2026-01-03 18:53:38,586e28a0f9fab7001111b0b3,0.0,0.0,0.0,0.0,4.1,4.1,3.9,3.5,0.25896784069756745
2026-01-03 18:53:38,595dd8463dcfc400106f28b2,0.0,0.0,0.0,0.0,4.1,4.1,3.9,3.5,0.25896784069756745
2026-01-03 18:53:38,662b81721afb9c00172dcc44,0.0,0.0,0.0,0.0,4.1,4.1,3.9,3.5,0.25896784069756745
2026-01-03 18:53:38,67e217c43215f90017863bc8,0.0,0.0,0.0,0.0,4.1,4.1,3.9,3.5,0.25896784069756745
2026-01-03 18:53:38,66b1c3c2779f740018674125,0.0,0.0,0.0,0.0,4.1,4.1,3.9,3.5,0.25896784069756745
2026-01-03 18:53:38,5a8269c45058170011f6eae4,0.0,0.0,0.0,0.0,4.1,4.1,3.9,3.5,0.25896784069756745
2026-01-03 18:53:38,56de42f611f398ec0c481297,0.0,0.0,0.0,0.0,4.1,4.1,3.9,3.5,0.25896784069756745
2026-01-03 18:53:38,5822adbbedeb6c0012a2d65f,0.0,0.0,0.0,0.0,4.1,4.1,3.9,3.5,0.25896784069756745
2026-01-03 18:53:38,5deb576d1dc17d7c5515ad00,0.0,0.0,0.0,0.0,4.1,4.1,3.9,3.5,0.3
2026-01-03 18:53:38,5a823e425058170011f6eaa4,0.0,0.0,0.0,0.0,4.1,4.1,3.9,3.5,0.25896784069756745
2026-01-03 18:53:38,649da72ca6068200171a6dbb,0.0,0.0,0.0,0.0,4.1,4.1,3.9,3.5,0.25896784069756745
2026-01-03 18:53:38,5a6088218576340017d06693,0.0,0.0,0.0,0.0,4.1,4.1,3.9,3.5,0.25896784069756745
2026-01-03 18:53:38,63b65fd8bfd3d90017eaa461,0.0,0.0,0.0,0.0,4.1,4.1,3.9,3.5,0.25896784069756745
2026-01-03 18:53:38,5deb576d1dc17d7c5515ad08,0.0,0.0,0.0,0.0,4.1,4.1,3.9,3.5,0.25896784069756745
2026-01-03 18:53:38,595dc70d3dcfc400106f289a,0.0,0.0,0.0,0.0,4.1,4.1,3.9,3.5,0.3
2026-01-03 18:53:38,63b65ebebfd3d90017eaa3ae,0.0,0.0,0.0,0.0,4.1,4.1,3.9,3.5,0.25896784069756745
2026-01-03 18:53:38,5874769eb807da0011e33cec,0.0,0.0,0.0,0.0,4.1,4.1,3.9,3.5,0.25896784069756745
2026-01-03 18:53:38,63b660f8bfd3d90017eaa4ea,0.0,0.0,0.0,0.0,4.1,4.1,3.9,3.5,0.25896784069756745
2026-01-03 18:53:38,58af994abd82540010390c37,0.0,0.0,0.0,0.0,4.1,4.1,3.9,3.5,0.25896784069756745
2026-01-03 18:53:38,56df8108c062921100c143db,0.0,0.0,0.0,0.0,4.1,4.1,3.9,3.5,0.25896784069756745
2026-01-03 18:53:38,63ae7903bfd3d90017e8f211,0.0,0.0,0.0,0.0,4.1,4.1,3.9,3.5,0.25896784069756745
2026-01-03 18:53:38,63ae7727bfd3d90017e8f14a,0.0,0.0,0.0,0.0,4.1,4.1,3.9,3.5,0.25896784069756745
2026-01-03 18:53:38,6623f36e6f998a001b252878,0.0,0.0,0.0,0.0,4.1,4.1,3.9,3.5,0.25896784069756745
2026-01-03 18:53:38,5d9ddec9766c880017188c9c,0.0,0.0,0.0,0.0,4.1,4.1,3.9,3.5,0.25896784069756745
2026-01-03 18:53:38,5deb576d1dc17d7c5515ad02,0.0,0.0,0.0,0.0,4.1,4.1,3.9,3.5,0.25896784069756745
2026-01-03 18:53:38,681885ff6dfb4b0018f8f1ee,0.0,0.0,0.0,0.0,4.1,4.1,3.9,3.5,0.25896784069756745
2026-01-03 18:53:38,63ae79aabfd3d90017e8f26a,0.0,0.0,0.0,0.0,4.1,4.1,3.9,3.5,0.25896784069756745
2026-01-03 18:53:38,5d8cd7fb766c880017188954,0.0,0.0,0.0,0.0,4.1,4.1,3.9,3.5,0.25896784069756745
2026-01-03 18:53:38,56de42f611f398ec0c481293,0.0,0.0,0.0,0.0,4.1,4.1,3.9,3.5,0.25896784069756745
2026-01-03 18:53:38,63b66089bfd3d90017eaa4bd,0.0,0.0,0.0,0.0,4.1,4.1,3.9,3.5,0.25896784069756745
2026-01-03 18:53:38,63ae798abfd3d90017e8f255,0.0,0.0,0.0,0.0,4.1,4.1,3.9,3.5,0.25896784069756745
2026-01-03 18:53:38,662a89f51afb9c00172d26ef,0.0,0.0,0.0,0.0,4.1,4.1,3.9,3.5,0.25896784069756745
2026-01-03 18:53:38,6318287ec9eae60017a19f36,0.0,0.0,0.0,0.0,4.1,4.1,3.9,3.5,0.25896784069756745
2026-01-03 18:53:38,6792f3058c5ed4001b27f58e,0.0,0.0,0.0,0.0,4.1,4.1,3.9,3.5,0.25896784069756745
2026-01-03 18:53:38,587476e3b807da0011e33cee,0.0,0.0,0.0,0.0,4.1,4.1,3.9,3.5,0.25896784069756745
2026-01-03 18:53:38,597bf277faa7ea0011c7c29f,0.0,0.0,0.0,0.0,4.1,4.1,3.9,3.5,0.25896784069756745
2026-01-03 18:53:38,5d9de49d766c880017188cb9,0.0,0.0,0.0,0.0,4.1,4.1,3.9,3.5,0.25896784069756745
2026-01-03 18:53:38,5d9ddf49766c880017188ca0,0.0,0.0,0.0,0.0,4.1,4.1,3.9,3.5,0.25896784069756745
2026-01-03 18:53:38,63ae763bbfd3d90017e8f0c4,0.0,0.0,0.0,0.0,4.1,4.1,3.9,3.5,0.25896784069756745
2026-01-03 18:53:38,5d8cda6a766c880017188960,0.0,0.0,0.0,0.0,4.1,4.1,3.9,3.5,0.25896784069756745
2026-01-03 18:53:38,662b80e81afb9c00172dcbec,0.0,0.0,0.0,0.0,4.1,4.1,3.9,3.5,0.25896784069756745
2026-01-03 18:53:38,681826506dfb4b0018f83e64,0.0,0.0,0.0,0.0,4.1,4.1,3.9,3.5,0.3
2026-01-03 18:53:38,662a86a11afb9c00172d2410,0.0,0.0,0.0,0.0,4.1,4.1,3.9,3.5,0.25896784069756745
2026-01-03 18:53:38,5a6083198576340017d0667a,0.0,0.0,0.0,0.0,4.1,4.1,3.9,3.5,0.25896784069756745
2026-01-03 18:53:38,56de42f611f398ec0c48128b,0.0,0.0,0.0,0.0,4.1,4.1,3.9,3.5,0.25896784069756745
2026-01-03 18:53:38,58e49ff8d9d6200011e0b9d4,0.0,0.0,0.0,0.0,4.1,4.1,3.9,3.5,0.25896784069756745
2026-01-03 18:53:38,6922924644912200174bc737,0.0,0.0,0.0,0.0,4.1,4.1,3.9,3.5,0.25896784069756745
2026-01-03 18:53:38,681885a26dfb4b0018f8f176,0.0,0.0,0.0,0.0,4.1,4.1,3.9,3.5,0.25896784069756745
2026-01-03 18:53:38,5a8241105058170011f6eaa6,0.0,0.0,0.0,0.0,4.1,4.1,3.9,3.5,0.25896784069756745
2026-01-03 18:53:38,65e054fb6b18080018db6632,0.0,0.0,0.0,0.0,4.1,4.1,3.9,3.5,0.25896784069756745
2026-01-03 18:53:38,5a825ded5058170011f6ead7,0.0,0.0,0.0,0.0,4.1,4.1,3.9,3.5,0.25896784069756745
2026-01-03 18:53:38,5d8cdb0a766c880017188964,0.0,0.0,0.0,0.0,4.1,4.1,3.9,3.5,0.25896784069756745
2026-01-03 18:53:38,68188bb96dfb4b0018f8fdbf,0.0,0.0,0.0,0.0,4.1,4.1,3.9,3.5,0.25896784069756745
2026-01-03 18:53:38,56df833ac062921100c143e1,0.0,0.0,0.0,0.0,4.1,4.1,3.9,3.5,0.3
2026-01-03 18:53:38,6792efe48c5ed4001b27f336,0.0,0.0,0.0,0.0,4.1,4.1,3.9,3.5,0.25896784069756745
2026-01-03 18:53:38,63b5503bbfd3d90017ea7ccc,0.0,0.0,0.0,0.0,4.1,4.1,3.9,3.5,0.25896784069756745
2026-01-03 18:53:38,662a873b1afb9c00172d2483,0.0,0.0,0.0,0.0,4.1,4.1,3.9,3.5,0.25896784069756745
2026-01-03 18:53:38,66b1c3fa779f740018674146,0.0,0.0,0.0,0.0,4.1,4.1,3.9,3.5,0.25896784069756745
2026-01-03 18:53:38,5ad0621c98d8fc001102e268,0.0,0.0,0.0,0.0,4.1,4.1,3.9,3.5,0.25896784069756745
2026-01-03 18:53:38,66b1c34d779f74001867409e,0.0,0.0,0.0,0.0,4.1,4.1,3.9,3.5,0.25896784069756745
2026-01-03 18:53:38,595f89323dcfc400106f28ee,0.0,0.0,0.0,0.0,4.1,4.1,3.9,3.5,0.25896784069756745
2026-01-03 18:53:38,56de42f611f398ec0c48128c,0.0,0.0,0.0,0.0,4.1,4.1,3.9,3.5,0.25896784069756745
2026-01-03 18:53:38,662b558c1afb9c00172d8ed2,0.0,0.0,0.0,0.0,4.1,4.1,3.9,3.5,0.25896784069756745
2026-01-03 18:53:38,6623f4836f998a001b2528bf,0.0,0.0,0.0,0.0,4.1,4.1,3.9,3.5,0.25896784069756745
2026-01-03 18:53:38,662b85bf1afb9c00172dd149,0.0,0.0,0.0,0.0,4.1,4.1,3.9,3.5,0.25896784069756745
2026-01-03 18:53:38,595d98fc3dcfc400106f287b,0.0,0.0,0.0,0.0,4.1,4.1,3.9,3.5,0.3
2026-01-03 18:53:38,6818887f6dfb4b0018f8f54c,0.0,0.0,0.0,0.0,4.1,4.1,3.9,3.5,0.25896784069756745
2026-01-03 18:53:38,63b54bcdbfd3d90017ea7a82,0.0,0.0,0.0,0.0,4.1,4.1,3.9,3.5,0.25896784069756745
2026-01-03 18:53:38,68eddd0a230ee50017d040b2,0.0,0.0,0.0,0.0,4.1,4.1,3.9,3.5,0.25896784069756745
2026-01-03 18:53:38,68a587d54e89b100173b6021,0.0,0.0,0.0,0.0,4.1,4.1,3.9,3.5,0.25896784069756745
2026-01-03 18:53:38,5b5995a3fd4edb0019c7d9ab,0.0,0.0,0.0,0.0,4.1,4.1,3.9,3.5,0.25896784069756745
2026-01-03 18:53:38,692291f044912200174bc703,0.0,0.0,0.0,0.0,4.1,4.1,3.9,3.5,0.25896784069756745
2026-01-03 18:53:38,662b81a31afb9c00172dcc65,0.0,0.0,0.0,0.0,4.1,4.1,3.9,3.5,0.2725713363689175
2026-01-03 18:53:38,5deb576d1dc17d7c5515acf6,0.0,0.0,0.0,0.0,4.1,4.1,3.9,3.5,0.25896784069756745
2026-01-03 18:53:38,58746488b807da0011e33cd7,0.0,0.0,0.0,0.0,4.1,4.1,3.9,3.5,0.25896784069756745
2026-01-03 18:53:38,662b83381afb9c00172dcf88,0.0,0.0,0.0,0.0,4.1,4.1,3.9,3.5,0.25896784069756745
2026-01-03 18:53:38,5822b5ededeb6c0012a2d66a,0.0,0.0,0.0,0.0,4.1,4.1,3.9,3.5,0.25896784069756745
2026-01-03 18:53:38,63b660d8bfd3d90017eaa4d5,0.0,0.0,0.0,0.0,4.1,4.1,3.9,3.5,0.25896784069756745
2026-01-03 18:53:38,63ae7be0bfd3d90017e8f3a8,0.0,0.0,0.0,0.0,4.1,4.1,3.9,3.5,0.25896784069756745
2026-01-03 18:53:38,63b54a04bfd3d90017ea783e,0.0,0.0,0.0,0.0,4.1,4.1,3.9,3.5,0.2657603937607214
2026-01-03 18:53:38,63b54f70bfd3d90017ea7c86,0.0,0.0,0.0,0.0,4.1,4.1,3.9,3.5,0.25896784069756745
2026-01-03 18:53:38,5a8267fe5058170011f6eae1,0.0,0.0,0.0,0.0,4.1,4.1,3.9,3.5,0.27940071830835006
2026-01-03 18:53:38,595d984b3dcfc400106f2879,0.0,0.0,0.0,0.0,4.1,4.1,3.9,3.5,0.25896784069756745
2026-01-03 18:53:38,5b25a268f13cba001124e713,0.0,0.0,0.0,0.0,4.1,4.1,3.9,3.5,0.3
2026-01-03 18:53:38,63ae768dbfd3d90017e8f0f1,0.0,0.0,0.0,0.0,4.1,4.1,3.9,3.5,0.25896784069756745
2026-01-03 18:53:38,6818884f6dfb4b0018f8f50f,0.0,0.0,0.0,0.0,4.1,4.1,3.9,3.5,0.25896784069756745
2026-01-03 18:53:38,662a89ae1afb9c00172d26ad,0.0,0.0,0.0,0.0,4.1,4.1,3.9,3.5,0.25896784069756745
2026-01-03 18:53:38,63b54a70bfd3d90017ea7862,0.0,0.0,0.0,0.0,4.1,4.1,3.9,3.5,0.25896784069756745
2026-01-03 18:53:38,58e49783d9d6200011e0b9ce,0.0,0.0,0.0,0.0,4.1,4.1,3.9,3.5,0.25896784069756745
2026-01-03 18:53:38,5deb576d1dc17d7c5515ad0c,0.0,0.0,0.0,0.0,4.1,4.1,3.9,3.5,0.25896784069756745
2026-01-03 18:53:38,6623ef776f998a001b252768,0.0,0.0,0.0,0.0,4.1,4.1,3.9,3.5,0.25896784069756745
2026-01-03 18:53:38,58d7bbf2c1e33c00112b3216,0.0,0.0,0.0,0.0,4.1,4.1,3.9,3.5,0.25896784069756745
2026-01-03 18:53:38,662b51d21afb9c00172d89bf,0.0,0.0,0.0,0.0,4.1,4.1,3.9,3.5,0.25896784069756745
2026-01-03 18:53:38,58746295b807da0011e33ccb,0.0,0.0,0.0,0.0,4.1,4.1,3.9,3.5,0.25896784069756745
2026-01-03 18:53:38,585b2baec3f96200127dc508,0.0,0.0,0.0,0.0,4.1,4.1,3.9,3.5,0.25896784069756745
2026-01-03 18:53:38,5a606cd08576340017d06628,0.0,0.0,0.0,0.0,4.1,4.1,3.9,3.5,0.25896784069756745
2026-01-03 18:53:38,662b80051afb9c00172dcaf6,0.0,0.0,0.0,0.0,4.1,4.1,3.9,3.5,0.25896784069756745
2026-01-03 18:53:38,5d8cd253766c88001718893a,0.0,0.0,0.0,0.0,4.1,4.1,3.9,3.5,0.3
2026-01-03 18:53:38,662b5bc31afb9c00172d92e2,0.0,0.0,0.0,0.0,4.1,4.1,3.9,3.5,0.25896784069756745
2026-01-03 18:53:38,662b58401afb9c00172d90f5,0.0,0.0,0.0,0.0,4.1,4.1,3.9,3.5,0.25896784069756745
2026-01-03 18:53:38,5874644cb807da0011e33cd5,0.0,0.0,0.0,0.0,4.1,4.1,3.9,3.5,0.25896784069756745
2026-01-03 18:53:38,662b867b1afb9c00172dd250,0.0,0.0,0.0,0.0,4.1,4.1,3.9,3.5,0.25896784069756745
2026-01-03 18:53:38,597bf0b8faa7ea0011c7c293,0.0,0.0,0.0,0.0,4.1,4.1,3.9,3.5,0.25896784069756745
2026-01-03 18:53:38,5a10c79f02eb490011a0b0dd,0.0,0.0,0.0,0.0,4.1,4.1,3.9,3.5,0.25896784069756745
2026-01-03 18:53:38,68188af96dfb4b0018f8f8e4,0.0,0.0,0.0,0.0,4.1,4.1,3.9,3.5,0.25896784069756745
2026-01-03 18:53:38,662b83ff1afb9c00172dcffb,0.0,0.0,0.0,0.0,4.1,4.1,3.9,3.5,0.25896784069756745
2026-01-03 18:53:38,5deb576d1dc17d7c5515ad19,0.0,0.0,0.0,0.0,4.1,4.1,3.9,3.5,0.25896784069756745
2026-01-03 18:53:38,5b6329fdfd4edb0019c7dc0b,0.0,0.0,0.0,0.0,4.1,4.1,3.9,3.5,0.3
2026-01-03 18:53:38,589add0fb3bf7600110283ae,0.0,0.0,0.0,0.0,4.1,4.1,3.9,3.5,0.25896784069756745
2026-01-03 18:53:38,5deb576d1dc17d7c5515ad01,0.0,0.0,0.0,0.0,4.1,4.1,3.9,3.5,0.25896784069756745
2026-01-03 18:53:38,58abbf72bd82540010390ba4,0.0,0.0,0.0,0.0,4.1,4.1,3.9,3.5,0.25896784069756745
2026-01-03 18:53:38,6623f1f16f998a001b25281f,0.0,0.0,0.0,0.0,4.1,4.1,3.9,3.5,0.25896784069756745
2026-01-03 18:53:38,58ad6961bd82540010390be5,0.0,0.0,0.0,0.0,4.1,4.1,3.9,3.5,0.25896784069756745
2026-01-03 18:53:38,59ca2fa302eb490011a0a3fd,0.0,0.0,0.0,0.0,4.1,4.1,3.9,3.5,0.3
2026-01-03 18:53:38,5a606dbc8576340017d0662b,0.0,0.0,0.0,0.0,4.1,4.1,3.9,3.5,0.25896784069756745
2026-01-03 18:53:38,662b52a31afb9c00172d8b01,0.0,0.0,0.0,0.0,4.1,4.1,3.9,3.5,0.25896784069756745
2026-01-03 18:53:38,58abbee5bd82540010390ba2,0.0,0.0,0.0,0.0,4.1,4.1,3.9,3.5,0.25896784069756745
2026-01-03 18:53:38,662a8ef41afb9c00172d2af2,0.0,0.0,0.0,0.0,4.1,4.1,3.9,3.5,0.2657603937607214
2026-01-03 18:53:38,6623f5b56f998a001b25292f,0.0,0.0,0.0,0.0,4.1,4.1,3.9,3.5,0.25896784069756745
2026-01-03 18:53:38,66b1c398779f7400186740e3,0.0,0.0,0.0,0.0,4.1,4.1,3.9,3.5,0.25896784069756745
2026-01-03 18:53:38,58d7b756c1e33c00112b320d,0.0,0.0,0.0,0.0,4.1,4.1,3.9,3.5,0.25896784069756745
2026-01-03 18:53:38,6623e31e6f998a001b252250,0.0,0.0,0.0,0.0,4.1,4.1,3.9,3.5,0.25896784069756745
2026-01-03 18:53:38,5deb576d1dc17d7c5515acfe,0.0,0.0,0.0,0.0,4.1,4.1,3.9,3.5,0.25896784069756745
2026-01-03 18:53:38,6792f3cf8c5ed4001b27f61e,0.0,0.0,0.0,0.0,4.1,4.1,3.9,3.5,0.25896784069756745
2026-01-03 18:53:38,58df4e22dc195800111e04bb,0.0,0.0,0.0,0.0,4.1,4.1,3.9,3.5,0.25896784069756745
2026-01-03 18:53:38,58d7b3e8c1e33c00112b3207,0.0,0.0,0.0,0.0,4.1,4.1,3.9,3.5,0.3
2026-01-03 18:53:38,5d8cdc57766c88001718896e,0.0,0.0,0.0,0.0,4.1,4.1,3.9,3.5,0.25896784069756745
2026-01-03 18:53:38,66f1266f538c780017c93579,0.0,0.0,0.0,0.0,4.1,4.1,3.9,3.5,0.25896784069756745
2026-01-03 18:53:38,5ad0679598d8fc001102e274,0.0,0.0,0.0,0.0,4.1,4.1,3.9,3.5,0.25896784069756745
2026-01-03 18:53:38,5a824b6c5058170011f6eaab,0.0,0.0,0.0,0.0,4.1,4.1,3.9,3.5,0.3
2026-01-03 18:53:38,62da3e840637a10017d7073d,0.0,0.0,0.0,0.0,4.1,4.1,3.9,3.5,0.25896784069756745
2026-01-03 18:53:38,56de42f611f398ec0c481288,0.0,0.0,0.0,0.0,4.1,4.1,3.9,3.5,0.25896784069756745
2026-01-03 18:53:38,5d8cd614766c88001718894a,0.0,0.0,0.0,0.0,4.1,4.1,3.9,3.5,0.25896784069756745
2026-01-03 18:53:38,5a824f975058170011f6eab8,0.0,0.0,0.0,0.0,4.1,4.1,3.9,3.5,0.25896784069756745
2026-01-03 18:53:38,5a824c3e5058170011f6eaae,0.0,0.0,0.0,0.0,4.1,4.1,3.9,3.5,0.25896784069756745
2026-01-03 18:53:38,5deb576d1dc17d7c5515acf9,0.0,0.0,0.0,0.0,4.1,4.1,3.9,3.5,0.25896784069756745
2026-01-03 18:53:38,587470c2b807da0011e33ce4,0.0,0.0,0.0,0.0,4.1,4.1,3.9,3.5,0.25896784069756745
2026-01-03 18:53:38,68188cbf6dfb4b0018f900e9,0.0,0.0,0.0,0.0,4.1,4.1,3.9,3.5,0.25896784069756745
2026-01-03 18:53:38,67e217ea3215f90017863bf1,0.0,0.0,0.0,0.0,4.1,4.1,3.9,3.5,0.25896784069756745
2026-01-03 18:53:38,68ede6d0230ee50017d04d4c,0.0,0.0,0.0,0.0,4.1,4.1,3.9,3.5,0.25896784069756745
2026-01-03 18:53:38,584e734a61cfea0012cf694f,0.0,0.0,0.0,0.0,4.1,4.1,3.9,3.5,0.25896784069756745
2026-01-03 18:53:38,662b7f251afb9c00172dc8bc,0.0,0.0,0.0,0.0,4.1,4.1,3.9,3.5,0.25896784069756745
2026-01-03 18:53:38,6623ec826f998a001b252686,0.0,0.0,0.0,0.0,4.1,4.1,3.9,3.5,0.25896784069756745
2026-01-03 18:53:38,5deb576d1dc17d7c5515ad23,0.0,0.0,0.0,0.0,4.1,4.1,3.9,3.5,0.25896784069756745
2026-01-03 18:53:38,6922939144912200174bc80c,0.0,0.0,0.0,0.0,4.1,4.1,3.9,3.5,0.25896784069756745
2026-01-03 18:53:38,595d9ba43dcfc400106f2880,0.0,0.0,0.0,0.0,4.1,4.1,3.9,3.5,0.3
2026-01-03 18:53:38,6818863c6dfb4b0018f8f235,0.0,0.0,0.0,0.0,4.1,4.1,3.9,3.5,0.25896784069756745
2026-01-03 18:53:38,589ad89eb3bf7600110283ac,0.0,0.0,0.0,0.0,4.1,4.1,3.9,3.5,0.25896784069756745
2026-01-03 18:53:38,662b5adc1afb9c00172d925b,0.0,0.0,0.0,0.0,4.1,4.1,3.9,3.5,0.25896784069756745
2026-01-03 18:53:38,5701e22bc4350a1100e26f6c,0.0,0.0,0.0,0.0,4.1,4.1,3.9,3.5,0.3
2026-01-03 18:53:38,5b87c386ca057700116404a6,0.0,0.0,0.0,0.0,4.1,4.1,3.9,3.5,0.25896784069756745
2026-01-03 18:53:38,5d8cd542766c880017188948,0.0,0.0,0.0,0.0,4.1,4.1,3.9,3.5,0.25896784069756745
2026-01-03 18:53:38,6623e8406f998a001b252465,0.0,0.0,0.0,0.0,4.1,4.1,3.9,3.5,0.25896784069756745
2026-01-03 18:53:38,5875cef0b807da0011e33d14,0.0,0.0,0.0,0.0,4.1,4.1,3.9,3.5,0.3
2026-01-03 18:53:38,5a823d555058170011f6eaa2,0.0,0.0,0.0,0.0,4.1,4.1,3.9,3.5,0.2657603937607214
2026-01-03 18:53:38,595da2853dcfc400106f2883,0.0,0.0,0.0,0.0,4.1,4.1,3.9,3.5,0.25896784069756745
2026-01-03 18:53:38,5b632950fd4edb0019c7dc07,0.0,0.0,0.0,0.0,4.1,4.1,3.9,3.5,0.25896784069756745
2026-01-03 18:53:38,5deb576d1dc17d7c5515ad06,0.0,0.0,0.0,0.0,4.1,4.1,3.9,3.5,0.25896784069756745
2026-01-03 18:53:38,662b54711afb9c00172d8d4f,0.0,0.0,0.0,0.0,4.1,4.1,3.9,3.5,0.25896784069756745
2026-01-03 18:53:38,5a8279865058170011f6eaef,0.0,0.0,0.0,0.0,4.1,4.1,3.9,3.5,0.25896784069756745
2026-01-03 18:53:38,662b4faa1afb9c00172d875e,0.0,0.0,0.0,0.0,4.1,4.1,3.9,3.5,0.25896784069756745
2026-01-03 18:53:38,662a87641afb9c00172d24b0,0.0,0.0,0.0,0.0,4.1,4.1,3.9,3.5,0.25896784069756745
2026-01-03 18:53:38,56de42f611f398ec0c4812a1,0.0,0.0,0.0,0.0,4.1,4.1,3.9,3.5,0.2657603937607214
2026-01-03 18:53:38,63ae7669bfd3d90017e8f0d9,0.0,0.0,0.0,0.0,4.1,4.1,3.9,3.5,0.25896784069756745
2026-01-03 18:53:38,63b65e6abfd3d90017eaa361,0.0,0.0,0.0,0.0,4.1,4.1,3.9,3.5,0.25896784069756745
2026-01-03 18:53:38,662a8fd41afb9c00172d2bac,0.0,0.0,0.0,0.0,4.1,4.1,3.9,3.5,0.25896784069756745
2026-01-03 18:53:38,56f11afc3ac17b11001c504e,0.0,0.0,0.0,0.0,4.1,4.1,3.9,3.5,0.25896784069756745
2026-01-03 18:53:38,585b2b1ec3f96200127dc505,0.0,0.0,0.0,0.0,4.1,4.1,3.9,3.5,0.25896784069756745
2026-01-03 18:53:38,5a825b7d5058170011f6ead4,0.0,0.0,0.0,0.0,4.1,4.1,3.9,3.5,0.25896784069756745
2026-01-03 18:53:38,5a6069238576340017d0661c,0.0,0.0,0.0,0.0,4.1,4.1,3.9,3.5,0.25896784069756745
2026-01-03 18:53:38,662b857b1afb9c00172dd106,0.0,0.0,0.0,0.0,4.1,4.1,3.9,3.5,0.25896784069756745
2026-01-03 18:53:38,56de42f611f398ec0c481298,0.0,0.0,0.0,0.0,4.1,4.1,3.9,3.5,0.25896784069756745
2026-01-03 18:53:38,63ae75f9bfd3d90017e8f097,0.0,0.0,0.0,0.0,4.1,4.1,3.9,3.5,0.25896784069756745
2026-01-03 18:53:38,63ae7829bfd3d90017e8f1ac,0.0,0.0,0.0,0.0,4.1,4.1,3.9,3.5,0.25896784069756745
2026-01-03 18:53:38,65e0556b6b18080018db665e,0.0,0.0,0.0,0.0,4.1,4.1,3.9,3.5,0.25896784069756745
2026-01-03 18:53:38,662b81eb1afb9c00172dcc85,0.0,0.0,0.0,0.0,4.1,4.1,3.9,3.5,0.25896784069756745
2026-01-03 18:53:38,595dd9ac3dcfc400106f28b4,0.0,0.0,0.0,0.0,4.1,4.1,3.9,3.5,0.25896784069756745
2026-01-03 18:53:38,662a8cc51afb9c00172d2938,0.0,0.0,0.0,0.0,4.1,4.1,3.9,3.5,0.25896784069756745
2026-01-03 18:53:38,587654d3b807da0011e33d36,0.0,0.0,0.0,0.0,4.1,4.1,3.9,3.5,0.25896784069756745
2026-01-03 18:53:38,5990ffdbbec3b90016d2ad2d,0.0,0.0,0.0,0.0,4.1,4.1,3.9,3.5,0.25896784069756745
2026-01-03 18:53:38,5a8259035058170011f6eacf,0.0,0.0,0.0,0.0,4.1,4.1,3.9,3.5,0.3
2026-01-03 18:53:38,63b54cffbfd3d90017ea7ad0,0.0,0.0,0.0,0.0,4.1,4.1,3.9,3.5,0.25896784069756745
2026-01-03 18:53:38,589b4644b3bf7600110283ce,0.0,0.0,0.0,0.0,4.1,4.1,3.9,3.5,0.25896784069756745
2026-01-03 18:53:38,5d8cd8e2766c880017188958,0.0,0.0,0.0,0.0,4.1,4.1,3.9,3.5,0.25896784069756745
2026-01-03 18:53:38,63b54fe4bfd3d90017ea7ca2,0.0,0.0,0.0,0.0,4.1,4.1,3.9,3.5,0.3
2026-01-03 18:53:38,6623ebd76f998a001b25264d,0.0,0.0,0.0,0.0,4.1,4.1,3.9,3.5,0.25896784069756745
2026-01-03 18:53:38,5a6086e88576340017d0668a,0.0,0.0,0.0,0.0,4.1,4.1,3.9,3.5,0.25896784069756745
2026-01-03 18:53:38,681888b66dfb4b0018f8f58c,0.0,0.0,0.0,0.0,4.1,4.1,3.9,3.5,0.25896784069756745
2026-01-03 18:53:38,5b6c15b8ca0577001163fe39,0.0,0.0,0.0,0.0,4.1,4.1,3.9,3.5,0.3
2026-01-03 18:53:38,5d8cd98d766c88001718895a,0.0,0.0,0.0,0.0,4.1,4.1,3.9,3.5,0.25896784069756745
2026-01-03 18:53:38,6623ee666f998a001b252726,0.0,0.0,0.0,0.0,4.1,4.1,3.9,3.5,0.25896784069756745
2026-01-03 18:53:38,662b84c11afb9c00172dd0b5,0.0,0.0,0.0,0.0,4.1,4.1,3.9,3.5,0.25896784069756745
2026-01-03 18:53:38,662b51201afb9c00172d889a,0.0,0.0,0.0,0.0,4.1,4.1,3.9,3.5,0.25896784069756745
2026-01-03 18:53:38,56df8198c062921100c143dd,0.0,0.0,0.0,0.0,4.1,4.1,3.9,3.5,0.25896784069756745
2026-01-03 18:53:38,56de42f611f398ec0c481282,0.0,0.0,0.0,0.0,4.1,4.1,3.9,3.5,0.25896784069756745
2026-01-03 18:53:38,58df4c2bdc195800111e04b7,0.0,0.0,0.0,0.0,4.1,4.1,3.9,3.5,0.3
2026-01-03 18:53:38,6623ea416f998a001b25260a,0.0,0.0,0.0,0.0,4.1,4.1,3.9,3.5,0.25896784069756745
2026-01-03 18:53:38,662b872d1afb9c00172dd36a,0.0,0.0,0.0,0.0,4.1,4.1,3.9,3.5,0.25896784069756745
2026-01-03 18:53:38,6623e4b06f998a001b2522f1,0.0,0.0,0.0,0.0,4.1,4.1,3.9,3.5,0.25896784069756745
2026-01-03 18:53:38,56de42f611f398ec0c48127e,0.0,0.0,0.0,0.0,4.1,4.1,3.9,3.5,0.25896784069756745
2026-01-03 18:53:38,595dd3a63dcfc400106f28a7,0.0,0.0,0.0,0.0,4.1,4.1,3.9,3.5,0.25896784069756745
2026-01-03 18:53:38,68ede5d4230ee50017d04c24,0.0,0.0,0.0,0.0,4.1,4.1,3.9,3.5,0.25896784069756745
2026-01-03 18:53:38,5a8266105058170011f6eadf,0.0,0.0,0.0,0.0,4.1,4.1,3.9,3.5,0.25896784069756745
2026-01-03 18:53:38,662b5afe1afb9c00172d9284,0.0,0.0,0.0,0.0,4.1,4.1,3.9,3.5,0.25896784069756745
2026-01-03 18:53:38,5a82602c5058170011f6ead9,0.0,0.0,0.0,0.0,4.1,4.1,3.9,3.5,0.25896784069756745
2026-01-03 18:53:38,585b2980c3f96200127dc502,0.0,0.0,0.0,0.0,4.1,4.1,3.9,3.5,0.25896784069756745
2026-01-03 18:53:38,56de42f611f398ec0c481284,0.0,0.0,0.0,0.0,4.1,4.1,3.9,3.5,0.3
2026-01-03 18:53:38,662b56c51afb9c00172d9071,0.0,0.0,0.0,0.0,4.1,4.1,3.9,3.5,0.25896784069756745
2026-01-03 18:53:38,63ae7a08bfd3d90017e8f285,0.0,0.0,0.0,0.0,4.1,4.1,3.9,3.5,0.25896784069756745
2026-01-03 18:53:38,662a8b061afb9c00172d27d7,0.0,0.0,0.0,0.0,4.1,4.1,3.9,3.5,0.25896784069756745
2026-01-03 18:53:38,587ee7d7b807da0011e33d55,0.0,0.0,0.0,0.0,4.1,4.1,3.9,3.5,0.25896784069756745
2026-01-03 18:53:38,5deb576d1dc17d7c5515ad12,0.0,0.0,0.0,0.0,4.1,4.1,3.9,3.5,0.3
2026-01-03 18:53:38,662b51a41afb9c00172d8926,0.0,0.0,0.0,0.0,4.1,4.1,3.9,3.5,0.2657603937607214
2026-01-03 18:53:38,63ae7893bfd3d90017e8f1e1,0.0,0.0,0.0,0.0,4.1,4.1,3.9,3.5,0.25896784069756745
2026-01-03 18:53:38,662a8b9e1afb9c00172d284d,0.0,0.0,0.0,0.0,4.1,4.1,3.9,3.5,0.25896784069756745
2026-01-03 18:53:38,5a823ba75058170011f6ea9e,0.0,0.0,0.0,0.0,4.1,4.1,3.9,3.5,0.25896784069756745
2026-01-03 18:53:38,681887346dfb4b0018f8f36a,0.0,0.0,0.0,0.0,4.1,4.1,3.9,3.5,0.25896784069756745
2026-01-03 18:53:38,662b5a401afb9c00172d91fc,0.0,0.0,0.0,0.0,4.1,4.1,3.9,3.5,0.25896784069756745
2026-01-03 18:53:38,56df8544c062921100c143e6,0.0,0.0,0.0,0.0,4.1,4.1,3.9,3.5,0.25896784069756745
2026-01-03 18:53:38,595ddb493dcfc400106f28b6,0.0,0.0,0.0,0.0,4.1,4.1,3.9,3.5,0.3
2026-01-03 18:53:38,66b1c1f2779f740018673f0d,0.0,0.0,0.0,0.0,4.1,4.1,3.9,3.5,0.25896784069756745
2026-01-03 18:53:38,589b4379b3bf7600110283c9,0.0,0.0,0.0,0.0,4.1,4.1,3.9,3.5,0.25896784069756745
2026-01-03 18:53:38,5a60604f8576340017d0660b,0.0,0.0,0.0,0.0,4.1,4.1,3.9,3.5,0.25896784069756745
2026-01-03 18:53:38,5d8cd9cb766c88001718895c,0.0,0.0,0.0,0.0,4.1,4.1,3.9,3.5,0.293115
2026-01-03 18:53:38,6623e6b86f998a001b2523b8,0.0,0.0,0.0,0.0,4.1,4.1,3.9,3.5,0.25896784069756745
2026-01-03 18:53:38,5a8256315058170011f6eac9,0.0,0.0,0.0,0.0,4.1,4.1,3.9,3.5,0.25896784069756745
2026-01-03 18:53:38,5ad064b498d8fc001102e26f,0.0,0.0,0.0,0.0,4.1,4.1,3.9,3.5,0.25896784069756745
2026-01-03 18:53:38,58af8d68bd82540010390c2e,0.0,0.0,0.0,0.0,4.1,4.1,3.9,3.5,0.25896784069756745
2026-01-03 18:53:38,65e0552f6b18080018db6647,0.0,0.0,0.0,0.0,4.1,4.1,3.9,3.5,0.25896784069756745
2026-01-03 18:53:38,595da7783dcfc400106f2888,0.0,0.0,0.0,0.0,4.1,4.1,3.9,3.5,0.25896784069756745
2026-01-03 18:53:38,662a8e121afb9c00172d2a3f,0.0,0.0,0.0,0.0,4.1,4.1,3.9,3.5,0.25896784069756745
2026-01-03 18:53:38,662b5be91afb9c00172d939b,0.0,0.0,0.0,0.0,4.1,4.1,3.9,3.5,0.25896784069756745
2026-01-03 18:53:38,5b728aafca0577001163ff7e,0.0,0.0,0.0,0.0,4.1,4.1,3.9,3.5,0.3
2026-01-03 18:53:38,6818901a6dfb4b0018f9058a,0.0,0.0,0.0,0.0,4.1,4.1,3.9,3.5,0.25896784069756745
2026-01-03 18:53:38,63ae7966bfd3d90017e8f240,0.0,0.0,0.0,0.0,4.1,4.1,3.9,3.5,0.3
2026-01-03 18:53:38,5a607fa38576340017d06671,0.0,0.0,0.0,0.0,4.1,4.1,3.9,3.5,0.25896784069756745
2026-01-03 18:53:38,662b87551afb9c00172dd43a,0.0,0.0,0.0,0.0,4.1,4.1,3.9,3.5,0.25896784069756745
2026-01-03 18:53:38,5deb576d1dc17d7c5515ad21,0.0,0.0,0.0,0.0,4.1,4.1,3.9,3.5,0.25896784069756745
2026-01-03 18:53:38,68188bf46dfb4b0018f8ff12,0.0,0.0,0.0,0.0,4.1,4.1,3.9,3.5,0.25896784069756745
2026-01-03 18:53:38,68a589a54e89b100173b6267,0.0,0.0,0.0,0.0,4.1,4.1,3.9,3.5,0.25896784069756745
2026-01-03 18:53:38,56de42f611f398ec0c481289,0.0,0.0,0.0,0.0,4.1,4.1,3.9,3.5,0.25896784069756745
2026-01-03 18:53:38,58ad69c4bd82540010390be7,0.0,0.0,0.0,0.0,4.1,4.1,3.9,3.5,0.25896784069756745
2026-01-03 18:53:38,6623f5876f998a001b25291a,0.0,0.0,0.0,0.0,4.1,4.1,3.9,3.5,0.25896784069756745
2026-01-03 18:53:38,6623e2e16f998a001b252233,0.0,0.0,0.0,0.0,4.1,4.1,3.9,3.5,0.25896784069756745
2026-01-03 18:53:38,63b54898bfd3d90017ea77ae,0.0,0.0,0.0,0.0,4.1,4.1,3.9,3.5,0.25896784069756745
2026-01-03 18:53:38,63b549b8bfd3d90017ea782c,0.0,0.0,0.0,0.0,4.1,4.1,3.9,3.5,0.25896784069756745
2026-01-03 18:53:38,662b5b271afb9c00172d9296,0.0,0.0,0.0,0.0,4.1,4.1,3.9,3.5,0.25896784069756745
2026-01-03 18:53:38,662a87df1afb9c00172d2522,0.0,0.0,0.0,0.0,4.1,4.1,3.9,3.5,0.25896784069756745
2026-01-03 18:53:38,68ede60a230ee50017d04c69,0.0,0.0,0.0,0.0,4.1,4.1,3.9,3.5,0.25896784069756745
2026-01-03 18:53:38,5a823bd55058170011f6eaa0,0.0,0.0,0.0,0.0,4.1,4.1,3.9,3.5,0.25896784069756745
2026-01-03 18:53:38,5a6085688576340017d06684,0.0,0.0,0.0,0.0,4.1,4.1,3.9,3.5,0.25896784069756745
2026-01-03 18:53:38,595dd7693dcfc400106f28b0,0.0,0.0,0.0,0.0,4.1,4.1,3.9,3.5,0.25896784069756745
2026-01-03 18:53:38,6623e88c6f998a001b25248b,0.0,0.0,0.0,0.0,4.1,4.1,3.9,3.5,0.25896784069756745
2026-01-03 18:53:38,63b54996bfd3d90017ea781a,0.0,0.0,0.0,0.0,4.1,4.1,3.9,3.5,0.25896784069756745
2026-01-03 18:53:38,56de42f611f398ec0c481283,0.0,0.0,0.0,0.0,4.1,4.1,3.9,3.5,0.25896784069756745
2026-01-03 18:53:38,5d8cdcf0766c880017188972,0.0,0.0,0.0,0.0,4.1,4.1,3.9,3.5,0.25896784069756745
2026-01-03 18:53:38,67e217643215f90017863b73,0.0,0.0,0.0,0.0,4.1,4.1,3.9,3.5,0.25896784069756745
2026-01-03 18:53:38,662b57ec1afb9c00172d90e3,0.0,0.0,0.0,0.0,4.1,4.1,3.9,3.5,0.3
2026-01-03 18:53:38,662b50571afb9c00172d87df,0.0,0.0,0.0,0.0,4.1,4.1,3.9,3.5,0.25896784069756745
2026-01-03 18:53:38,56df8274c062921100c143df,0.0,0.0,0.0,0.0,4.1,4.1,3.9,3.5,0.2657603937607214
2026-01-03 18:53:38,662b52131afb9c00172d8a23,0.0,0.0,0.0,0.0,4.1,4.1,3.9,3.5,0.2657603937607214
2026-01-03 18:53:38,68188b786dfb4b0018f8face,0.0,0.0,0.0,0.0,4.1,4.1,3.9,3.5,0.25896784069756745
2026-01-03 18:53:38,5a6061fd8576340017d06613,0.0,0.0,0.0,0.0,4.1,4.1,3.9,3.5,0.25896784069756745
2026-01-03 18:53:38,6623f0246f998a001b252797,0.0,0.0,0.0,0.0,4.1,4.1,3.9,3.5,0.25896784069756745
2026-01-03 18:53:38,595da7d93dcfc400106f288a,0.0,0.0,0.0,0.0,4.1,4.1,3.9,3.5,0.25896784069756745
2026-01-03 18:53:38,66b1c311779f740018674083,0.0,0.0,0.0,0.0,4.1,4.1,3.9,3.5,0.25896784069756745
2026-01-03 18:53:38,68ae7f327d735d00173c74e4,0.0,0.0,0.0,0.0,4.1,4.1,3.9,3.5,0.25896784069756745
2026-01-03 18:53:38,59ca30fd02eb490011a0a406,0.0,0.0,0.0,0.0,4.1,4.1,3.9,3.5,0.25896784069756745
2026-01-03 18:53:38,662a8cfe1afb9c00172d296e,0.0,0.0,0.0,0.0,4.1,4.1,3.9,3.5,0.25896784069756745
2026-01-03 18:53:38,589b39d9b3bf7600110283c1,0.0,0.0,0.0,0.0,4.1,4.1,3.9,3.5,0.2657603937607214
2026-01-03 18:53:38,5d8cd326766c88001718893e,0.0,0.0,0.0,0.0,4.1,4.1,3.9,3.5,0.25896784069756745
2026-01-03 18:53:38,587461c1b807da0011e33cc8,0.0,0.0,0.0,0.0,4.1,4.1,3.9,3.5,0.25896784069756745
2026-01-03 18:53:38,63ae76afbfd3d90017e8f106,0.0,0.0,0.0,0.0,4.1,4.1,3.9,3.5,0.25896784069756745
2026-01-03 18:53:38,63b661a3bfd3d90017eaa520,0.0,0.0,0.0,0.0,4.1,4.1,3.9,3.5,0.25896784069756745
2026-01-03 18:53:38,583f926761cfea0012cf68f1,0.0,0.0,0.0,0.0,4.1,4.1,3.9,3.5,0.25896784069756745
2026-01-03 18:53:38,6878bab06145d3001ba517f7,0.0,0.0,0.0,0.0,4.1,4.1,3.9,3.5,0.25896784069756745
2026-01-03 18:53:38,56df81d8c062921100c143de,0.0,0.0,0.0,0.0,4.1,4.1,3.9,3.5,0.25896784069756745
2026-01-03 18:53:38,63ae73cebfd3d90017e8f00d,0.0,0.0,0.0,0.0,4.1,4.1,3.9,3.5,0.25896784069756745
2026-01-03 18:53:38,662a8a661afb9c00172d2762,0.0,0.0,0.0,0.0,4.1,4.1,3.9,3.5,0.25896784069756745
2026-01-03 18:53:38,6623e7526f998a001b252407,0.0,0.0,0.0,0.0,4.1,4.1,3.9,3.5,0.25896784069756745
2026-01-03 18:53:38,5a6084898576340017d06680,0.0,0.0,0.0,0.0,4.1,4.1,3.9,3.5,0.25896784069756745
2026-01-03 18:53:38,56de42f611f398ec0c48129b,0.0,0.0,0.0,0.0,4.1,4.1,3.9,3.5,0.25896784069756745
2026-01-03 18:53:38,586e2492f9fab7001111b0ab,0.0,0.0,0.0,0.0,4.1,4.1,3.9,3.5,0.25896784069756745
2026-01-03 18:53:38,68edd621230ee50017d031c5,0.0,0.0,0.0,0.0,4.1,4.1,3.9,3.5,0.25896784069756745
2026-01-03 18:53:38,68ede0cf230ee50017d04657,0.0,0.0,0.0,0.0,4.1,4.1,3.9,3.5,0.25896784069756745
2026-01-03 18:53:38,662b571d1afb9c00172d9083,0.0,0.0,0.0,0.0,4.1,4.1,3.9,3.5,0.3
2026-01-03 18:53:38,587479b1b807da0011e33cf9,0.0,0.0,0.0,0.0,4.1,4.1,3.9,3.5,0.25896784069756745
2026-01-03 18:53:38,62da3e620637a10017d70720,0.0,0.0,0.0,0.0,4.1,4.1,3.9,3.5,0.3
2026-01-03 18:53:38,63b54909bfd3d90017ea77e4,0.0,0.0,0.0,0.0,4.1,4.1,3.9,3.5,0.25896784069756745
2026-01-03 18:53:38,595ddbbf3dcfc400106f28b8,0.0,0.0,0.0,0.0,4.1,4.1,3.9,3.5,0.25896784069756745
2026-01-03 18:53:38,5d9de43b766c880017188cb6,0.0,0.0,0.0,0.0,4.1,4.1,3.9,3.5,0.25896784069756745
2026-01-03 18:53:38,5a8250cc5058170011f6eaba,0.0,0.0,0.0,0.0,4.1,4.1,3.9,3.5,0.3
2026-01-03 18:53:38,6818868b6dfb4b0018f8f298,0.0,0.0,0.0,0.0,4.1,4.1,3.9,3.5,0.25896784069756745
2026-01-03 18:53:38,5b0b7e1c0e517b00119fd80b,0.0,0.0,0.0,0.0,4.1,4.1,3.9,3.5,0.3
2026-01-03 18:53:38,56de42f611f398ec0c48129a,0.0,0.0,0.0,0.0,4.1,4.1,3.9,3.5,0.25896784069756745
2026-01-03 18:53:38,662b57711afb9c00172d90a7,0.0,0.0,0.0,0.0,4.1,4.1,3.9,3.5,0.25896784069756745
2026-01-03 18:53:38,63b54968bfd3d90017ea7808,0.0,0.0,0.0,0.0,4.1,4.1,3.9,3.5,0.25896784069756745
2026-01-03 18:53:38,56de42f611f398ec0c48127f,0.0,0.0,0.0,0.0,4.1,4.1,3.9,3.5,0.25896784069756745
2026-01-03 18:53:38,58df5016dc195800111e04bd,0.0,0.0,0.0,0.0,4.1,4.1,3.9,3.5,0.25896784069756745
2026-01-03 18:53:38,681887836dfb4b0018f8f3d1,0.0,0.0,0.0,0.0,4.1,4.1,3.9,3.5,0.25896784069756745
2026-01-03 18:53:38,681884726dfb4b0018f8f035,0.0,0.0,0.0,0.0,4.1,4.1,3.9,3.5,0.25896784069756745
2026-01-03 18:53:38,5d8cdac3766c880017188962,0.0,0.0,0.0,0.0,4.1,4.1,3.9,3.5,0.25896784069756745
2026-01-03 18:53:38,587ef5dfb807da0011e33d59,0.0,0.0,0.0,0.0,4.1,4.1,3.9,3.5,0.25896784069756745
2026-01-03 18:53:38,68fae32b6b936b001721878b,0.0,0.0,0.0,0.0,4.1,4.1,3.9,3.5,0.25896784069756745
2026-01-03 18:53:38,595dc2f03dcfc400106f2896,0.0,0.0,0.0,0.0,4.1,4.1,3.9,3.5,0.25896784069756745
2026-01-03 18:53:38,662b85f51afb9c00172dd1c2,0.0,0.0,0.0,0.0,4.1,4.1,3.9,3.5,0.25896784069756745
2026-01-03 18:53:38,692293f044912200174bc856,0.0,0.0,0.0,0.0,4.1,4.1,3.9,3.5,0.25896784069756745
2026-01-03 18:53:38,68a588c04e89b100173b616b,0.0,0.0,0.0,0.0,4.1,4.1,3.9,3.5,0.25896784069756745
2026-01-03 18:53:38,5d8cdbdc766c88001718896a,0.0,0.0,0.0,0.0,4.1,4.1,3.9,3.5,0.25896784069756745
2026-01-03 18:53:38,63b54d5abfd3d90017ea7afe,0.0,0.0,0.0,0.0,4.1,4.1,3.9,3.5,0.25896784069756745
2026-01-03 18:53:38,5deb576d1dc17d7c5515ad13,0.0,0.0,0.0,0.0,4.1,4.1,3.9,3.5,0.25896784069756745
2026-01-03 18:53:38,662b862a1afb9c00172dd1ff,0.0,0.0,0.0,0.0,4.1,4.1,3.9,3.5,0.25896784069756745
2026-01-03 18:53:38,5deb576d1dc17d7c5515acf2,0.0,0.0,0.0,0.0,4.1,4.1,3.9,3.5,0.25896784069756745
2026-01-03 18:53:38,5a824e465058170011f6eab4,0.0,0.0,0.0,0.0,4.1,4.1,3.9,3.5,0.25896784069756745
2026-01-03 18:53:38,662b57471afb9c00172d9095,0.0,0.0,0.0,0.0,4.1,4.1,3.9,3.5,0.25896784069756745
2026-01-03 18:53:38,56de42f611f398ec0c481291,0.0,0.0,0.0,0.0,4.1,4.1,3.9,3.5,0.25896784069756745
2026-01-03 18:53:38,584e71cb61cfea0012cf694b,0.0,0.0,0.0,0.0,4.1,4.1,3.9,3.5,0.3
2026-01-03 18:53:38,595f874d3dcfc400106f28ec,0.0,0.0,0.0,0.0,4.1,4.1,3.9,3.5,0.25896784069756745
2026-01-03 18:53:38,5b19d34faf4ff60011d6ea52,0.0,0.0,0.0,0.0,4.1,4.1,3.9,3.5,0.25896784069756745
2026-01-03 18:53:38,63b3c9bfbfd3d90017e9b039,0.0,0.0,0.0,0.0,4.1,4.1,3.9,3.5,0.25896784069756745
2026-01-03 18:53:38,5deb576d1dc17d7c5515acf4,0.0,0.0,0.0,0.0,4.1,4.1,3.9,3.5,0.3
2026-01-03 18:53:38,6922944044912200174bc883,0.0,0.0,0.0,0.0,4.1,4.1,3.9,3.5,0.25896784069756745
2026-01-03 18:53:38,58af99abbd82540010390c39,0.0,0.0,0.0,0.0,4.1,4.1,3.9,3.5,0.25896784069756745
2026-01-03 18:53:38,68a5894a4e89b100173b6202,0.0,0.0,0.0,0.0,4.1,4.1,3.9,3.5,0.25896784069756745
2026-01-03 18:53:38,6623ecc16f998a001b25269e,0.0,0.0,0.0,0.0,4.1,4.1,3.9,3.5,0.25896784069756745
2026-01-03 18:53:38,6623e3ea6f998a001b2522ae,0.0,0.0,0.0,0.0,4.1,4.1,3.9,3.5,0.25896784069756745
2026-01-03 18:53:38,662b7d0c1afb9c00172dc6a6,0.0,0.0,0.0,0.0,4.1,4.1,3.9,3.5,0.25896784069756745
2026-01-03 18:53:38,662b54bb1afb9c00172d8dbb,0.0,0.0,0.0,0.0,4.1,4.1,3.9,3.5,0.25896784069756745
2026-01-03 18:53:38,662b58bd1afb9c00172d9119,0.0,0.0,0.0,0.0,4.1,4.1,3.9,3.5,0.25896784069756745
2026-01-03 18:53:38,595f86c43dcfc400106f28ea,0.0,0.0,0.0,0.0,4.1,4.1,3.9,3.5,0.25896784069756745
2026-01-03 18:53:38,59ca321b02eb490011a0a40d,0.0,0.0,0.0,0.0,4.1,4.1,3.9,3.5,0.25896784069756745
2026-01-03 18:53:38,5a82439f5058170011f6eaa9,0.0,0.0,0.0,0.0,4.1,4.1,3.9,3.5,0.25896784069756745
2026-01-03 18:53:38,6623e5d66f998a001b25235a,0.0,0.0,0.0,0.0,4.1,4.1,3.9,3.5,0.25896784069756745
2026-01-03 18:53:38,58d7c20ac1e33c00112b321c,0.0,0.0,0.0,0.0,4.1,4.1,3.9,3.5,0.25896784069756745
2026-01-03 18:53:38,589d0b74b3bf7600110283d4,0.0,0.0,0.0,0.0,4.1,4.1,3.9,3.5,0.25896784069756745
2026-01-03 18:53:38,56df807bc062921100c143da,0.0,0.0,0.0,0.0,4.1,4.1,3.9,3.5,0.25896784069756745
2026-01-03 18:53:38,662b82a61afb9c00172dcdfd,0.0,0.0,0.0,0.0,4.1,4.1,3.9,3.5,0.25896784069756745
2026-01-03 18:53:38,586e266ef9fab7001111b0b0,0.0,0.0,0.0,0.0,4.1,4.1,3.9,3.5,0.25896784069756745
2026-01-03 18:53:38,63ae7a74bfd3d90017e8f2c7,0.0,0.0,0.0,0.0,4.1,4.1,3.9,3.5,0.25896784069756745
2026-01-03 18:53:38,59d3414302eb490011a0a610,0.0,0.0,0.0,0.0,4.1,4.1,3.9,3.5,0.25896784069756745
2026-01-03 18:53:38,6623e9e96f998a001b2525ce,0.0,0.0,0.0,0.0,4.1,4.1,3.9,3.5,0.25896784069756745
2026-01-03 18:53:38,63ae7a9cbfd3d90017e8f303,0.0,0.0,0.0,0.0,4.1,4.1,3.9,3.5,0.25896784069756745
2026-01-03 18:53:38,5a6085188576340017d06682,0.0,0.0,0.0,0.0,4.1,4.1,3.9,3.5,0.3
2026-01-03 18:53:38,56de42f611f398ec0c481286,0.0,0.0,0.0,0.0,4.1,4.1,3.9,3.5,0.25896784069756745
2026-01-03 18:53:38,6623f14b6f998a001b2527f0,0.0,0.0,0.0,0.0,4.1,4.1,3.9,3.5,0.25896784069756745
2026-01-03 18:53:38,662b4f411afb9c00172d86fc,0.0,0.0,0.0,0.0,4.1,4.1,3.9,3.5,0.25896784069756745
2026-01-03 18:53:38,6792f9c88c5ed4001b27fb3d,0.0,0.0,0.0,0.0,4.1,4.1,3.9,3.5,0.25896784069756745
2026-01-03 18:53:38,662b843d1afb9c00172dd02d,0.0,0.0,0.0,0.0,4.1,4.1,3.9,3.5,0.25896784069756745
2026-01-03 18:53:38,595d9b3b3dcfc400106f287e,0.0,0.0,0.0,0.0,4.1,4.1,3.9,3.5,0.25896784069756745
2026-01-03 18:53:38,5deb576d1dc17d7c5515ad0b,0.0,0.0,0.0,0.0,4.1,4.1,3.9,3.5,0.25896784069756745
2026-01-03 18:53:38,5a6087858576340017d0668e,0.0,0.0,0.0,0.0,4.1,4.1,3.9,3.5,0.25896784069756745
2026-01-03 18:53:38,662b4e581afb9c00172d862f,0.0,0.0,0.0,0.0,4.1,4.1,3.9,3.5,0.25896784069756745
2026-01-03 18:53:38,587464e2b807da0011e33cd9,0.0,0.0,0.0,0.0,4.1,4.1,3.9,3.5,0.25896784069756745
2026-01-03 18:53:38,58afdbaebd82540010390c48,0.0,0.0,0.0,0.0,4.1,4.1,3.9,3.5,0.25896784069756745
2026-01-03 18:53:38,63b54c51bfd3d90017ea7aa0,0.0,0.0,0.0,0.0,4.1,4.1,3.9,3.5,0.25896784069756745
2026-01-03 18:53:38,58ad6214bd82540010390be2,0.0,0.0,0.0,0.0,4.1,4.1,3.9,3.5,0.25896784069756745
2026-01-03 18:53:38,5deb576d1dc17d7c5515ad09,0.0,0.0,0.0,0.0,4.1,4.1,3.9,3.5,0.25896784069756745
2026-01-03 18:53:38,58af8a0bbd82540010390c25,0.0,0.0,0.0,0.0,4.1,4.1,3.9,3.5,0.25896784069756745
2026-01-03 18:53:38,5b0b74280e517b00119fd7f9,0.0,0.0,0.0,0.0,4.1,4.1,3.9,3.5,0.3
2026-01-03 18:53:38,587ef859b807da0011e33d5b,0.0,0.0,0.0,0.0,4.1,4.1,3.9,3.5,0.25896784069756745
2026-01-03 18:53:38,58744e97b807da0011e33cb9,0.0,0.0,0.0,0.0,4.1,4.1,3.9,3.5,0.25896784069756745
2026-01-03 18:53:38,692293c644912200174bc83b,0.0,0.0,0.0,0.0,4.1,4.1,3.9,3.5,0.25896784069756745
2026-01-03 18:53:38,63b54a48bfd3d90017ea7850,0.0,0.0,0.0,0.0,4.1,4.1,3.9,3.5,0.25896784069756745
2026-01-03 18:53:38,58c2717ed56e930010a39ac0,0.0,0.0,0.0,0.0,4.1,4.1,3.9,3.5,0.25896784069756745
2026-01-03 18:53:38,58afcd9bbd82540010390c41,0.0,0.0,0.0,0.0,4.1,4.1,3.9,3.5,0.25896784069756745
2026-01-03 18:53:38,63b54a9ebfd3d90017ea7911,0.0,0.0,0.0,0.0,4.1,4.1,3.9,3.5,0.25896784069756745
2026-01-03 18:53:38,5bbc7163ca0577001164127f,0.0,0.0,0.0,0.0,4.1,4.1,3.9,3.5,0.25896784069756745
2026-01-03 18:53:38,6623f3d66f998a001b252890,0.0,0.0,0.0,0.0,4.1,4.1,3.9,3.5,0.25896784069756745
2026-01-03 18:53:38,5b6005b6fd4edb0019c7db25,0.0,0.0,0.0,0.0,4.1,4.1,3.9,3.5,0.25896784069756745
2026-01-03 18:53:38,662a902a1afb9c00172d2bed,0.0,0.0,0.0,0.0,4.1,4.1,3.9,3.5,0.25896784069756745
2026-01-03 18:53:38,662b85481afb9c00172dd0f1,0.0,0.0,0.0,0.0,4.1,4.1,3.9,3.5,0.25896784069756745
2026-01-03 18:53:38,6623ef2b6f998a001b252753,0.0,0.0,0.0,0.0,4.1,4.1,3.9,3.5,0.25896784069756745
2026-01-03 18:53:38,66b1c4e7779f7400186741e4,0.0,0.0,0.0,0.0,4.1,4.1,3.9,3.5,0.25896784069756745
2026-01-03 18:53:38,56de42f611f398ec0c48129c,0.0,0.0,0.0,0.0,4.1,4.1,3.9,3.5,0.25896784069756745
2026-01-03 18:53:38,587c8661b807da0011e33d43,0.0,0.0,0.0,0.0,4.1,4.1,3.9,3.5,0.2657603937607214
2026-01-03 18:53:38,5b632a79fd4edb0019c7dc0f,0.0,0.0,0.0,0.0,4.1,4.1,3.9,3.5,0.3
2026-01-03 18:53:38,662a87a41afb9c00172d24e9,0.0,0.0,0.0,0.0,4.1,4.1,3.9,3.5,0.25896784069756745
2026-01-03 18:53:38,595dd4133dcfc400106f28a9,0.0,0.0,0.0,0.0,4.1,4.1,3.9,3.5,0.25896784069756745
2026-01-03 18:53:38,662b5b8c1afb9c00172d92ca,0.0,0.0,0.0,0.0,4.1,4.1,3.9,3.5,0.25896784069756745
2026-01-03 18:53:38,5d8cd7bb766c880017188952,0.0,0.0,0.0,0.0,4.1,4.1,3.9,3.5,0.3
2026-01-03 18:53:38,56df857fc062921100c143e7,0.0,0.0,0.0,0.0,4.1,4.1,3.9,3.5,0.3
2026-01-03 18:53:38,63ae75debfd3d90017e8f082,0.0,0.0,0.0,0.0,4.1,4.1,3.9,3.5,0.25896784069756745
2026-01-03 18:53:38,6623eb466f998a001b252632,0.0,0.0,0.0,0.0,4.1,4.1,3.9,3.5,0.25896784069756745
2026-01-03 18:53:38,5a824dc05058170011f6eab2,0.0,0.0,0.0,0.0,4.1,4.1,3.9,3.5,0.25896784069756745
2026-01-03 18:53:38,5d8cd49f766c880017188944,0.0,0.0,0.0,0.0,4.1,4.1,3.9,3.5,0.3
2026-01-03 18:53:38,5a606c078576340017d06624,0.0,0.0,0.0,0.0,4.1,4.1,3.9,3.5,0.25896784069756745
2026-01-03 18:53:38,5deb576d1dc17d7c5515acf3,0.0,0.0,0.0,0.0,4.1,4.1,3.9,3.5,0.25896784069756745
2026-01-03 18:53:38,5a8254b05058170011f6eac3,0.0,0.0,0.0,0.0,4.1,4.1,3.9,3.5,0.25896784069756745
2026-01-03 18:53:38,662b50c11afb9c00172d8843,0.0,0.0,0.0,0.0,4.1,4.1,3.9,3.5,0.25896784069756745
2026-01-03 18:53:38,6623f51a6f998a001b252900,0.0,0.0,0.0,0.0,4.1,4.1,3.9,3.5,0.25896784069756745
2026-01-03 18:53:38,5deb576d1dc17d7c5515ad1b,0.0,0.0,0.0,0.0,4.1,4.1,3.9,3.5,0.3
2026-01-03 18:53:38,58744e3eb807da0011e33cb7,0.0,0.0,0.0,0.0,4.1,4.1,3.9,3.5,0.25896784069756745
2026-01-03 18:53:38,58744dd9b807da0011e33cb5,0.0,0.0,0.0,0.0,4.1,4.1,3.9,3.5,0.25896784069756745
2026-01-03 18:53:38,56df8416c062921100c143e4,0.0,0.0,0.0,0.0,4.1,4.1,3.9,3.5,0.3
2026-01-03 18:53:38,681883b46dfb4b0018f8ef39,0.0,0.0,0.0,0.0,4.1,4.1,3.9,3.5,0.25896784069756745
2026-01-03 18:53:38,58af8b69bd82540010390c28,0.0,0.0,0.0,0.0,4.1,4.1,3.9,3.5,0.25896784069756745
2026-01-03 18:53:38,6623e3a26f998a001b252291,0.0,0.0,0.0,0.0,4.1,4.1,3.9,3.5,0.25896784069756745
2026-01-03 18:53:38,589b3ceeb3bf7600110283c3,0.0,0.0,0.0,0.0,4.1,4.1,3.9,3.5,0.25896784069756745
2026-01-03 18:53:38,595dcab53dcfc400106f289d,0.0,0.0,0.0,0.0,4.1,4.1,3.9,3.5,0.25896784069756745
2026-01-03 18:53:38,662a89211afb9c00172d2636,0.0,0.0,0.0,0.0,4.1,4.1,3.9,3.5,0.25896784069756745
2026-01-03 18:53:38,5deb576d1dc17d7c5515ad05,0.0,0.0,0.0,0.0,4.1,4.1,3.9,3.5,0.25896784069756745
2026-01-03 18:53:38,595dd4f43dcfc400106f28ab,0.0,0.0,0.0,0.0,4.1,4.1,3.9,3.5,0.25896784069756745
2026-01-03 18:53:38,6792ef4f8c5ed4001b27f2c0,0.0,0.0,0.0,0.0,4.1,4.1,3.9,3.5,0.25896784069756745
2026-01-03 18:53:38,662b84771afb9c00172dd076,0.0,0.0,0.0,0.0,4.1,4.1,3.9,3.5,0.2657603937607214
2026-01-03 18:53:38,6623f0b46f998a001b2527c3,0.0,0.0,0.0,0.0,4.1,4.1,3.9,3.5,0.25896784069756745
2026-01-03 18:53:38,6922928544912200174bc755,0.0,0.0,0.0,0.0,4.1,4.1,3.9,3.5,0.25896784069756745
2026-01-03 18:53:38,665861d864f11e00173c73a9,0.0,0.0,0.0,0.0,4.1,4.1,3.9,3.5,0.25896784069756745
2026-01-03 18:53:38,5a607f078576340017d0666f,0.0,0.0,0.0,0.0,4.1,4.1,3.9,3.5,0.25896784069756745
2026-01-03 18:53:38,68ede112230ee50017d046a6,0.0,0.0,0.0,0.0,4.1,4.1,3.9,3.5,0.25896784069756745
2026-01-03 18:53:38,5a824ee15058170011f6eab6,0.0,0.0,0.0,0.0,4.1,4.1,3.9,3.5,0.25896784069756745
2026-01-03 18:53:38,6623ed396f998a001b2526b8,0.0,0.0,0.0,0.0,4.1,4.1,3.9,3.5,0.25896784069756745
2026-01-03 18:53:38,5b632b60fd4edb0019c7dc12,0.0,0.0,0.0,0.0,4.1,4.1,3.9,3.5,0.3
2026-01-03 18:53:38,587c8d97b807da0011e33d49,0.0,0.0,0.0,0.0,4.1,4.1,3.9,3.5,0.25896784069756745
2026-01-03 18:53:38,59414c883dcfc400106f260b,0.0,0.0,0.0,0.0,4.1,4.1,3.9,3.5,0.25896784069756745
2026-01-03 18:53:38,56df82d4c062921100c143e0,0.0,0.0,0.0,0.0,4.1,4.1,3.9,3.5,0.25896784069756745
2026-01-03 18:53:38,6792f1008c5ed4001b27f41f,0.0,0.0,0.0,0.0,4.1,4.1,3.9,3.5,0.25896784069756745
2026-01-03 18:53:38,58affc6017139d0010f35cc8,0.0,0.0,0.0,0.0,4.1,4.1,3.9,3.5,0.25896784069756745
2026-01-03 18:53:38,587463bab807da0011e33cd3,0.0,0.0,0.0,0.0,4.1,4.1,3.9,3.5,0.25896784069756745
2026-01-03 18:53:38,5deb576d1dc17d7c5515ad1c,0.0,0.0,0.0,0.0,4.1,4.1,3.9,3.5,0.25896784069756745
2026-01-03 18:53:38,56de42f611f398ec0c481287,0.0,0.0,0.0,0.0,4.1,4.1,3.9,3.5,0.25896784069756745
2026-01-03 18:53:38,662b5c981afb9c00172d94c0,0.0,0.0,0.0,0.0,4.1,4.1,3.9,3.5,0.25896784069756745
2026-01-03 18:53:38,662a861e1afb9c00172d23ad,0.0,0.0,0.0,0.0,4.1,4.1,3.9,3.5,0.25896784069756745
2026-01-03 18:53:38,662b5a9c1afb9c00172d9240,0.0,0.0,0.0,0.0,4.1,4.1,3.9,3.5,0.25896784069756745
2026-01-03 18:53:38,662a88a01afb9c00172d25d1,0.0,0.0,0.0,0.0,4.1,4.1,3.9,3.5,0.25896784069756745
2026-01-03 18:53:38,68a587fc4e89b100173b6054,0.0,0.0,0.0,0.0,4.1,4.1,3.9,3.5,0.25896784069756745
2026-01-03 18:53:38,662b4e201afb9c00172d85f9,0.0,0.0,0.0,0.0,4.1,4.1,3.9,3.5,0.25896784069756745
2026-01-03 18:53:38,5d8cdb4b766c880017188966,0.0,0.0,0.0,0.0,4.1,4.1,3.9,3.5,0.25896784069756745
2026-01-03 18:53:38,58b57a6c17139d0010f35d65,0.0,0.0,0.0,0.0,4.1,4.1,3.9,3.5,0.3
2026-01-03 18:53:38,62da3e390637a10017d706ff,0.0,0.0,0.0,0.0,4.1,4.1,3.9,3.5,0.25896784069756745
2026-01-03 18:53:38,5deb576d1dc17d7c5515ad10,0.0,0.0,0.0,0.0,4.1,4.1,3.9,3.5,0.25896784069756745
2026-01-03 18:53:38,66b1c4a2779f74001867418c,0.0,0.0,0.0,0.0,4.1,4.1,3.9,3.5,0.25896784069756745
2026-01-03 18:53:38,631813ebc9eae60017a196b0,0.0,0.0,0.0,0.0,4.1,4.1,3.9,3.5,0.25896784069756745
2026-01-03 18:53:38,68188cfa6dfb4b0018f9013c,0.0,0.0,0.0,0.0,4.1,4.1,3.9,3.5,0.25896784069756745
2026-01-03 18:53:38,587475abb807da0011e33cea,0.0,0.0,0.0,0.0,4.1,4.1,3.9,3.5,0.25896784069756745
2026-01-03 18:53:38,5deb576d1dc17d7c5515ad0e,0.0,0.0,0.0,0.0,4.1,4.1,3.9,3.5,0.25896784069756745
2026-01-03 18:53:38,68ede227230ee50017d0480b,0.0,0.0,0.0,0.0,4.1,4.1,3.9,3.5,0.25896784069756745
2026-01-03 18:53:38,5deb576d1dc17d7c5515ad11,0.0,0.0,0.0,0.0,4.1,4.1,3.9,3.5,0.25896784069756745
2026-01-03 18:53:38,68ede25b230ee50017d0484d,0.0,0.0,0.0,0.0,4.1,4.1,3.9,3.5,0.25896784069756745
2026-01-03 18:53:38,587478d8b807da0011e33cf3,0.0,0.0,0.0,0.0,4.1,4.1,3.9,3.5,0.25896784069756745
2026-01-03 18:53:38,5deb576d1dc17d7c5515acf8,0.0,0.0,0.0,0.0,4.1,4.1,3.9,3.5,0.25896784069756745
2026-01-03 18:53:38,591c6833a6bfb500119400a3,0.0,0.0,0.0,0.0,4.1,4.1,3.9,3.5,0.25896784069756745
2026-01-03 18:53:38,63ae7938bfd3d90017e8f226,0.0,0.0,0.0,0.0,4.1,4.1,3.9,3.5,0.25896784069756745
2026-01-03 18:53:38,63b664edbfd3d90017eaaa24,0.0,0.0,0.0,0.0,4.1,4.1,3.9,3.5,0.25896784069756745
2026-01-03 18:53:38,56df83d8c062921100c143e3,0.0,0.0,0.0,0.0,4.1,4.1,3.9,3.5,0.25896784069756745
2026-01-03 18:53:38,6623e5776f998a001b252337,0.0,0.0,0.0,0.0,4.1,4.1,3.9,3.5,0.25896784069756745
2026-01-03 18:53:38,59ca308302eb490011a0a403,0.0,0.0,0.0,0.0,4.1,4.1,3.9,3.5,0.25896784069756745
2026-01-03 18:53:38,5deb576d1dc17d7c5515acfd,0.0,0.0,0.0,0.0,4.1,4.1,3.9,3.5,0.25896784069756745
2026-01-03 18:53:38,56df8159c062921100c143dc,0.0,0.0,0.0,0.0,4.1,4.1,3.9,3.5,0.25896784069756745
2026-01-03 18:53:38,587ef2e4b807da0011e33d57,0.0,0.0,0.0,0.0,4.1,4.1,3.9,3.5,0.25896784069756745
2026-01-03 18:53:38,589b3f7db3bf7600110283c6,0.0,0.0,0.0,0.0,4.1,4.1,3.9,3.5,0.25896784069756745
2026-01-03 18:53:38,68188c876dfb4b0018f9007b,0.0,0.0,0.0,0.0,4.1,4.1,3.9,3.5,0.25896784069756745
2026-01-03 18:53:38,6623e6706f998a001b25239b,0.0,0.0,0.0,0.0,4.1,4.1,3.9,3.5,0.25896784069756745
2026-01-03 18:53:38,662b86551afb9c00172dd227,0.0,0.0,0.0,0.0,4.1,4.1,3.9,3.5,0.25896784069756745
2026-01-03 18:53:38,662a88521afb9c00172d2592,0.0,0.0,0.0,0.0,4.1,4.1,3.9,3.5,0.25896784069756745
2026-01-03 18:53:38,649da77ea6068200171a6dd4,0.0,0.0,0.0,0.0,4.1,4.1,3.9,3.5,0.25896784069756745
2026-01-03 18:53:38,63b3c59fbfd3d90017e9ace8,0.0,0.0,0.0,0.0,4.1,4.1,3.9,3.5,0.25896784069756745
2026-01-03 18:53:38,58b5510817139d0010f35d4e,0.0,0.0,0.0,0.0,4.1,4.1,3.9,3.5,0.25896784069756745
2026-01-03 18:53:38,5a824c905058170011f6eab0,0.0,0.0,0.0,0.0,4.1,4.1,3.9,3.5,0.25896784069756745
2026-01-03 18:53:38,5deb576d1dc17d7c5515ad16,0.0,0.0,0.0,0.0,4.1,4.1,3.9,3.5,0.25896784069756745
2026-01-03 18:53:38,63ae7c73bfd3d90017e8f3ed,0.0,0.0,0.0,0.0,4.1,4.1,3.9,3.5,0.25896784069756745
2026-01-03 18:53:38,586e1d4ef9fab7001111b0a2,0.0,0.0,0.0,0.0,4.1,4.1,3.9,3.5,0.25896784069756745
2026-01-03 18:53:38,63195512c9eae60017a1c279,0.0,0.0,0.0,0.0,4.1,4.1,3.9,3.5,0.25896784069756745
2026-01-03 18:53:38,59ca2ecb02eb490011a0a3f6,0.0,0.0,0.0,0.0,4.1,4.1,3.9,3.5,0.3
2026-01-03 18:53:38,5d8cdc9d766c880017188970,0.0,0.0,0.0,0.0,4.1,4.1,3.9,3.5,0.25896784069756745
2026-01-03 18:53:38,6792f1b78c5ed4001b27f4a9,0.0,0.0,0.0,0.0,4.1,4.1,3.9,3.5,0.25896784069756745
2026-01-03 18:53:38,58d8ec0adc195800111e042b,0.0,0.0,0.0,0.0,4.1,4.1,3.9,3.5,0.25896784069756745
2026-01-03 18:53:38,5a8254f25058170011f6eac5,0.0,0.0,0.0,0.0,4.1,4.1,3.9,3.5,0.25896784069756745
2026-01-03 18:53:38,63ae7c53bfd3d90017e8f3d8,0.0,0.0,0.0,0.0,4.1,4.1,3.9,3.5,0.25896784069756745
2026-01-03 18:53:38,5deb576d1dc17d7c5515ad20,0.0,0.0,0.0,0.0,4.1,4.1,3.9,3.5,0.25896784069756745
2026-01-03 18:53:38,5874796db807da0011e33cf7,0.0,0.0,0.0,0.0,4.1,4.1,3.9,3.5,0.25896784069756745
2026-01-03 18:53:38,5deb576d1dc17d7c5515acfa,0.0,0.0,0.0,0.0,4.1,4.1,3.9,3.5,0.25896784069756745
2026-01-03 18:53:38,58746536b807da0011e33cdc,0.0,0.0,0.0,0.0,4.1,4.1,3.9,3.5,0.25896784069756745
2026-01-03 18:53:38,5a8251575058170011f6eabc,0.0,0.0,0.0,0.0,4.1,4.1,3.9,3.5,0.3
2026-01-03 18:53:38,662b59291afb9c00172d912b,0.0,0.0,0.0,0.0,4.1,4.1,3.9,3.5,0.25896784069756745
2026-01-03 18:53:38,5a6060a88576340017d0660d,0.0,0.0,0.0,0.0,4.1,4.1,3.9,3.5,0.25896784069756745
2026-01-03 18:53:38,63b65f33bfd3d90017eaa405,0.0,0.0,0.0,0.0,4.1,4.1,3.9,3.5,0.25896784069756745
2026-01-03 18:53:38,5deb576d1dc17d7c5515ad1e,0.0,0.0,0.0,0.0,4.1,4.1,3.9,3.5,0.25896784069756745
2026-01-03 18:53:38,5a6061868576340017d06611,0.0,0.0,0.0,0.0,4.1,4.1,3.9,3.5,0.25896784069756745
2026-01-03 18:53:38,589b3705b3bf7600110283bd,0.0,0.0,0.0,0.0,4.1,4.1,3.9,3.5,0.25896784069756745
2026-01-03 18:53:38,63ae7759bfd3d90017e8f162,0.0,0.0,0.0,0.0,4.1,4.1,3.9,3.5,0.25896784069756745
2026-01-03 18:53:38,63ae7709bfd3d90017e8f135,0.0,0.0,0.0,0.0,4.1,4.1,3.9,3.5,0.25896784069756745
2026-01-03 18:53:38,662b55111afb9c00172d8e2e,0.0,0.0,0.0,0.0,4.1,4.1,3.9,3.5,0.25896784069756745
2026-01-03 18:53:38,649da419a6068200171a6c90,0.0,0.0,0.0,0.0,4.1,4.1,3.9,3.5,0.25896784069756745
2026-01-03 18:53:38,58afccadbd82540010390c3f,0.0,0.0,0.0,0.0,4.1,4.1,3.9,3.5,0.25896784069756745
2026-01-03 18:53:38,662b82761afb9c00172dcda3,0.0,0.0,0.0,0.0,4.1,4.1,3.9,3.5,0.25896784069756745
2026-01-03 18:53:38,5deb576d1dc17d7c5515acf7,0.0,0.0,0.0,0.0,4.1,4.1,3.9,3.5,0.25896784069756745
2026-01-03 18:53:38,5d9ddd49766c880017188c94,0.0,0.0,0.0,0.0,4.1,4.1,3.9,3.5,0.25896784069756745
2026-01-03 18:53:38,5d8cd767766c880017188950,0.0,0.0,0.0,0.0,4.1,4.1,3.9,3.5,0.25896784069756745
2026-01-03 18:53:38,6922931044912200174bc7cf,0.0,0.0,0.0,0.0,4.1,4.1,3.9,3.5,0.25896784069756745
2026-01-03 18:53:38,6792f16e8c5ed4001b27f482,0.0,0.0,0.0,0.0,4.1,4.1,3.9,3.5,0.25896784069756745
2026-01-03 18:53:38,595f8d813dcfc400106f28f2,0.0,0.0,0.0,0.0,4.1,4.1,3.9,3.5,0.25896784069756745
2026-01-03 18:53:38,5874656eb807da0011e33cde,0.0,0.0,0.0,0.0,4.1,4.1,3.9,3.5,0.25896784069756745
2026-01-03 18:53:38,6623e3566f998a001b25226d,0.0,0.0,0.0,0.0,4.1,4.1,3.9,3.5,0.25896784069756745
2026-01-03 18:53:38,5abbb6d698d8fc001102dfc8,0.0,0.0,0.0,0.0,4.1,4.1,3.9,3.5,0.2657603937607214
2026-01-03 18:53:38,5d8cdd26766c880017188974,0.0,0.0,0.0,0.0,4.1,4.1,3.9,3.5,0.3
2026-01-03 18:53:38,5deb576d1dc17d7c5515ad03,0.0,0.0,0.0,0.0,4.1,4.1,3.9,3.5,0.25896784069756745
2026-01-03 18:53:38,63ae777cbfd3d90017e8f177,0.0,0.0,0.0,0.0,4.1,4.1,3.9,3.5,0.25896784069756745
2026-01-03 18:53:38,631828cac9eae60017a19f50,0.0,0.0,0.0,0.0,4.1,4.1,3.9,3.5,0.25896784069756745
2026-01-03 18:53:38,63b3c2fbbfd3d90017e9abbf,0.0,0.0,0.0,0.0,4.1,4.1,3.9,3.5,0.25896784069756745
2026-01-03 18:53:38,58d7c2e6c1e33c00112b321e,0.0,0.0,0.0,0.0,4.1,4.1,3.9,3.5,0.25896784069756745
2026-01-03 18:53:38,63b54ad1bfd3d90017ea7974,0.0,0.0,0.0,0.0,4.1,4.1,3.9,3.5,0.25896784069756745
2026-01-03 18:53:38,662b5b481afb9c00172d92a8,0.0,0.0,0.0,0.0,4.1,4.1,3.9,3.5,0.25896784069756745
2026-01-03 18:53:38,681885376dfb4b0018f8f0f2,0.0,0.0,0.0,0.0,4.1,4.1,3.9,3.5,0.25896784069756745
2026-01-03 18:53:38,56de42f611f398ec0c48129e,0.0,0.0,0.0,0.0,4.1,4.1,3.9,3.5,0.25896784069756745
2026-01-03 18:53:38,5d9dddb9766c880017188c96,0.0,0.0,0.0,0.0,4.1,4.1,3.9,3.5,0.25896784069756745
2026-01-03 18:53:38,5d8cd372766c880017188940,0.0,0.0,0.0,0.0,4.1,4.1,3.9,3.5,0.3
2026-01-03 18:53:38,5a60839c8576340017d0667c,0.0,0.0,0.0,0.0,4.1,4.1,3.9,3.5,0.25896784069756745
2026-01-03 18:53:38,68188c236dfb4b0018f8ff8f,0.0,0.0,0.0,0.0,4.1,4.1,3.9,3.5,0.25896784069756745
2026-01-03 18:53:38,63b65f64bfd3d90017eaa41f,0.0,0.0,0.0,0.0,4.1,4.1,3.9,3.5,0.25896784069756745
2026-01-03 18:53:38,58746371b807da0011e33cd1,0.0,0.0,0.0,0.0,4.1,4.1,3.9,3.5,0.27940071830835006
2026-01-03 18:53:38,63bd1e95bfd3d90017ec3cd5,0.0,0.0,0.0,0.0,4.1,4.1,3.9,3.5,0.25896784069756745
2026-01-03 18:53:38,63ae7cd3bfd3d90017e8f408,0.0,0.0,0.0,0.0,4.1,4.1,3.9,3.5,0.25896784069756745
2026-01-03 18:53:38,5d8cd70e766c88001718894e,0.0,0.0,0.0,0.0,4.1,4.1,3.9,3.5,0.25896784069756745
2026-01-03 18:53:38,58b555ac17139d0010f35d59,0.0,0.0,0.0,0.0,4.1,4.1,3.9,3.5,0.25896784069756745
2026-01-03 18:53:38,595ddc123dcfc400106f28ba,0.0,0.0,0.0,0.0,4.1,4.1,3.9,3.5,0.25896784069756745
2026-01-03 18:53:38,63b55020bfd3d90017ea7cb7,0.0,0.0,0.0,0.0,4.1,4.1,3.9,3.5,0.25896784069756745
2026-01-03 18:53:38,68ede746230ee50017d04dcc,0.0,0.0,0.0,0.0,4.1,4.1,3.9,3.5,0.25896784069756745
2026-01-03 18:53:38,5b19d2f9af4ff60011d6ea4f,0.0,0.0,0.0,0.0,4.1,4.1,3.9,3.5,0.3
2026-01-03 18:53:38,662b4d781afb9c00172d8571,0.0,0.0,0.0,0.0,4.1,4.1,3.9,3.5,0.25896784069756745
2026-01-03 18:53:38,5a606a958576340017d06621,0.0,0.0,0.0,0.0,4.1,4.1,3.9,3.5,0.25896784069756745
2026-01-03 18:53:38,662a8c381afb9c00172d28b6,0.0,0.0,0.0,0.0,4.1,4.1,3.9,3.5,0.25896784069756745
2026-01-03 18:53:38,63b6617ebfd3d90017eaa50b,0.0,0.0,0.0,0.0,4.1,4.1,3.9,3.5,0.25896784069756745
2026-01-03 18:53:38,595f91653dcfc400106f28f6,0.0,0.0,0.0,0.0,4.1,4.1,3.9,3.5,0.3
2026-01-03 18:53:38,56de42f611f398ec0c481292,0.0,0.0,0.0,0.0,4.1,4.1,3.9,3.5,0.25896784069756745
2026-01-03 18:53:38,681888066dfb4b0018f8f4c2,0.0,0.0,0.0,0.0,4.1,4.1,3.9,3.5,0.25896784069756745
2026-01-03 18:53:38,5deb576d1dc17d7c5515acff,0.0,0.0,0.0,0.0,4.1,4.1,3.9,3.5,0.25896784069756745
2026-01-03 18:53:38,662b58791afb9c00172d9107,0.0,0.0,0.0,0.0,4.1,4.1,3.9,3.5,0.25896784069756745
2026-01-03 18:53:38,662b811d1afb9c00172dcc1d,0.0,0.0,0.0,0.0,4.1,4.1,3.9,3.5,0.25896784069756745
2026-01-03 18:53:38,662a8eb41afb9c00172d2aba,0.0,0.0,0.0,0.0,4.1,4.1,3.9,3.5,0.25896784069756745
2026-01-03 18:53:38,63b548ecbfd3d90017ea77d2,0.0,0.0,0.0,0.0,4.1,4.1,3.9,3.5,0.25896784069756745
2026-01-03 18:53:38,5deb576d1dc17d7c5515acfb,0.0,0.0,0.0,0.0,4.1,4.1,3.9,3.5,0.25896784069756745
2026-01-03 18:53:38,56de42f611f398ec0c48127d,0.0,0.0,0.0,0.0,4.1,4.1,3.9,3.5,0.25896784069756745
2026-01-03 18:53:38,56de42f611f398ec0c48128d,0.0,0.0,0.0,0.0,4.1,4.1,3.9,3.5,0.25896784069756745
2026-01-03 18:53:38,6792f03d8c5ed4001b27f378,0.0,0.0,0.0,0.0,4.1,4.1,3.9,3.5,0.25896784069756745
2026-01-03 18:53:38,68ede490230ee50017d04ae5,0.0,0.0,0.0,0.0,4.1,4.1,3.9,3.5,0.25896784069756745
2026-01-03 18:53:38,6623e7076f998a001b2523ea,0.0,0.0,0.0,0.0,4.1,4.1,3.9,3.5,0.25896784069756745
2026-01-03 18:53:38,59ca2cac02eb490011a0a3e9,0.0,0.0,0.0,0.0,4.1,4.1,3.9,3.5,0.25896784069756745
2026-01-03 18:53:38,586e25e1f9fab7001111b0ae,0.0,0.0,0.0,0.0,4.1,4.1,3.9,3.5,0.25896784069756745
2026-01-03 18:53:38,681889ec6dfb4b0018f8f6cb,0.0,0.0,0.0,0.0,4.1,4.1,3.9,3.5,0.25896784069756745
2026-01-03 18:53:38,5d9dde8e766c880017188c9a,0.0,0.0,0.0,0.0,4.1,4.1,3.9,3.5,0.3
2026-01-03 18:53:38,5d9ddf0f766c880017188c9e,0.0,0.0,0.0,0.0,4.1,4.1,3.9,3.5,0.25896784069756745
2026-01-03 18:53:38,681883866dfb4b0018f8eef6,0.0,0.0,0.0,0.0,4.1,4.1,3.9,3.5,0.25896784069756745
2026-01-03 18:53:38,63ae76ddbfd3d90017e8f11b,0.0,0.0,0.0,0.0,4.1,4.1,3.9,3.5,0.25896784069756745
2026-01-03 18:53:38,5deb576d1dc17d7c5515ad14,0.0,0.0,0.0,0.0,4.1,4.1,3.9,3.5,0.25896784069756745
2026-01-03 18:53:38,63b66035bfd3d90017eaa48e,0.0,0.0,0.0,0.0,4.1,4.1,3.9,3.5,0.25896784069756745
2026-01-03 18:53:38,585b284ac3f96200127dc500,0.0,0.0,0.0,0.0,4.1,4.1,3.9,3.5,0.25896784069756745
2026-01-03 18:53:38,56de42f611f398ec0c481295,0.0,0.0,0.0,0.0,4.1,4.1,3.9,3.5,0.25896784069756745
2026-01-03 18:53:38,5deb576d1dc17d7c5515ad04,0.0,0.0,0.0,0.0,4.1,4.1,3.9,3.5,0.25896784069756745
2026-01-03 18:53:38,5a8278f35058170011f6eaed,0.0,0.0,0.0,0.0,4.1,4.1,3.9,3.5,0.25896784069756745
2026-01-03 18:53:38,662b830e1afb9c00172dcf50,0.0,0.0,0.0,0.0,4.1,4.1,3.9,3.5,0.25896784069756745
2026-01-03 18:53:38,5a6084208576340017d0667e,0.0,0.0,0.0,0.0,4.1,4.1,3.9,3.5,0.3
2026-01-03 18:53:38,5a825ab55058170011f6ead2,0.0,0.0,0.0,0.0,4.1,4.1,3.9,3.5,0.28624858950000004
2026-01-03 18:53:38,586e20a0f9fab7001111b0a7,0.0,0.0,0.0,0.0,4.1,4.1,3.9,3.5,0.3
2026-01-03 18:53:38,6623edd26f998a001b2526f7,0.0,0.0,0.0,0.0,4.1,4.1,3.9,3.5,0.25896784069756745
2026-01-03 18:53:38,5a8255a55058170011f6eac7,0.0,0.0,0.0,0.0,4.1,4.1,3.9,3.5,0.25896784069756745
2026-01-03 18:53:38,56de42f611f398ec0c481294,0.0,0.0,0.0,0.0,4.1,4.1,3.9,3.5,0.3
2026-01-03 18:53:38,587ed91db807da0011e33d4e,0.0,0.0,0.0,0.0,4.1,4.1,3.9,3.5,0.25896784069756745
2026-01-03 18:53:38,63b54dcbbfd3d90017ea7ba8,0.0,0.0,0.0,0.0,4.1,4.1,3.9,3.5,0.25896784069756745
2026-01-03 18:53:38,56de42f611f398ec0c48128a,0.0,0.0,0.0,0.0,4.1,4.1,3.9,3.5,0.25896784069756745
2026-01-03 18:53:38,6623ed9b6f998a001b2526cd,0.0,0.0,0.0,0.0,4.1,4.1,3.9,3.5,0.25896784069756745
2026-01-03 18:53:38,58b5752e17139d0010f35d5f,0.0,0.0,0.0,0.0,4.1,4.1,3.9,3.5,0.25896784069756745
2026-01-03 18:53:38,58175c81edeb6c0012a2d5c2,0.0,0.0,0.0,0.0,4.1,4.1,3.9,3.5,0.25896784069756745
2026-01-03 18:53:38,631812e6c9eae60017a19567,0.0,0.0,0.0,0.0,4.1,4.1,3.9,3.5,0.25896784069756745
2026-01-03 18:53:38,6623e7b76f998a001b25242d,0.0,0.0,0.0,0.0,4.1,4.1,3.9,3.5,0.25896784069756745
2026-01-03 18:53:38,5ad068b198d8fc001102e278,0.0,0.0,0.0,0.0,4.1,4.1,3.9,3.5,0.3
2026-01-03 18:53:38,63ae75a3bfd3d90017e8f051,0.0,0.0,0.0,0.0,4.1,4.1,3.9,3.5,0.25896784069756745
2026-01-03 18:53:38,662b7d8a1afb9c00172dc71f,0.0,0.0,0.0,0.0,4.1,4.1,3.9,3.5,0.25896784069756745
2026-01-03 18:53:38,5abbb77298d8fc001102dfce,0.0,0.0,0.0,0.0,4.1,4.1,3.9,3.5,0.25896784069756745
2026-01-03 18:53:38,63bd1f48bfd3d90017ec3d19,0.0,0.0,0.0,0.0,4.1,4.1,3.9,3.5,0.25896784069756745
2026-01-03 18:53:38,58aff2c6bd82540010390c55,0.0,0.0,0.0,0.0,4.1,4.1,3.9,3.5,0.25896784069756745
2026-01-03 18:53:38,5b25a1dcf13cba001124e710,0.0,0.0,0.0,0.0,4.1,4.1,3.9,3.5,0.3
2026-01-03 18:53:38,5deb576d1dc17d7c5515ad18,0.0,0.0,0.0,0.0,4.1,4.1,3.9,3.5,0.25896784069756745
2026-01-03 18:53:38,66b1c1bf779f740018673ef2,0.0,0.0,0.0,0.0,4.1,4.1,3.9,3.5,0.25896784069756745
2026-01-03 18:53:38,56de42f611f398ec0c4812a0,0.0,0.0,0.0,0.0,4.1,4.1,3.9,3.5,0.25896784069756745
2026-01-03 18:53:38,6623efc26f998a001b25277f,0.0,0.0,0.0,0.0,4.1,4.1,3.9,3.5,0.25896784069756745
2026-01-03 18:53:38,662b50841afb9c00172d880d,0.0,0.0,0.0,0.0,4.1,4.1,3.9,3.5,0.25896784069756745
2026-01-03 18:53:38,58abc0cbbd82540010390ba6,0.0,0.0,0.0,0.0,4.1,4.1,3.9,3.5,0.25896784069756745
2026-01-03 18:53:38,58afea5dbd82540010390c4d,0.0,0.0,0.0,0.0,4.1,4.1,3.9,3.5,0.25896784069756745
2026-01-03 18:53:38,5deb576d1dc17d7c5515ad07,0.0,0.0,0.0,0.0,4.1,4.1,3.9,3.5,0.25896784069756745
2026-01-03 18:53:38,5d8cdc1d766c88001718896c,0.0,0.0,0.0,0.0,4.1,4.1,3.9,3.5,0.25896784069756745
2026-01-03 18:53:38,5a606c758576340017d06626,0.0,0.0,0.0,0.0,4.1,4.1,3.9,3.5,0.25896784069756745
2026-01-03 18:53:38,68fae2966b936b00172186a6,0.0,0.0,0.0,0.0,4.1,4.1,3.9,3.5,0.25896784069756745
2026-01-03 18:53:38,63b66008bfd3d90017eaa476,0.0,0.0,0.0,0.0,4.1,4.1,3.9,3.5,0.3
2026-01-03 18:53:38,5a82628e5058170011f6eadb,0.0,0.0,0.0,0.0,4.1,4.1,3.9,3.5,0.25896784069756745
2026-01-03 18:53:38,589b46b3b3bf7600110283d0,0.0,0.0,0.0,0.0,4.1,4.1,3.9,3.5,0.3
2026-01-03 18:53:38,5d8cd653766c88001718894c,0.0,0.0,0.0,0.0,4.1,4.1,3.9,3.5,0.25896784069756745
2026-01-03 18:53:38,662b4de41afb9c00172d85c5,0.0,0.0,0.0,0.0,4.1,4.1,3.9,3.5,0.25896784069756745
2026-01-03 18:53:38,58af8eb2bd82540010390c30,0.0,0.0,0.0,0.0,4.1,4.1,3.9,3.5,0.25896784069756745
2026-01-03 18:53:38,6623ee176f998a001b25270c,0.0,0.0,0.0,0.0,4.1,4.1,3.9,3.5,0.25896784069756745
2026-01-03 18:53:38,5b0b7d240e517b00119fd809,0.0,0.0,0.0,0.0,4.1,4.1,3.9,3.5,0.3
2026-01-03 18:53:38,595f8d233dcfc400106f28f0,0.0,0.0,0.0,0.0,4.1,4.1,3.9,3.5,0.25896784069756745
2026-01-03 18:53:38,5deb576d1dc17d7c5515ad1d,0.0,0.0,0.0,0.0,4.1,4.1,3.9,3.5,0.3
2026-01-03 18:53:38,68ae7e997d735d00173c7445,0.0,0.0,0.0,0.0,4.1,4.1,3.9,3.5,0.25896784069756745
2026-01-03 18:53:38,5b0b835b0e517b00119fd80d,0.0,0.0,0.0,0.0,4.1,4.1,3.9,3.5,0.25896784069756745
2026-01-03 18:53:38,5b6c155aca0577001163fe36,0.0,0.0,0.0,0.0,4.1,4.1,3.9,3.5,0.3
2026-01-03 18:53:38,5d8cd2a3766c88001718893c,0.0,0.0,0.0,0.0,4.1,4.1,3.9,3.5,0.25896784069756745
2026-01-03 18:53:38,662b4e8e1afb9c00172d865c,0.0,0.0,0.0,0.0,4.1,4.1,3.9,3.5,0.25896784069756745
2026-01-03 18:53:38,66b1c190779f740018673ed4,0.0,0.0,0.0,0.0,4.1,4.1,3.9,3.5,0.25896784069756745
2026-01-03 18:53:38,662b7f9f1afb9c00172dca50,0.0,0.0,0.0,0.0,4.1,4.1,3.9,3.5,0.25896784069756745
2026-01-03 18:53:38,68a589294e89b100173b61d9,0.0,0.0,0.0,0.0,4.1,4.1,3.9,3.5,0.25896784069756745
2026-01-03 18:53:38,58747923b807da0011e33cf5,0.0,0.0,0.0,0.0,4.1,4.1,3.9,3.5,0.25896784069756745
2026-01-03 18:53:38,63ae7af4bfd3d90017e8f32c,0.0,0.0,0.0,0.0,4.1,4.1,3.9,3.5,0.25896784069756745
2026-01-03 18:53:38,5875d4f8b807da0011e33d1a,0.0,0.0,0.0,0.0,4.1,4.1,3.9,3.5,0.25896784069756745
2026-01-03 18:53:38,595d92013dcfc400106f2877,0.0,0.0,0.0,0.0,4.1,4.1,3.9,3.5,0.25896784069756745
2026-01-03 18:53:38,681886f26dfb4b0018f8f31a,0.0,0.0,0.0,0.0,4.1,4.1,3.9,3.5,0.25896784069756745
2026-01-03 18:53:38,662b80721afb9c00172dcb28,0.0,0.0,0.0,0.0,4.1,4.1,3.9,3.5,0.25896784069756745
2026-01-03 18:53:38,59ca2f4402eb490011a0a3f9,0.0,0.0,0.0,0.0,4.1,4.1,3.9,3.5,0.25896784069756745
2026-01-03 18:53:38,586e1f18f9fab7001111b0a5,0.0,0.0,0.0,0.0,4.1,4.1,3.9,3.5,0.25896784069756745
2026-01-03 18:53:38,681891e26dfb4b0018f90a69,0.0,0.0,0.0,0.0,4.1,4.1,3.9,3.5,0.25896784069756745
2026-01-03 18:53:38,5d9de3c2766c880017188cb3,0.0,0.0,0.0,0.0,4.1,4.1,3.9,3.5,0.25896784069756745
2026-01-03 18:53:38,63ae7cfcbfd3d90017e8f422,0.0,0.0,0.0,0.0,4.1,4.1,3.9,3.5,0.3
2026-01-03 18:53:38,5b0e1faacddcc80011ceb449,0.0,0.0,0.0,0.0,4.1,4.1,3.9,3.5,0.25896784069756745
2026-01-03 18:53:38,63b65fa9bfd3d90017eaa449,0.0,0.0,0.0,0.0,4.1,4.1,3.9,3.5,0.3
2026-01-03 18:53:38,6623e5066f998a001b252317,0.0,0.0,0.0,0.0,4.1,4.1,3.9,3.5,0.25896784069756745
2026-01-03 18:53:38,662b5c141afb9c00172d93d7,0.0,0.0,0.0,0.0,4.1,4.1,3.9,3.5,0.25896784069756745
2026-01-03 18:53:38,66b1c158779f740018673eb4,0.0,0.0,0.0,0.0,4.1,4.1,3.9,3.5,0.25896784069756745
2026-01-03 18:53:38,56df8381c062921100c143e2,0.0,0.0,0.0,0.0,4.1,4.1,3.9,3.5,0.25896784069756745
2026-01-03 18:53:38,5d8cd1f9766c880017188938,0.0,0.0,0.0,0.0,4.1,4.1,3.9,3.5,0.3
2026-01-03 18:53:38,595da2dd3dcfc400106f2885,0.0,0.0,0.0,0.0,4.1,4.1,3.9,3.5,0.25896784069756745
2026-01-03 18:53:38,595f80e83dcfc400106f28e4,0.0,0.0,0.0,0.0,4.1,4.1,3.9,3.5,0.25896784069756745
2026-01-03 18:53:38,631955e7c9eae60017a1c30a,0.0,0.0,0.0,0.0,4.1,4.1,3.9,3.5,0.25896784069756745
2026-01-03 18:53:38,5a6060e08576340017d0660f,0.0,0.0,0.0,0.0,4.1,4.1,3.9,3.5,0.25896784069756745
2026-01-03 18:53:38,5a607ea98576340017d0666d,0.0,0.0,0.0,0.0,4.1,4.1,3.9,3.5,0.3
2026-01-03 18:53:38,63b548c3bfd3d90017ea77c0,0.0,0.0,0.0,0.0,4.1,4.1,3.9,3.5,0.25896784069756745
2026-01-03 18:53:38,662a8c931afb9c00172d2901,0.0,0.0,0.0,0.0,4.1,4.1,3.9,3.5,0.25896784069756745
2026-01-03 18:53:38,63195556c9eae60017a1c2ba,0.0,0.0,0.0,0.0,4.1,4.1,3.9,3.5,0.25896784069756745
2026-01-03 18:53:38,58df4adedc195800111e04b4,0.0,0.0,0.0,0.0,4.1,4.1,3.9,3.5,0.25896784069756745
2026-01-03 18:53:38,59ca301902eb490011a0a400,0.0,0.0,0.0,0.0,4.1,4.1,3.9,3.5,0.25896784069756745
2026-01-03 18:53:38,584e738361cfea0012cf6951,0.0,0.0,0.0,0.0,4.1,4.1,3.9,3.5,0.25896784069756745
2026-01-03 18:53:38,583f958161cfea0012cf68f5,0.0,0.0,0.0,0.0,4.1,4.1,3.9,3.5,0.25896784069756745
2026-01-03 18:53:38,6922921744912200174bc71d,0.0,0.0,0.0,0.0,4.1,4.1,3.9,3.5,0.25896784069756745
2026-01-03 18:53:38,5a8253615058170011f6eabf,0.0,0.0,0.0,0.0,4.1,4.1,3.9,3.5,0.25896784069756745
2026-01-03 18:53:38,5deb576d1dc17d7c5515ad0f,0.0,0.0,0.0,0.0,4.1,4.1,3.9,3.5,0.25896784069756745
2026-01-03 18:53:38,68fae2b66b936b00172186e5,0.0,0.0,0.0,0.0,4.1,4.1,3.9,3.5,0.25896784069756745
2026-01-03 18:53:38,662b51761afb9c00172d88ef,0.0,0.0,0.0,0.0,4.1,4.1,3.9,3.5,0.25896784069756745
2026-01-03 18:53:38,68a5873d4e89b100173b5f60,0.0,0.0,0.0,0.0,4.1,4.1,3.9,3.5,0.25896784069756745
2026-01-03 18:53:38,66b1c370779f7400186740b3,0.0,0.0,0.0,0.0,4.1,4.1,3.9,3.5,0.25896784069756745
2026-01-03 18:53:38,6623ec376f998a001b252671,0.0,0.0,0.0,0.0,4.1,4.1,3.9,3.5,0.25896784069756745
2026-01-03 18:53:38,59ca2e6002eb490011a0a3f3,0.0,0.0,0.0,0.0,4.1,4.1,3.9,3.5,0.3
2026-01-03 18:53:38,5b6c1618ca0577001163fe3c,0.0,0.0,0.0,0.0,4.1,4.1,3.9,3.5,0.3
2026-01-03 18:53:38,5deb576d1dc17d7c5515ad22,0.0,0.0,0.0,0.0,4.1,4.1,3.9,3.5,0.25896784069756745
2026-01-03 18:53:38,63b664d2bfd3d90017eaaa0f,0.0,0.0,0.0,0.0,4.1,4.1,3.9,3.5,0.25896784069756745
2026-01-03 18:53:38,56df85bdc062921100c143e8,0.0,0.0,0.0,0.0,4.1,4.1,3.9,3.5,0.3
2026-01-03 18:53:38,662b85031afb9c00172dd0dc,0.0,0.0,0.0,0.0,4.1,4.1,3.9,3.5,0.25896784069756745
2026-01-03 18:53:38,58d7b5a7c1e33c00112b320a,0.0,0.0,0.0,0.0,4.1,4.1,3.9,3.5,0.25896784069756745
2026-01-03 18:53:38,662a8f3a1afb9c00172d2b31,0.0,0.0,0.0,0.0,4.1,4.1,3.9,3.5,0.25896784069756745
2026-01-03 18:53:38,58aff01fbd82540010390c50,0.0,0.0,0.0,0.0,4.1,4.1,3.9,3.5,0.25896784069756745
2026-01-03 18:53:38,5d8cdb9f766c880017188968,0.0,0.0,0.0,0.0,4.1,4.1,3.9,3.5,0.25896784069756745
2026-01-03 18:53:38,5a6085fb8576340017d06686,0.0,0.0,0.0,0.0,4.1,4.1,3.9,3.5,0.25896784069756745
2026-01-03 18:53:38,59ca31d602eb490011a0a40b,0.0,0.0,0.0,0.0,4.1,4.1,3.9,3.5,0.25896784069756745
2026-01-03 18:53:38,587c782db807da0011e33d3b,0.0,0.0,0.0,0.0,4.1,4.1,3.9,3.5,0.25896784069756745
2026-01-03 18:53:38,662a8d821afb9c00172d29c8,0.0,0.0,0.0,0.0,4.1,4.1,3.9,3.5,0.25896784069756745
2026-01-03 18:53:38,63ae7d29bfd3d90017e8f437,0.0,0.0,0.0,0.0,4.1,4.1,3.9,3.5,0.25896784069756745
2026-01-03 18:53:38,68ae7ee47d735d00173c7492,0.0,0.0,0.0,0.0,4.1,4.1,3.9,3.5,0.25896784069756745
2026-01-03 18:53:38,56de42f611f398ec0c48129f,0.0,0.0,0.0,0.0,4.1,4.1,3.9,3.5,0.2657603937607214
2026-01-03 18:53:38,68188b296dfb4b0018f8f9a3,0.0,0.0,0.0,0.0,4.1,4.1,3.9,3.5,0.25896784069756745
2026-01-03 18:53:38,662b80b91afb9c00172dcb5b,0.0,0.0,0.0,0.0,4.1,4.1,3.9,3.5,0.25896784069756745
2026-01-03 18:53:38,692292c044912200174bc76d,0.0,0.0,0.0,0.0,4.1,4.1,3.9,3.5,0.25896784069756745
2026-01-03 18:53:38,68188d586dfb4b0018f9018d,0.0,0.0,0.0,0.0,4.1,4.1,3.9,3.5,0.25896784069756745
2026-01-03 18:53:38,662b50261afb9c00172d87b2,0.0,0.0,0.0,0.0,4.1,4.1,3.9,3.5,0.25896784069756745
2026-01-03 18:53:38,59ca2d9d02eb490011a0a3f0,0.0,0.0,0.0,0.0,4.1,4.1,3.9,3.5,0.25896784069756745
2026-01-03 18:53:38,68a588984e89b100173b6138,0.0,0.0,0.0,0.0,4.1,4.1,3.9,3.5,0.25896784069756745
2026-01-03 18:53:38,5a8256df5058170011f6eacb,0.0,0.0,0.0,0.0,4.1,4.1,3.9,3.5,0.25896784069756745
2026-01-03 18:53:38,5deb576d1dc17d7c5515acfc,0.0,0.0,0.0,0.0,4.1,4.1,3.9,3.5,0.25896784069756745
2026-01-03 18:53:38,587c8c20b807da0011e33d47,0.0,0.0,0.0,0.0,4.1,4.1,3.9,3.5,0.25896784069756745
2026-01-03 18:53:38,58744fb0b807da0011e33cc0,0.0,0.0,0.0,0.0,4.1,4.1,3.9,3.5,0.25896784069756745
2026-01-03 18:53:38,5822f23aedeb6c0012a2d6a8,0.0,0.0,0.0,0.0,4.1,4.1,3.9,3.5,0.3
2026-01-03 18:53:38,649da495a6068200171a6cb6,0.0,0.0,0.0,0.0,4.1,4.1,3.9,3.5,0.25896784069756745
2026-01-03 19:54:14,59d3524f02eb490011a0a61b,0.0,0.0,0.0,0.0,3.9,4.1,3.7,3.1,0.3
2026-01-03 19:54:14,5a6065c58576340017d06615,0.0,0.0,0.0,0.0,3.9,4.1,3.7,3.1,0.25896784069756745
2026-01-03 19:54:14,6623f4df6f998a001b2528eb,0.0,0.0,0.0,0.0,3.9,4.1,3.7,3.1,0.25896784069756745
2026-01-03 19:54:14,662b7ce71afb9c00172dc676,0.0,0.0,0.0,0.0,3.9,4.1,3.7,3.1,0.25896784069756745
2026-01-03 19:54:14,583f969161cfea0012cf68f7,0.0,0.0,0.0,0.0,3.9,4.1,3.7,3.1,0.25896784069756745
2026-01-03 19:54:14,59ca317602eb490011a0a408,0.0,0.0,0.0,0.0,3.9,4.1,3.7,3.1,0.25896784069756745
2026-01-03 19:54:14,6623e8da6f998a001b2524a6,0.0,0.0,0.0,0.0,3.9,4.1,3.7,3.1,0.25896784069756745
2026-01-03 19:54:14,56de42f611f398ec0c481299,0.0,0.0,0.0,0.0,3.9,4.1,3.7,3.1,0.25896784069756745
2026-01-03 19:54:14,66b1c426779f74001867415e,0.0,0.0,0.0,0.0,3.9,4.1,3.7,3.1,0.25896784069756745
2026-01-03 19:54:14,595dc29c3dcfc400106f2894,0.0,0.0,0.0,0.0,3.9,4.1,3.7,3.1,0.25896784069756745
2026-01-03 19:54:14,5d9de4de766c880017188cbb,0.0,0.0,0.0,0.0,3.9,4.1,3.7,3.1,0.25896784069756745
2026-01-03 19:54:14,6623f44f6f998a001b2528aa,0.0,0.0,0.0,0.0,3.9,4.1,3.7,3.1,0.25896784069756745
2026-01-03 19:54:14,662a881a1afb9c00172d2559,0.0,0.0,0.0,0.0,3.9,4.1,3.7,3.1,0.25896784069756745
2026-01-03 19:54:14,5a605f828576340017d06608,0.0,0.0,0.0,0.0,3.9,4.1,3.7,3.1,0.3
2026-01-03 19:54:14,68188fe36dfb4b0018f90520,0.0,0.0,0.0,0.0,3.9,4.1,3.7,3.1,0.3
2026-01-03 19:54:14,5deb576d1dc17d7c5515ad15,0.0,0.0,0.0,0.0,3.9,4.1,3.7,3.1,0.25896784069756745
2026-01-03 19:54:14,5b8b2323ca057700116405d0,0.0,0.0,0.0,0.0,3.9,4.1,3.7,3.1,0.25896784069756745
2026-01-03 19:54:14,68188a226dfb4b0018f8f70a,0.0,0.0,0.0,0.0,3.9,4.1,3.7,3.1,0.25896784069756745
2026-01-03 19:54:14,681889a96dfb4b0018f8f67e,0.0,0.0,0.0,0.0,3.9,4.1,3.7,3.1,0.25896784069756745
2026-01-03 19:54:14,63ae7a50bfd3d90017e8f2b2,0.0,0.0,0.0,0.0,3.9,4.1,3.7,3.1,0.25896784069756745
2026-01-03 19:54:14,587ee0ecb807da0011e33d50,0.0,0.0,0.0,0.0,3.9,4.1,3.7,3.1,0.27228657219394764
2026-01-03 19:54:14,56de42f611f398ec0c48128f,0.0,0.0,0.0,0.0,3.9,4.1,3.7,3.1,0.25896784069756745
2026-01-03 19:54:14,56de42f611f398ec0c4812a2,0.0,0.0,0.0,0.0,3.9,4.1,3.7,3.1,0.25896784069756745
2026-01-03 19:54:14,6922934b44912200174bc7ec,0.0,0.0,0.0,0.0,3.9,4.1,3.7,3.1,0.25896784069756745
2026-01-03 19:54:14,63bd1f21bfd3d90017ec3d04,0.0,0.0,0.0,0.0,3.9,4.1,3.7,3.1,0.25896784069756745
2026-01-03 19:54:14,58df4d95dc195800111e04b9,0.0,0.0,0.0,0.0,3.9,4.1,3.7,3.1,0.25896784069756745
2026-01-03 19:54:14,586e28a0f9fab7001111b0b3,0.0,0.0,0.0,0.0,3.9,4.1,3.7,3.1,0.25896784069756745
2026-01-03 19:54:14,595dd8463dcfc400106f28b2,0.0,0.0,0.0,0.0,3.9,4.1,3.7,3.1,0.25896784069756745
2026-01-03 19:54:14,662b81721afb9c00172dcc44,0.0,0.0,0.0,0.0,3.9,4.1,3.7,3.1,0.25896784069756745
2026-01-03 19:54:14,67e217c43215f90017863bc8,0.0,0.0,0.0,0.0,3.9,4.1,3.7,3.1,0.25896784069756745
2026-01-03 19:54:14,66b1c3c2779f740018674125,0.0,0.0,0.0,0.0,3.9,4.1,3.7,3.1,0.25896784069756745
2026-01-03 19:54:14,5a8269c45058170011f6eae4,0.0,0.0,0.0,0.0,3.9,4.1,3.7,3.1,0.25896784069756745
2026-01-03 19:54:14,56de42f611f398ec0c481297,0.0,0.0,0.0,0.0,3.9,4.1,3.7,3.1,0.25896784069756745
2026-01-03 19:54:14,5822adbbedeb6c0012a2d65f,0.0,0.0,0.0,0.0,3.9,4.1,3.7,3.1,0.25896784069756745
2026-01-03 19:54:14,5deb576d1dc17d7c5515ad00,0.0,0.0,0.0,0.0,3.9,4.1,3.7,3.1,0.3
2026-01-03 19:54:14,5a823e425058170011f6eaa4,0.0,0.0,0.0,0.0,3.9,4.1,3.7,3.1,0.25896784069756745
2026-01-03 19:54:14,649da72ca6068200171a6dbb,0.0,0.0,0.0,0.0,3.9,4.1,3.7,3.1,0.25896784069756745
2026-01-03 19:54:14,5a6088218576340017d06693,0.0,0.0,0.0,0.0,3.9,4.1,3.7,3.1,0.25896784069756745
2026-01-03 19:54:14,63b65fd8bfd3d90017eaa461,0.0,0.0,0.0,0.0,3.9,4.1,3.7,3.1,0.25896784069756745
2026-01-03 19:54:14,5deb576d1dc17d7c5515ad08,0.0,0.0,0.0,0.0,3.9,4.1,3.7,3.1,0.25896784069756745
2026-01-03 19:54:14,595dc70d3dcfc400106f289a,0.0,0.0,0.0,0.0,3.9,4.1,3.7,3.1,0.3
2026-01-03 19:54:14,63b65ebebfd3d90017eaa3ae,0.0,0.0,0.0,0.0,3.9,4.1,3.7,3.1,0.25896784069756745
2026-01-03 19:54:14,5874769eb807da0011e33cec,0.0,0.0,0.0,0.0,3.9,4.1,3.7,3.1,0.25896784069756745
2026-01-03 19:54:14,63b660f8bfd3d90017eaa4ea,0.0,0.0,0.0,0.0,3.9,4.1,3.7,3.1,0.25896784069756745
2026-01-03 19:54:14,58af994abd82540010390c37,0.0,0.0,0.0,0.0,3.9,4.1,3.7,3.1,0.25896784069756745
2026-01-03 19:54:14,56df8108c062921100c143db,0.0,0.0,0.0,0.0,3.9,4.1,3.7,3.1,0.25896784069756745
2026-01-03 19:54:14,63ae7903bfd3d90017e8f211,0.0,0.0,0.0,0.0,3.9,4.1,3.7,3.1,0.25896784069756745
2026-01-03 19:54:14,63ae7727bfd3d90017e8f14a,0.0,0.0,0.0,0.0,3.9,4.1,3.7,3.1,0.25896784069756745
2026-01-03 19:54:14,6623f36e6f998a001b252878,0.0,0.0,0.0,0.0,3.9,4.1,3.7,3.1,0.25896784069756745
2026-01-03 19:54:14,5d9ddec9766c880017188c9c,0.0,0.0,0.0,0.0,3.9,4.1,3.7,3.1,0.25896784069756745
2026-01-03 19:54:14,5deb576d1dc17d7c5515ad02,0.0,0.0,0.0,0.0,3.9,4.1,3.7,3.1,0.25896784069756745
2026-01-03 19:54:14,681885ff6dfb4b0018f8f1ee,0.0,0.0,0.0,0.0,3.9,4.1,3.7,3.1,0.25896784069756745
2026-01-03 19:54:14,63ae79aabfd3d90017e8f26a,0.0,0.0,0.0,0.0,3.9,4.1,3.7,3.1,0.25896784069756745
2026-01-03 19:54:14,5d8cd7fb766c880017188954,0.0,0.0,0.0,0.0,3.9,4.1,3.7,3.1,0.25896784069756745
2026-01-03 19:54:14,56de42f611f398ec0c481293,0.0,0.0,0.0,0.0,3.9,4.1,3.7,3.1,0.25896784069756745
2026-01-03 19:54:14,63b66089bfd3d90017eaa4bd,0.0,0.0,0.0,0.0,3.9,4.1,3.7,3.1,0.25896784069756745
2026-01-03 19:54:14,63ae798abfd3d90017e8f255,0.0,0.0,0.0,0.0,3.9,4.1,3.7,3.1,0.25896784069756745
2026-01-03 19:54:14,662a89f51afb9c00172d26ef,0.0,0.0,0.0,0.0,3.9,4.1,3.7,3.1,0.25896784069756745
2026-01-03 19:54:14,6318287ec9eae60017a19f36,0.0,0.0,0.0,0.0,3.9,4.1,3.7,3.1,0.25896784069756745
2026-01-03 19:54:14,6792f3058c5ed4001b27f58e,0.0,0.0,0.0,0.0,3.9,4.1,3.7,3.1,0.25896784069756745
2026-01-03 19:54:14,587476e3b807da0011e33cee,0.0,0.0,0.0,0.0,3.9,4.1,3.7,3.1,0.25896784069756745
2026-01-03 19:54:14,597bf277faa7ea0011c7c29f,0.0,0.0,0.0,0.0,3.9,4.1,3.7,3.1,0.25896784069756745
2026-01-03 19:54:14,5d9de49d766c880017188cb9,0.0,0.0,0.0,0.0,3.9,4.1,3.7,3.1,0.25896784069756745
2026-01-03 19:54:14,5d9ddf49766c880017188ca0,0.0,0.0,0.0,0.0,3.9,4.1,3.7,3.1,0.25896784069756745
2026-01-03 19:54:14,63ae763bbfd3d90017e8f0c4,0.0,0.0,0.0,0.0,3.9,4.1,3.7,3.1,0.25896784069756745
2026-01-03 19:54:14,5d8cda6a766c880017188960,0.0,0.0,0.0,0.0,3.9,4.1,3.7,3.1,0.25896784069756745
2026-01-03 19:54:14,662b80e81afb9c00172dcbec,0.0,0.0,0.0,0.0,3.9,4.1,3.7,3.1,0.25896784069756745
2026-01-03 19:54:14,681826506dfb4b0018f83e64,0.0,0.0,0.0,0.0,3.9,4.1,3.7,3.1,0.3
2026-01-03 19:54:14,662a86a11afb9c00172d2410,0.0,0.0,0.0,0.0,3.9,4.1,3.7,3.1,0.25896784069756745
2026-01-03 19:54:14,5a6083198576340017d0667a,0.0,0.0,0.0,0.0,3.9,4.1,3.7,3.1,0.25896784069756745
2026-01-03 19:54:14,56de42f611f398ec0c48128b,0.0,0.0,0.0,0.0,3.9,4.1,3.7,3.1,0.25896784069756745
2026-01-03 19:54:14,58e49ff8d9d6200011e0b9d4,0.0,0.0,0.0,0.0,3.9,4.1,3.7,3.1,0.25896784069756745
2026-01-03 19:54:14,6922924644912200174bc737,0.0,0.0,0.0,0.0,3.9,4.1,3.7,3.1,0.25896784069756745
2026-01-03 19:54:14,681885a26dfb4b0018f8f176,0.0,0.0,0.0,0.0,3.9,4.1,3.7,3.1,0.25896784069756745
2026-01-03 19:54:14,5a8241105058170011f6eaa6,0.0,0.0,0.0,0.0,3.9,4.1,3.7,3.1,0.25896784069756745
2026-01-03 19:54:14,65e054fb6b18080018db6632,0.0,0.0,0.0,0.0,3.9,4.1,3.7,3.1,0.25896784069756745
2026-01-03 19:54:14,5a825ded5058170011f6ead7,0.0,0.0,0.0,0.0,3.9,4.1,3.7,3.1,0.25896784069756745
2026-01-03 19:54:14,5d8cdb0a766c880017188964,0.0,0.0,0.0,0.0,3.9,4.1,3.7,3.1,0.25896784069756745
2026-01-03 19:54:14,68188bb96dfb4b0018f8fdbf,0.0,0.0,0.0,0.0,3.9,4.1,3.7,3.1,0.25896784069756745
2026-01-03 19:54:14,56df833ac062921100c143e1,0.0,0.0,0.0,0.0,3.9,4.1,3.7,3.1,0.3
2026-01-03 19:54:14,6792efe48c5ed4001b27f336,0.0,0.0,0.0,0.0,3.9,4.1,3.7,3.1,0.25896784069756745
2026-01-03 19:54:14,63b5503bbfd3d90017ea7ccc,0.0,0.0,0.0,0.0,3.9,4.1,3.7,3.1,0.25896784069756745
2026-01-03 19:54:14,662a873b1afb9c00172d2483,0.0,0.0,0.0,0.0,3.9,4.1,3.7,3.1,0.25896784069756745
2026-01-03 19:54:14,66b1c3fa779f740018674146,0.0,0.0,0.0,0.0,3.9,4.1,3.7,3.1,0.25896784069756745
2026-01-03 19:54:14,5ad0621c98d8fc001102e268,0.0,0.0,0.0,0.0,3.9,4.1,3.7,3.1,0.25896784069756745
2026-01-03 19:54:14,66b1c34d779f74001867409e,0.0,0.0,0.0,0.0,3.9,4.1,3.7,3.1,0.25896784069756745
2026-01-03 19:54:14,595f89323dcfc400106f28ee,0.0,0.0,0.0,0.0,3.9,4.1,3.7,3.1,0.25896784069756745
2026-01-03 19:54:14,56de42f611f398ec0c48128c,0.0,0.0,0.0,0.0,3.9,4.1,3.7,3.1,0.25896784069756745
2026-01-03 19:54:14,662b558c1afb9c00172d8ed2,0.0,0.0,0.0,0.0,3.9,4.1,3.7,3.1,0.25896784069756745
2026-01-03 19:54:14,6623f4836f998a001b2528bf,0.0,0.0,0.0,0.0,3.9,4.1,3.7,3.1,0.25896784069756745
2026-01-03 19:54:14,662b85bf1afb9c00172dd149,0.0,0.0,0.0,0.0,3.9,4.1,3.7,3.1,0.25896784069756745
2026-01-03 19:54:14,595d98fc3dcfc400106f287b,0.0,0.0,0.0,0.0,3.9,4.1,3.7,3.1,0.3
2026-01-03 19:54:14,6818887f6dfb4b0018f8f54c,0.0,0.0,0.0,0.0,3.9,4.1,3.7,3.1,0.25896784069756745
2026-01-03 19:54:14,63b54bcdbfd3d90017ea7a82,0.0,0.0,0.0,0.0,3.9,4.1,3.7,3.1,0.25896784069756745
2026-01-03 19:54:14,68eddd0a230ee50017d040b2,0.0,0.0,0.0,0.0,3.9,4.1,3.7,3.1,0.25896784069756745
2026-01-03 19:54:14,68a587d54e89b100173b6021,0.0,0.0,0.0,0.0,3.9,4.1,3.7,3.1,0.25896784069756745
2026-01-03 19:54:14,5b5995a3fd4edb0019c7d9ab,0.0,0.0,0.0,0.0,3.9,4.1,3.7,3.1,0.25896784069756745
2026-01-03 19:54:14,692291f044912200174bc703,0.0,0.0,0.0,0.0,3.9,4.1,3.7,3.1,0.25896784069756745
2026-01-03 19:54:14,662b81a31afb9c00172dcc65,0.0,0.0,0.0,0.0,3.9,4.1,3.7,3.1,0.2725713363689175
2026-01-03 19:54:14,5deb576d1dc17d7c5515acf6,0.0,0.0,0.0,0.0,3.9,4.1,3.7,3.1,0.25896784069756745
2026-01-03 19:54:14,58746488b807da0011e33cd7,0.0,0.0,0.0,0.0,3.9,4.1,3.7,3.1,0.25896784069756745
2026-01-03 19:54:14,662b83381afb9c00172dcf88,0.0,0.0,0.0,0.0,3.9,4.1,3.7,3.1,0.25896784069756745
2026-01-03 19:54:14,5822b5ededeb6c0012a2d66a,0.0,0.0,0.0,0.0,3.9,4.1,3.7,3.1,0.25896784069756745
2026-01-03 19:54:14,63b660d8bfd3d90017eaa4d5,0.0,0.0,0.0,0.0,3.9,4.1,3.7,3.1,0.25896784069756745
2026-01-03 19:54:14,63ae7be0bfd3d90017e8f3a8,0.0,0.0,0.0,0.0,3.9,4.1,3.7,3.1,0.25896784069756745
2026-01-03 19:54:14,63b54a04bfd3d90017ea783e,0.0,0.0,0.0,0.0,3.9,4.1,3.7,3.1,0.2657603937607214
2026-01-03 19:54:14,63b54f70bfd3d90017ea7c86,0.0,0.0,0.0,0.0,3.9,4.1,3.7,3.1,0.25896784069756745
2026-01-03 19:54:14,5a8267fe5058170011f6eae1,0.0,0.0,0.0,0.0,3.9,4.1,3.7,3.1,0.27940071830835006
2026-01-03 19:54:14,595d984b3dcfc400106f2879,0.0,0.0,0.0,0.0,3.9,4.1,3.7,3.1,0.25896784069756745
2026-01-03 19:54:14,5b25a268f13cba001124e713,0.0,0.0,0.0,0.0,3.9,4.1,3.7,3.1,0.3
2026-01-03 19:54:14,63ae768dbfd3d90017e8f0f1,0.0,0.0,0.0,0.0,3.9,4.1,3.7,3.1,0.25896784069756745
2026-01-03 19:54:14,6818884f6dfb4b0018f8f50f,0.0,0.0,0.0,0.0,3.9,4.1,3.7,3.1,0.25896784069756745
2026-01-03 19:54:14,662a89ae1afb9c00172d26ad,0.0,0.0,0.0,0.0,3.9,4.1,3.7,3.1,0.25896784069756745
2026-01-03 19:54:14,63b54a70bfd3d90017ea7862,0.0,0.0,0.0,0.0,3.9,4.1,3.7,3.1,0.25896784069756745
2026-01-03 19:54:14,58e49783d9d6200011e0b9ce,0.0,0.0,0.0,0.0,3.9,4.1,3.7,3.1,0.25896784069756745
2026-01-03 19:54:14,5deb576d1dc17d7c5515ad0c,0.0,0.0,0.0,0.0,3.9,4.1,3.7,3.1,0.25896784069756745
2026-01-03 19:54:14,6623ef776f998a001b252768,0.0,0.0,0.0,0.0,3.9,4.1,3.7,3.1,0.25896784069756745
2026-01-03 19:54:14,58d7bbf2c1e33c00112b3216,0.0,0.0,0.0,0.0,3.9,4.1,3.7,3.1,0.25896784069756745
2026-01-03 19:54:14,662b51d21afb9c00172d89bf,0.0,0.0,0.0,0.0,3.9,4.1,3.7,3.1,0.25896784069756745
2026-01-03 19:54:14,58746295b807da0011e33ccb,0.0,0.0,0.0,0.0,3.9,4.1,3.7,3.1,0.25896784069756745
2026-01-03 19:54:14,585b2baec3f96200127dc508,0.0,0.0,0.0,0.0,3.9,4.1,3.7,3.1,0.25896784069756745
2026-01-03 19:54:14,5a606cd08576340017d06628,0.0,0.0,0.0,0.0,3.9,4.1,3.7,3.1,0.25896784069756745
2026-01-03 19:54:14,662b80051afb9c00172dcaf6,0.0,0.0,0.0,0.0,3.9,4.1,3.7,3.1,0.25896784069756745
2026-01-03 19:54:14,5d8cd253766c88001718893a,0.0,0.0,0.0,0.0,3.9,4.1,3.7,3.1,0.3
2026-01-03 19:54:14,662b5bc31afb9c00172d92e2,0.0,0.0,0.0,0.0,3.9,4.1,3.7,3.1,0.25896784069756745
2026-01-03 19:54:14,662b58401afb9c00172d90f5,0.0,0.0,0.0,0.0,3.9,4.1,3.7,3.1,0.25896784069756745
2026-01-03 19:54:14,5874644cb807da0011e33cd5,0.0,0.0,0.0,0.0,3.9,4.1,3.7,3.1,0.25896784069756745
2026-01-03 19:54:14,662b867b1afb9c00172dd250,0.0,0.0,0.0,0.0,3.9,4.1,3.7,3.1,0.25896784069756745
2026-01-03 19:54:14,597bf0b8faa7ea0011c7c293,0.0,0.0,0.0,0.0,3.9,4.1,3.7,3.1,0.25896784069756745
2026-01-03 19:54:14,5a10c79f02eb490011a0b0dd,0.0,0.0,0.0,0.0,3.9,4.1,3.7,3.1,0.25896784069756745
2026-01-03 19:54:14,68188af96dfb4b0018f8f8e4,0.0,0.0,0.0,0.0,3.9,4.1,3.7,3.1,0.25896784069756745
2026-01-03 19:54:14,662b83ff1afb9c00172dcffb,0.0,0.0,0.0,0.0,3.9,4.1,3.7,3.1,0.25896784069756745
2026-01-03 19:54:14,5deb576d1dc17d7c5515ad19,0.0,0.0,0.0,0.0,3.9,4.1,3.7,3.1,0.25896784069756745
2026-01-03 19:54:14,5b6329fdfd4edb0019c7dc0b,0.0,0.0,0.0,0.0,3.9,4.1,3.7,3.1,0.3
2026-01-03 19:54:14,589add0fb3bf7600110283ae,0.0,0.0,0.0,0.0,3.9,4.1,3.7,3.1,0.25896784069756745
2026-01-03 19:54:14,5deb576d1dc17d7c5515ad01,0.0,0.0,0.0,0.0,3.9,4.1,3.7,3.1,0.25896784069756745
2026-01-03 19:54:14,58abbf72bd82540010390ba4,0.0,0.0,0.0,0.0,3.9,4.1,3.7,3.1,0.25896784069756745
2026-01-03 19:54:14,6623f1f16f998a001b25281f,0.0,0.0,0.0,0.0,3.9,4.1,3.7,3.1,0.25896784069756745
2026-01-03 19:54:14,58ad6961bd82540010390be5,0.0,0.0,0.0,0.0,3.9,4.1,3.7,3.1,0.25896784069756745
2026-01-03 19:54:14,59ca2fa302eb490011a0a3fd,0.0,0.0,0.0,0.0,3.9,4.1,3.7,3.1,0.3
2026-01-03 19:54:14,5a606dbc8576340017d0662b,0.0,0.0,0.0,0.0,3.9,4.1,3.7,3.1,0.25896784069756745
2026-01-03 19:54:14,662b52a31afb9c00172d8b01,0.0,0.0,0.0,0.0,3.9,4.1,3.7,3.1,0.25896784069756745
2026-01-03 19:54:14,58abbee5bd82540010390ba2,0.0,0.0,0.0,0.0,3.9,4.1,3.7,3.1,0.25896784069756745
2026-01-03 19:54:14,662a8ef41afb9c00172d2af2,0.0,0.0,0.0,0.0,3.9,4.1,3.7,3.1,0.2657603937607214
2026-01-03 19:54:14,6623f5b56f998a001b25292f,0.0,0.0,0.0,0.0,3.9,4.1,3.7,3.1,0.25896784069756745
2026-01-03 19:54:14,66b1c398779f7400186740e3,0.0,0.0,0.0,0.0,3.9,4.1,3.7,3.1,0.25896784069756745
2026-01-03 19:54:14,58d7b756c1e33c00112b320d,0.0,0.0,0.0,0.0,3.9,4.1,3.7,3.1,0.25896784069756745
2026-01-03 19:54:14,6623e31e6f998a001b252250,0.0,0.0,0.0,0.0,3.9,4.1,3.7,3.1,0.25896784069756745
2026-01-03 19:54:14,5deb576d1dc17d7c5515acfe,0.0,0.0,0.0,0.0,3.9,4.1,3.7,3.1,0.25896784069756745
2026-01-03 19:54:14,6792f3cf8c5ed4001b27f61e,0.0,0.0,0.0,0.0,3.9,4.1,3.7,3.1,0.25896784069756745
2026-01-03 19:54:14,58df4e22dc195800111e04bb,0.0,0.0,0.0,0.0,3.9,4.1,3.7,3.1,0.25896784069756745
2026-01-03 19:54:14,58d7b3e8c1e33c00112b3207,0.0,0.0,0.0,0.0,3.9,4.1,3.7,3.1,0.3
2026-01-03 19:54:14,5d8cdc57766c88001718896e,0.0,0.0,0.0,0.0,3.9,4.1,3.7,3.1,0.25896784069756745
2026-01-03 19:54:14,66f1266f538c780017c93579,0.0,0.0,0.0,0.0,3.9,4.1,3.7,3.1,0.25896784069756745
2026-01-03 19:54:14,5ad0679598d8fc001102e274,0.0,0.0,0.0,0.0,3.9,4.1,3.7,3.1,0.25896784069756745
2026-01-03 19:54:14,5a824b6c5058170011f6eaab,0.0,0.0,0.0,0.0,3.9,4.1,3.7,3.1,0.3
2026-01-03 19:54:14,62da3e840637a10017d7073d,0.0,0.0,0.0,0.0,3.9,4.1,3.7,3.1,0.25896784069756745
2026-01-03 19:54:14,56de42f611f398ec0c481288,0.0,0.0,0.0,0.0,3.9,4.1,3.7,3.1,0.25896784069756745
2026-01-03 19:54:14,5d8cd614766c88001718894a,0.0,0.0,0.0,0.0,3.9,4.1,3.7,3.1,0.25896784069756745
2026-01-03 19:54:14,5a824f975058170011f6eab8,0.0,0.0,0.0,0.0,3.9,4.1,3.7,3.1,0.25896784069756745
2026-01-03 19:54:14,5a824c3e5058170011f6eaae,0.0,0.0,0.0,0.0,3.9,4.1,3.7,3.1,0.25896784069756745
2026-01-03 19:54:14,5deb576d1dc17d7c5515acf9,0.0,0.0,0.0,0.0,3.9,4.1,3.7,3.1,0.25896784069756745
2026-01-03 19:54:14,587470c2b807da0011e33ce4,0.0,0.0,0.0,0.0,3.9,4.1,3.7,3.1,0.25896784069756745
2026-01-03 19:54:14,68188cbf6dfb4b0018f900e9,0.0,0.0,0.0,0.0,3.9,4.1,3.7,3.1,0.25896784069756745
2026-01-03 19:54:14,67e217ea3215f90017863bf1,0.0,0.0,0.0,0.0,3.9,4.1,3.7,3.1,0.25896784069756745
2026-01-03 19:54:14,68ede6d0230ee50017d04d4c,0.0,0.0,0.0,0.0,3.9,4.1,3.7,3.1,0.25896784069756745
2026-01-03 19:54:14,584e734a61cfea0012cf694f,0.0,0.0,0.0,0.0,3.9,4.1,3.7,3.1,0.25896784069756745
2026-01-03 19:54:14,662b7f251afb9c00172dc8bc,0.0,0.0,0.0,0.0,3.9,4.1,3.7,3.1,0.25896784069756745
2026-01-03 19:54:14,6623ec826f998a001b252686,0.0,0.0,0.0,0.0,3.9,4.1,3.7,3.1,0.25896784069756745
2026-01-03 19:54:14,5deb576d1dc17d7c5515ad23,0.0,0.0,0.0,0.0,3.9,4.1,3.7,3.1,0.25896784069756745
2026-01-03 19:54:14,6922939144912200174bc80c,0.0,0.0,0.0,0.0,3.9,4.1,3.7,3.1,0.25896784069756745
2026-01-03 19:54:14,595d9ba43dcfc400106f2880,0.0,0.0,0.0,0.0,3.9,4.1,3.7,3.1,0.3
2026-01-03 19:54:14,6818863c6dfb4b0018f8f235,0.0,0.0,0.0,0.0,3.9,4.1,3.7,3.1,0.25896784069756745
2026-01-03 19:54:14,589ad89eb3bf7600110283ac,0.0,0.0,0.0,0.0,3.9,4.1,3.7,3.1,0.25896784069756745
2026-01-03 19:54:14,662b5adc1afb9c00172d925b,0.0,0.0,0.0,0.0,3.9,4.1,3.7,3.1,0.25896784069756745
2026-01-03 19:54:14,5701e22bc4350a1100e26f6c,0.0,0.0,0.0,0.0,3.9,4.1,3.7,3.1,0.3
2026-01-03 19:54:14,5b87c386ca057700116404a6,0.0,0.0,0.0,0.0,3.9,4.1,3.7,3.1,0.25896784069756745
2026-01-03 19:54:14,5d8cd542766c880017188948,0.0,0.0,0.0,0.0,3.9,4.1,3.7,3.1,0.25896784069756745
2026-01-03 19:54:14,6623e8406f998a001b252465,0.0,0.0,0.0,0.0,3.9,4.1,3.7,3.1,0.25896784069756745
2026-01-03 19:54:14,5875cef0b807da0011e33d14,0.0,0.0,0.0,0.0,3.9,4.1,3.7,3.1,0.3
2026-01-03 19:54:14,5a823d555058170011f6eaa2,0.0,0.0,0.0,0.0,3.9,4.1,3.7,3.1,0.2657603937607214
2026-01-03 19:54:14,595da2853dcfc400106f2883,0.0,0.0,0.0,0.0,3.9,4.1,3.7,3.1,0.25896784069756745
2026-01-03 19:54:14,5b632950fd4edb0019c7dc07,0.0,0.0,0.0,0.0,3.9,4.1,3.7,3.1,0.25896784069756745
2026-01-03 19:54:14,5deb576d1dc17d7c5515ad06,0.0,0.0,0.0,0.0,3.9,4.1,3.7,3.1,0.25896784069756745
2026-01-03 19:54:14,662b54711afb9c00172d8d4f,0.0,0.0,0.0,0.0,3.9,4.1,3.7,3.1,0.25896784069756745
2026-01-03 19:54:14,5a8279865058170011f6eaef,0.0,0.0,0.0,0.0,3.9,4.1,3.7,3.1,0.25896784069756745
2026-01-03 19:54:14,662b4faa1afb9c00172d875e,0.0,0.0,0.0,0.0,3.9,4.1,3.7,3.1,0.25896784069756745
2026-01-03 19:54:14,662a87641afb9c00172d24b0,0.0,0.0,0.0,0.0,3.9,4.1,3.7,3.1,0.25896784069756745
2026-01-03 19:54:14,56de42f611f398ec0c4812a1,0.0,0.0,0.0,0.0,3.9,4.1,3.7,3.1,0.2657603937607214
2026-01-03 19:54:14,63ae7669bfd3d90017e8f0d9,0.0,0.0,0.0,0.0,3.9,4.1,3.7,3.1,0.25896784069756745
2026-01-03 19:54:14,63b65e6abfd3d90017eaa361,0.0,0.0,0.0,0.0,3.9,4.1,3.7,3.1,0.25896784069756745
2026-01-03 19:54:14,662a8fd41afb9c00172d2bac,0.0,0.0,0.0,0.0,3.9,4.1,3.7,3.1,0.25896784069756745
2026-01-03 19:54:14,56f11afc3ac17b11001c504e,0.0,0.0,0.0,0.0,3.9,4.1,3.7,3.1,0.25896784069756745
2026-01-03 19:54:14,585b2b1ec3f96200127dc505,0.0,0.0,0.0,0.0,3.9,4.1,3.7,3.1,0.25896784069756745
2026-01-03 19:54:14,5a825b7d5058170011f6ead4,0.0,0.0,0.0,0.0,3.9,4.1,3.7,3.1,0.25896784069756745
2026-01-03 19:54:14,5a6069238576340017d0661c,0.0,0.0,0.0,0.0,3.9,4.1,3.7,3.1,0.25896784069756745
2026-01-03 19:54:14,662b857b1afb9c00172dd106,0.0,0.0,0.0,0.0,3.9,4.1,3.7,3.1,0.25896784069756745
2026-01-03 19:54:14,56de42f611f398ec0c481298,0.0,0.0,0.0,0.0,3.9,4.1,3.7,3.1,0.25896784069756745
2026-01-03 19:54:14,63ae75f9bfd3d90017e8f097,0.0,0.0,0.0,0.0,3.9,4.1,3.7,3.1,0.25896784069756745
2026-01-03 19:54:14,63ae7829bfd3d90017e8f1ac,0.0,0.0,0.0,0.0,3.9,4.1,3.7,3.1,0.25896784069756745
2026-01-03 19:54:14,65e0556b6b18080018db665e,0.0,0.0,0.0,0.0,3.9,4.1,3.7,3.1,0.25896784069756745
2026-01-03 19:54:14,662b81eb1afb9c00172dcc85,0.0,0.0,0.0,0.0,3.9,4.1,3.7,3.1,0.25896784069756745
2026-01-03 19:54:14,595dd9ac3dcfc400106f28b4,0.0,0.0,0.0,0.0,3.9,4.1,3.7,3.1,0.25896784069756745
2026-01-03 19:54:14,662a8cc51afb9c00172d2938,0.0,0.0,0.0,0.0,3.9,4.1,3.7,3.1,0.25896784069756745
2026-01-03 19:54:14,587654d3b807da0011e33d36,0.0,0.0,0.0,0.0,3.9,4.1,3.7,3.1,0.25896784069756745
2026-01-03 19:54:14,5990ffdbbec3b90016d2ad2d,0.0,0.0,0.0,0.0,3.9,4.1,3.7,3.1,0.25896784069756745
2026-01-03 19:54:14,5a8259035058170011f6eacf,0.0,0.0,0.0,0.0,3.9,4.1,3.7,3.1,0.3
2026-01-03 19:54:14,63b54cffbfd3d90017ea7ad0,0.0,0.0,0.0,0.0,3.9,4.1,3.7,3.1,0.25896784069756745
2026-01-03 19:54:14,589b4644b3bf7600110283ce,0.0,0.0,0.0,0.0,3.9,4.1,3.7,3.1,0.25896784069756745
2026-01-03 19:54:14,5d8cd8e2766c880017188958,0.0,0.0,0.0,0.0,3.9,4.1,3.7,3.1,0.25896784069756745
2026-01-03 19:54:14,63b54fe4bfd3d90017ea7ca2,0.0,0.0,0.0,0.0,3.9,4.1,3.7,3.1,0.3
2026-01-03 19:54:14,6623ebd76f998a001b25264d,0.0,0.0,0.0,0.0,3.9,4.1,3.7,3.1,0.25896784069756745
2026-01-03 19:54:14,5a6086e88576340017d0668a,0.0,0.0,0.0,0.0,3.9,4.1,3.7,3.1,0.25896784069756745
2026-01-03 19:54:14,681888b66dfb4b0018f8f58c,0.0,0.0,0.0,0.0,3.9,4.1,3.7,3.1,0.25896784069756745
2026-01-03 19:54:14,5b6c15b8ca0577001163fe39,0.0,0.0,0.0,0.0,3.9,4.1,3.7,3.1,0.3
2026-01-03 19:54:14,5d8cd98d766c88001718895a,0.0,0.0,0.0,0.0,3.9,4.1,3.7,3.1,0.25896784069756745
2026-01-03 19:54:14,6623ee666f998a001b252726,0.0,0.0,0.0,0.0,3.9,4.1,3.7,3.1,0.25896784069756745
2026-01-03 19:54:14,662b84c11afb9c00172dd0b5,0.0,0.0,0.0,0.0,3.9,4.1,3.7,3.1,0.25896784069756745
2026-01-03 19:54:14,662b51201afb9c00172d889a,0.0,0.0,0.0,0.0,3.9,4.1,3.7,3.1,0.25896784069756745
2026-01-03 19:54:14,56df8198c062921100c143dd,0.0,0.0,0.0,0.0,3.9,4.1,3.7,3.1,0.25896784069756745
2026-01-03 19:54:14,56de42f611f398ec0c481282,0.0,0.0,0.0,0.0,3.9,4.1,3.7,3.1,0.25896784069756745
2026-01-03 19:54:14,58df4c2bdc195800111e04b7,0.0,0.0,0.0,0.0,3.9,4.1,3.7,3.1,0.3
2026-01-03 19:54:14,6623ea416f998a001b25260a,0.0,0.0,0.0,0.0,3.9,4.1,3.7,3.1,0.25896784069756745
2026-01-03 19:54:14,662b872d1afb9c00172dd36a,0.0,0.0,0.0,0.0,3.9,4.1,3.7,3.1,0.25896784069756745
2026-01-03 19:54:14,6623e4b06f998a001b2522f1,0.0,0.0,0.0,0.0,3.9,4.1,3.7,3.1,0.25896784069756745
2026-01-03 19:54:14,56de42f611f398ec0c48127e,0.0,0.0,0.0,0.0,3.9,4.1,3.7,3.1,0.25896784069756745
2026-01-03 19:54:14,595dd3a63dcfc400106f28a7,0.0,0.0,0.0,0.0,3.9,4.1,3.7,3.1,0.25896784069756745
2026-01-03 19:54:14,68ede5d4230ee50017d04c24,0.0,0.0,0.0,0.0,3.9,4.1,3.7,3.1,0.25896784069756745
2026-01-03 19:54:14,5a8266105058170011f6eadf,0.0,0.0,0.0,0.0,3.9,4.1,3.7,3.1,0.25896784069756745
2026-01-03 19:54:14,662b5afe1afb9c00172d9284,0.0,0.0,0.0,0.0,3.9,4.1,3.7,3.1,0.25896784069756745
2026-01-03 19:54:14,5a82602c5058170011f6ead9,0.0,0.0,0.0,0.0,3.9,4.1,3.7,3.1,0.25896784069756745
2026-01-03 19:54:14,585b2980c3f96200127dc502,0.0,0.0,0.0,0.0,3.9,4.1,3.7,3.1,0.25896784069756745
2026-01-03 19:54:14,56de42f611f398ec0c481284,0.0,0.0,0.0,0.0,3.9,4.1,3.7,3.1,0.3
2026-01-03 19:54:14,662b56c51afb9c00172d9071,0.0,0.0,0.0,0.0,3.9,4.1,3.7,3.1,0.25896784069756745
2026-01-03 19:54:14,63ae7a08bfd3d90017e8f285,0.0,0.0,0.0,0.0,3.9,4.1,3.7,3.1,0.25896784069756745
2026-01-03 19:54:14,662a8b061afb9c00172d27d7,0.0,0.0,0.0,0.0,3.9,4.1,3.7,3.1,0.25896784069756745
2026-01-03 19:54:14,587ee7d7b807da0011e33d55,0.0,0.0,0.0,0.0,3.9,4.1,3.7,3.1,0.25896784069756745
2026-01-03 19:54:14,5deb576d1dc17d7c5515ad12,0.0,0.0,0.0,0.0,3.9,4.1,3.7,3.1,0.3
2026-01-03 19:54:14,662b51a41afb9c00172d8926,0.0,0.0,0.0,0.0,3.9,4.1,3.7,3.1,0.2657603937607214
2026-01-03 19:54:14,63ae7893bfd3d90017e8f1e1,0.0,0.0,0.0,0.0,3.9,4.1,3.7,3.1,0.25896784069756745
2026-01-03 19:54:14,662a8b9e1afb9c00172d284d,0.0,0.0,0.0,0.0,3.9,4.1,3.7,3.1,0.25896784069756745
2026-01-03 19:54:14,5a823ba75058170011f6ea9e,0.0,0.0,0.0,0.0,3.9,4.1,3.7,3.1,0.25896784069756745
2026-01-03 19:54:14,681887346dfb4b0018f8f36a,0.0,0.0,0.0,0.0,3.9,4.1,3.7,3.1,0.25896784069756745
2026-01-03 19:54:14,662b5a401afb9c00172d91fc,0.0,0.0,0.0,0.0,3.9,4.1,3.7,3.1,0.25896784069756745
2026-01-03 19:54:14,56df8544c062921100c143e6,0.0,0.0,0.0,0.0,3.9,4.1,3.7,3.1,0.25896784069756745
2026-01-03 19:54:14,595ddb493dcfc400106f28b6,0.0,0.0,0.0,0.0,3.9,4.1,3.7,3.1,0.3
2026-01-03 19:54:14,66b1c1f2779f740018673f0d,0.0,0.0,0.0,0.0,3.9,4.1,3.7,3.1,0.25896784069756745
2026-01-03 19:54:14,589b4379b3bf7600110283c9,0.0,0.0,0.0,0.0,3.9,4.1,3.7,3.1,0.25896784069756745
2026-01-03 19:54:14,5a60604f8576340017d0660b,0.0,0.0,0.0,0.0,3.9,4.1,3.7,3.1,0.25896784069756745
2026-01-03 19:54:14,5d8cd9cb766c88001718895c,0.0,0.0,0.0,0.0,3.9,4.1,3.7,3.1,0.293115
2026-01-03 19:54:14,6623e6b86f998a001b2523b8,0.0,0.0,0.0,0.0,3.9,4.1,3.7,3.1,0.25896784069756745
2026-01-03 19:54:14,5a8256315058170011f6eac9,0.0,0.0,0.0,0.0,3.9,4.1,3.7,3.1,0.25896784069756745
2026-01-03 19:54:14,5ad064b498d8fc001102e26f,0.0,0.0,0.0,0.0,3.9,4.1,3.7,3.1,0.25896784069756745
2026-01-03 19:54:14,58af8d68bd82540010390c2e,0.0,0.0,0.0,0.0,3.9,4.1,3.7,3.1,0.25896784069756745
2026-01-03 19:54:14,65e0552f6b18080018db6647,0.0,0.0,0.0,0.0,3.9,4.1,3.7,3.1,0.25896784069756745
2026-01-03 19:54:14,595da7783dcfc400106f2888,0.0,0.0,0.0,0.0,3.9,4.1,3.7,3.1,0.25896784069756745
2026-01-03 19:54:14,662a8e121afb9c00172d2a3f,0.0,0.0,0.0,0.0,3.9,4.1,3.7,3.1,0.25896784069756745
2026-01-03 19:54:14,662b5be91afb9c00172d939b,0.0,0.0,0.0,0.0,3.9,4.1,3.7,3.1,0.25896784069756745
2026-01-03 19:54:14,5b728aafca0577001163ff7e,0.0,0.0,0.0,0.0,3.9,4.1,3.7,3.1,0.3
2026-01-03 19:54:14,6818901a6dfb4b0018f9058a,0.0,0.0,0.0,0.0,3.9,4.1,3.7,3.1,0.25896784069756745
2026-01-03 19:54:14,63ae7966bfd3d90017e8f240,0.0,0.0,0.0,0.0,3.9,4.1,3.7,3.1,0.3
2026-01-03 19:54:14,5a607fa38576340017d06671,0.0,0.0,0.0,0.0,3.9,4.1,3.7,3.1,0.25896784069756745
2026-01-03 19:54:14,662b87551afb9c00172dd43a,0.0,0.0,0.0,0.0,3.9,4.1,3.7,3.1,0.25896784069756745
2026-01-03 19:54:14,5deb576d1dc17d7c5515ad21,0.0,0.0,0.0,0.0,3.9,4.1,3.7,3.1,0.25896784069756745
2026-01-03 19:54:14,68188bf46dfb4b0018f8ff12,0.0,0.0,0.0,0.0,3.9,4.1,3.7,3.1,0.25896784069756745
2026-01-03 19:54:14,68a589a54e89b100173b6267,0.0,0.0,0.0,0.0,3.9,4.1,3.7,3.1,0.25896784069756745
2026-01-03 19:54:14,56de42f611f398ec0c481289,0.0,0.0,0.0,0.0,3.9,4.1,3.7,3.1,0.25896784069756745
2026-01-03 19:54:14,58ad69c4bd82540010390be7,0.0,0.0,0.0,0.0,3.9,4.1,3.7,3.1,0.25896784069756745
2026-01-03 19:54:14,6623f5876f998a001b25291a,0.0,0.0,0.0,0.0,3.9,4.1,3.7,3.1,0.25896784069756745
2026-01-03 19:54:14,6623e2e16f998a001b252233,0.0,0.0,0.0,0.0,3.9,4.1,3.7,3.1,0.25896784069756745
2026-01-03 19:54:14,63b54898bfd3d90017ea77ae,0.0,0.0,0.0,0.0,3.9,4.1,3.7,3.1,0.25896784069756745
2026-01-03 19:54:14,63b549b8bfd3d90017ea782c,0.0,0.0,0.0,0.0,3.9,4.1,3.7,3.1,0.25896784069756745
2026-01-03 19:54:14,662b5b271afb9c00172d9296,0.0,0.0,0.0,0.0,3.9,4.1,3.7,3.1,0.25896784069756745
2026-01-03 19:54:14,662a87df1afb9c00172d2522,0.0,0.0,0.0,0.0,3.9,4.1,3.7,3.1,0.25896784069756745
2026-01-03 19:54:14,68ede60a230ee50017d04c69,0.0,0.0,0.0,0.0,3.9,4.1,3.7,3.1,0.25896784069756745
2026-01-03 19:54:14,5a823bd55058170011f6eaa0,0.0,0.0,0.0,0.0,3.9,4.1,3.7,3.1,0.25896784069756745
2026-01-03 19:54:14,5a6085688576340017d06684,0.0,0.0,0.0,0.0,3.9,4.1,3.7,3.1,0.25896784069756745
2026-01-03 19:54:14,595dd7693dcfc400106f28b0,0.0,0.0,0.0,0.0,3.9,4.1,3.7,3.1,0.25896784069756745
2026-01-03 19:54:14,6623e88c6f998a001b25248b,0.0,0.0,0.0,0.0,3.9,4.1,3.7,3.1,0.25896784069756745
2026-01-03 19:54:14,63b54996bfd3d90017ea781a,0.0,0.0,0.0,0.0,3.9,4.1,3.7,3.1,0.25896784069756745
2026-01-03 19:54:14,56de42f611f398ec0c481283,0.0,0.0,0.0,0.0,3.9,4.1,3.7,3.1,0.25896784069756745
2026-01-03 19:54:14,5d8cdcf0766c880017188972,0.0,0.0,0.0,0.0,3.9,4.1,3.7,3.1,0.25896784069756745
2026-01-03 19:54:14,67e217643215f90017863b73,0.0,0.0,0.0,0.0,3.9,4.1,3.7,3.1,0.25896784069756745
2026-01-03 19:54:14,662b57ec1afb9c00172d90e3,0.0,0.0,0.0,0.0,3.9,4.1,3.7,3.1,0.3
2026-01-03 19:54:14,662b50571afb9c00172d87df,0.0,0.0,0.0,0.0,3.9,4.1,3.7,3.1,0.25896784069756745
2026-01-03 19:54:14,56df8274c062921100c143df,0.0,0.0,0.0,0.0,3.9,4.1,3.7,3.1,0.2657603937607214
2026-01-03 19:54:14,662b52131afb9c00172d8a23,0.0,0.0,0.0,0.0,3.9,4.1,3.7,3.1,0.2657603937607214
2026-01-03 19:54:14,68188b786dfb4b0018f8face,0.0,0.0,0.0,0.0,3.9,4.1,3.7,3.1,0.25896784069756745
2026-01-03 19:54:14,5a6061fd8576340017d06613,0.0,0.0,0.0,0.0,3.9,4.1,3.7,3.1,0.25896784069756745
2026-01-03 19:54:14,6623f0246f998a001b252797,0.0,0.0,0.0,0.0,3.9,4.1,3.7,3.1,0.25896784069756745
2026-01-03 19:54:14,595da7d93dcfc400106f288a,0.0,0.0,0.0,0.0,3.9,4.1,3.7,3.1,0.25896784069756745
2026-01-03 19:54:14,66b1c311779f740018674083,0.0,0.0,0.0,0.0,3.9,4.1,3.7,3.1,0.25896784069756745
2026-01-03 19:54:14,68ae7f327d735d00173c74e4,0.0,0.0,0.0,0.0,3.9,4.1,3.7,3.1,0.25896784069756745
2026-01-03 19:54:14,59ca30fd02eb490011a0a406,0.0,0.0,0.0,0.0,3.9,4.1,3.7,3.1,0.25896784069756745
2026-01-03 19:54:14,662a8cfe1afb9c00172d296e,0.0,0.0,0.0,0.0,3.9,4.1,3.7,3.1,0.25896784069756745
2026-01-03 19:54:14,589b39d9b3bf7600110283c1,0.0,0.0,0.0,0.0,3.9,4.1,3.7,3.1,0.2657603937607214
2026-01-03 19:54:14,5d8cd326766c88001718893e,0.0,0.0,0.0,0.0,3.9,4.1,3.7,3.1,0.25896784069756745
2026-01-03 19:54:14,587461c1b807da0011e33cc8,0.0,0.0,0.0,0.0,3.9,4.1,3.7,3.1,0.25896784069756745
2026-01-03 19:54:14,63ae76afbfd3d90017e8f106,0.0,0.0,0.0,0.0,3.9,4.1,3.7,3.1,0.25896784069756745
2026-01-03 19:54:14,63b661a3bfd3d90017eaa520,0.0,0.0,0.0,0.0,3.9,4.1,3.7,3.1,0.25896784069756745
2026-01-03 19:54:14,583f926761cfea0012cf68f1,0.0,0.0,0.0,0.0,3.9,4.1,3.7,3.1,0.25896784069756745
2026-01-03 19:54:14,6878bab06145d3001ba517f7,0.0,0.0,0.0,0.0,3.9,4.1,3.7,3.1,0.25896784069756745
2026-01-03 19:54:14,56df81d8c062921100c143de,0.0,0.0,0.0,0.0,3.9,4.1,3.7,3.1,0.25896784069756745
2026-01-03 19:54:14,63ae73cebfd3d90017e8f00d,0.0,0.0,0.0,0.0,3.9,4.1,3.7,3.1,0.25896784069756745
2026-01-03 19:54:14,662a8a661afb9c00172d2762,0.0,0.0,0.0,0.0,3.9,4.1,3.7,3.1,0.25896784069756745
2026-01-03 19:54:14,6623e7526f998a001b252407,0.0,0.0,0.0,0.0,3.9,4.1,3.7,3.1,0.25896784069756745
2026-01-03 19:54:14,5a6084898576340017d06680,0.0,0.0,0.0,0.0,3.9,4.1,3.7,3.1,0.25896784069756745
2026-01-03 19:54:14,56de42f611f398ec0c48129b,0.0,0.0,0.0,0.0,3.9,4.1,3.7,3.1,0.25896784069756745
2026-01-03 19:54:14,586e2492f9fab7001111b0ab,0.0,0.0,0.0,0.0,3.9,4.1,3.7,3.1,0.25896784069756745
2026-01-03 19:54:14,68edd621230ee50017d031c5,0.0,0.0,0.0,0.0,3.9,4.1,3.7,3.1,0.25896784069756745
2026-01-03 19:54:14,68ede0cf230ee50017d04657,0.0,0.0,0.0,0.0,3.9,4.1,3.7,3.1,0.25896784069756745
2026-01-03 19:54:14,662b571d1afb9c00172d9083,0.0,0.0,0.0,0.0,3.9,4.1,3.7,3.1,0.3
2026-01-03 19:54:14,587479b1b807da0011e33cf9,0.0,0.0,0.0,0.0,3.9,4.1,3.7,3.1,0.25896784069756745
2026-01-03 19:54:14,62da3e620637a10017d70720,0.0,0.0,0.0,0.0,3.9,4.1,3.7,3.1,0.3
2026-01-03 19:54:14,63b54909bfd3d90017ea77e4,0.0,0.0,0.0,0.0,3.9,4.1,3.7,3.1,0.25896784069756745
2026-01-03 19:54:14,595ddbbf3dcfc400106f28b8,0.0,0.0,0.0,0.0,3.9,4.1,3.7,3.1,0.25896784069756745
2026-01-03 19:54:14,5d9de43b766c880017188cb6,0.0,0.0,0.0,0.0,3.9,4.1,3.7,3.1,0.25896784069756745
2026-01-03 19:54:14,5a8250cc5058170011f6eaba,0.0,0.0,0.0,0.0,3.9,4.1,3.7,3.1,0.3
2026-01-03 19:54:14,6818868b6dfb4b0018f8f298,0.0,0.0,0.0,0.0,3.9,4.1,3.7,3.1,0.25896784069756745
2026-01-03 19:54:14,5b0b7e1c0e517b00119fd80b,0.0,0.0,0.0,0.0,3.9,4.1,3.7,3.1,0.3
2026-01-03 19:54:14,56de42f611f398ec0c48129a,0.0,0.0,0.0,0.0,3.9,4.1,3.7,3.1,0.25896784069756745
2026-01-03 19:54:14,662b57711afb9c00172d90a7,0.0,0.0,0.0,0.0,3.9,4.1,3.7,3.1,0.25896784069756745
2026-01-03 19:54:14,63b54968bfd3d90017ea7808,0.0,0.0,0.0,0.0,3.9,4.1,3.7,3.1,0.25896784069756745
2026-01-03 19:54:14,56de42f611f398ec0c48127f,0.0,0.0,0.0,0.0,3.9,4.1,3.7,3.1,0.25896784069756745
2026-01-03 19:54:14,58df5016dc195800111e04bd,0.0,0.0,0.0,0.0,3.9,4.1,3.7,3.1,0.25896784069756745
2026-01-03 19:54:14,681887836dfb4b0018f8f3d1,0.0,0.0,0.0,0.0,3.9,4.1,3.7,3.1,0.25896784069756745
2026-01-03 19:54:14,681884726dfb4b0018f8f035,0.0,0.0,0.0,0.0,3.9,4.1,3.7,3.1,0.25896784069756745
2026-01-03 19:54:14,5d8cdac3766c880017188962,0.0,0.0,0.0,0.0,3.9,4.1,3.7,3.1,0.25896784069756745
2026-01-03 19:54:14,587ef5dfb807da0011e33d59,0.0,0.0,0.0,0.0,3.9,4.1,3.7,3.1,0.25896784069756745
2026-01-03 19:54:14,68fae32b6b936b001721878b,0.0,0.0,0.0,0.0,3.9,4.1,3.7,3.1,0.25896784069756745
2026-01-03 19:54:14,595dc2f03dcfc400106f2896,0.0,0.0,0.0,0.0,3.9,4.1,3.7,3.1,0.25896784069756745
2026-01-03 19:54:14,662b85f51afb9c00172dd1c2,0.0,0.0,0.0,0.0,3.9,4.1,3.7,3.1,0.25896784069756745
2026-01-03 19:54:14,692293f044912200174bc856,0.0,0.0,0.0,0.0,3.9,4.1,3.7,3.1,0.25896784069756745
2026-01-03 19:54:14,68a588c04e89b100173b616b,0.0,0.0,0.0,0.0,3.9,4.1,3.7,3.1,0.25896784069756745
2026-01-03 19:54:14,5d8cdbdc766c88001718896a,0.0,0.0,0.0,0.0,3.9,4.1,3.7,3.1,0.25896784069756745
2026-01-03 19:54:14,63b54d5abfd3d90017ea7afe,0.0,0.0,0.0,0.0,3.9,4.1,3.7,3.1,0.25896784069756745
2026-01-03 19:54:14,5deb576d1dc17d7c5515ad13,0.0,0.0,0.0,0.0,3.9,4.1,3.7,3.1,0.25896784069756745
2026-01-03 19:54:14,662b862a1afb9c00172dd1ff,0.0,0.0,0.0,0.0,3.9,4.1,3.7,3.1,0.25896784069756745
2026-01-03 19:54:14,5deb576d1dc17d7c5515acf2,0.0,0.0,0.0,0.0,3.9,4.1,3.7,3.1,0.25896784069756745
2026-01-03 19:54:14,5a824e465058170011f6eab4,0.0,0.0,0.0,0.0,3.9,4.1,3.7,3.1,0.25896784069756745
2026-01-03 19:54:14,662b57471afb9c00172d9095,0.0,0.0,0.0,0.0,3.9,4.1,3.7,3.1,0.25896784069756745
2026-01-03 19:54:14,56de42f611f398ec0c481291,0.0,0.0,0.0,0.0,3.9,4.1,3.7,3.1,0.25896784069756745
2026-01-03 19:54:14,584e71cb61cfea0012cf694b,0.0,0.0,0.0,0.0,3.9,4.1,3.7,3.1,0.3
2026-01-03 19:54:14,595f874d3dcfc400106f28ec,0.0,0.0,0.0,0.0,3.9,4.1,3.7,3.1,0.25896784069756745
2026-01-03 19:54:14,5b19d34faf4ff60011d6ea52,0.0,0.0,0.0,0.0,3.9,4.1,3.7,3.1,0.25896784069756745
2026-01-03 19:54:14,63b3c9bfbfd3d90017e9b039,0.0,0.0,0.0,0.0,3.9,4.1,3.7,3.1,0.25896784069756745
2026-01-03 19:54:14,5deb576d1dc17d7c5515acf4,0.0,0.0,0.0,0.0,3.9,4.1,3.7,3.1,0.3
2026-01-03 19:54:14,6922944044912200174bc883,0.0,0.0,0.0,0.0,3.9,4.1,3.7,3.1,0.25896784069756745
2026-01-03 19:54:14,58af99abbd82540010390c39,0.0,0.0,0.0,0.0,3.9,4.1,3.7,3.1,0.25896784069756745
2026-01-03 19:54:14,68a5894a4e89b100173b6202,0.0,0.0,0.0,0.0,3.9,4.1,3.7,3.1,0.25896784069756745
2026-01-03 19:54:14,6623ecc16f998a001b25269e,0.0,0.0,0.0,0.0,3.9,4.1,3.7,3.1,0.25896784069756745
2026-01-03 19:54:14,6623e3ea6f998a001b2522ae,0.0,0.0,0.0,0.0,3.9,4.1,3.7,3.1,0.25896784069756745
2026-01-03 19:54:14,662b7d0c1afb9c00172dc6a6,0.0,0.0,0.0,0.0,3.9,4.1,3.7,3.1,0.25896784069756745
2026-01-03 19:54:14,662b54bb1afb9c00172d8dbb,0.0,0.0,0.0,0.0,3.9,4.1,3.7,3.1,0.25896784069756745
2026-01-03 19:54:14,662b58bd1afb9c00172d9119,0.0,0.0,0.0,0.0,3.9,4.1,3.7,3.1,0.25896784069756745
2026-01-03 19:54:14,595f86c43dcfc400106f28ea,0.0,0.0,0.0,0.0,3.9,4.1,3.7,3.1,0.25896784069756745
2026-01-03 19:54:14,59ca321b02eb490011a0a40d,0.0,0.0,0.0,0.0,3.9,4.1,3.7,3.1,0.25896784069756745
2026-01-03 19:54:14,5a82439f5058170011f6eaa9,0.0,0.0,0.0,0.0,3.9,4.1,3.7,3.1,0.25896784069756745
2026-01-03 19:54:14,6623e5d66f998a001b25235a,0.0,0.0,0.0,0.0,3.9,4.1,3.7,3.1,0.25896784069756745
2026-01-03 19:54:14,58d7c20ac1e33c00112b321c,0.0,0.0,0.0,0.0,3.9,4.1,3.7,3.1,0.25896784069756745
2026-01-03 19:54:14,589d0b74b3bf7600110283d4,0.0,0.0,0.0,0.0,3.9,4.1,3.7,3.1,0.25896784069756745
2026-01-03 19:54:14,56df807bc062921100c143da,0.0,0.0,0.0,0.0,3.9,4.1,3.7,3.1,0.25896784069756745
2026-01-03 19:54:14,662b82a61afb9c00172dcdfd,0.0,0.0,0.0,0.0,3.9,4.1,3.7,3.1,0.25896784069756745
2026-01-03 19:54:14,586e266ef9fab7001111b0b0,0.0,0.0,0.0,0.0,3.9,4.1,3.7,3.1,0.25896784069756745
2026-01-03 19:54:14,63ae7a74bfd3d90017e8f2c7,0.0,0.0,0.0,0.0,3.9,4.1,3.7,3.1,0.25896784069756745
2026-01-03 19:54:14,59d3414302eb490011a0a610,0.0,0.0,0.0,0.0,3.9,4.1,3.7,3.1,0.25896784069756745
2026-01-03 19:54:14,6623e9e96f998a001b2525ce,0.0,0.0,0.0,0.0,3.9,4.1,3.7,3.1,0.25896784069756745
2026-01-03 19:54:14,63ae7a9cbfd3d90017e8f303,0.0,0.0,0.0,0.0,3.9,4.1,3.7,3.1,0.25896784069756745
2026-01-03 19:54:14,5a6085188576340017d06682,0.0,0.0,0.0,0.0,3.9,4.1,3.7,3.1,0.3
2026-01-03 19:54:14,56de42f611f398ec0c481286,0.0,0.0,0.0,0.0,3.9,4.1,3.7,3.1,0.25896784069756745
2026-01-03 19:54:14,6623f14b6f998a001b2527f0,0.0,0.0,0.0,0.0,3.9,4.1,3.7,3.1,0.25896784069756745
2026-01-03 19:54:14,662b4f411afb9c00172d86fc,0.0,0.0,0.0,0.0,3.9,4.1,3.7,3.1,0.25896784069756745
2026-01-03 19:54:14,6792f9c88c5ed4001b27fb3d,0.0,0.0,0.0,0.0,3.9,4.1,3.7,3.1,0.25896784069756745
2026-01-03 19:54:14,662b843d1afb9c00172dd02d,0.0,0.0,0.0,0.0,3.9,4.1,3.7,3.1,0.25896784069756745
2026-01-03 19:54:14,595d9b3b3dcfc400106f287e,0.0,0.0,0.0,0.0,3.9,4.1,3.7,3.1,0.25896784069756745
2026-01-03 19:54:14,5deb576d1dc17d7c5515ad0b,0.0,0.0,0.0,0.0,3.9,4.1,3.7,3.1,0.25896784069756745
2026-01-03 19:54:14,5a6087858576340017d0668e,0.0,0.0,0.0,0.0,3.9,4.1,3.7,3.1,0.25896784069756745
2026-01-03 19:54:14,662b4e581afb9c00172d862f,0.0,0.0,0.0,0.0,3.9,4.1,3.7,3.1,0.25896784069756745
2026-01-03 19:54:14,587464e2b807da0011e33cd9,0.0,0.0,0.0,0.0,3.9,4.1,3.7,3.1,0.25896784069756745
2026-01-03 19:54:14,58afdbaebd82540010390c48,0.0,0.0,0.0,0.0,3.9,4.1,3.7,3.1,0.25896784069756745
2026-01-03 19:54:14,63b54c51bfd3d90017ea7aa0,0.0,0.0,0.0,0.0,3.9,4.1,3.7,3.1,0.25896784069756745
2026-01-03 19:54:14,58ad6214bd82540010390be2,0.0,0.0,0.0,0.0,3.9,4.1,3.7,3.1,0.25896784069756745
2026-01-03 19:54:14,5deb576d1dc17d7c5515ad09,0.0,0.0,0.0,0.0,3.9,4.1,3.7,3.1,0.25896784069756745
2026-01-03 19:54:14,58af8a0bbd82540010390c25,0.0,0.0,0.0,0.0,3.9,4.1,3.7,3.1,0.25896784069756745
2026-01-03 19:54:14,5b0b74280e517b00119fd7f9,0.0,0.0,0.0,0.0,3.9,4.1,3.7,3.1,0.3
2026-01-03 19:54:14,587ef859b807da0011e33d5b,0.0,0.0,0.0,0.0,3.9,4.1,3.7,3.1,0.25896784069756745
2026-01-03 19:54:14,58744e97b807da0011e33cb9,0.0,0.0,0.0,0.0,3.9,4.1,3.7,3.1,0.25896784069756745
2026-01-03 19:54:14,692293c644912200174bc83b,0.0,0.0,0.0,0.0,3.9,4.1,3.7,3.1,0.25896784069756745
2026-01-03 19:54:14,63b54a48bfd3d90017ea7850,0.0,0.0,0.0,0.0,3.9,4.1,3.7,3.1,0.25896784069756745
2026-01-03 19:54:14,58c2717ed56e930010a39ac0,0.0,0.0,0.0,0.0,3.9,4.1,3.7,3.1,0.25896784069756745
2026-01-03 19:54:14,58afcd9bbd82540010390c41,0.0,0.0,0.0,0.0,3.9,4.1,3.7,3.1,0.25896784069756745
2026-01-03 19:54:14,63b54a9ebfd3d90017ea7911,0.0,0.0,0.0,0.0,3.9,4.1,3.7,3.1,0.25896784069756745
2026-01-03 19:54:14,5bbc7163ca0577001164127f,0.0,0.0,0.0,0.0,3.9,4.1,3.7,3.1,0.25896784069756745
2026-01-03 19:54:14,6623f3d66f998a001b252890,0.0,0.0,0.0,0.0,3.9,4.1,3.7,3.1,0.25896784069756745
2026-01-03 19:54:14,5b6005b6fd4edb0019c7db25,0.0,0.0,0.0,0.0,3.9,4.1,3.7,3.1,0.25896784069756745
2026-01-03 19:54:14,662a902a1afb9c00172d2bed,0.0,0.0,0.0,0.0,3.9,4.1,3.7,3.1,0.25896784069756745
2026-01-03 19:54:14,662b85481afb9c00172dd0f1,0.0,0.0,0.0,0.0,3.9,4.1,3.7,3.1,0.25896784069756745
2026-01-03 19:54:14,6623ef2b6f998a001b252753,0.0,0.0,0.0,0.0,3.9,4.1,3.7,3.1,0.25896784069756745
2026-01-03 19:54:14,66b1c4e7779f7400186741e4,0.0,0.0,0.0,0.0,3.9,4.1,3.7,3.1,0.25896784069756745
2026-01-03 19:54:14,56de42f611f398ec0c48129c,0.0,0.0,0.0,0.0,3.9,4.1,3.7,3.1,0.25896784069756745
2026-01-03 19:54:14,587c8661b807da0011e33d43,0.0,0.0,0.0,0.0,3.9,4.1,3.7,3.1,0.2657603937607214
2026-01-03 19:54:14,5b632a79fd4edb0019c7dc0f,0.0,0.0,0.0,0.0,3.9,4.1,3.7,3.1,0.3
2026-01-03 19:54:14,662a87a41afb9c00172d24e9,0.0,0.0,0.0,0.0,3.9,4.1,3.7,3.1,0.25896784069756745
2026-01-03 19:54:14,595dd4133dcfc400106f28a9,0.0,0.0,0.0,0.0,3.9,4.1,3.7,3.1,0.25896784069756745
2026-01-03 19:54:14,662b5b8c1afb9c00172d92ca,0.0,0.0,0.0,0.0,3.9,4.1,3.7,3.1,0.25896784069756745
2026-01-03 19:54:14,5d8cd7bb766c880017188952,0.0,0.0,0.0,0.0,3.9,4.1,3.7,3.1,0.3
2026-01-03 19:54:14,56df857fc062921100c143e7,0.0,0.0,0.0,0.0,3.9,4.1,3.7,3.1,0.3
2026-01-03 19:54:14,63ae75debfd3d90017e8f082,0.0,0.0,0.0,0.0,3.9,4.1,3.7,3.1,0.25896784069756745
2026-01-03 19:54:14,6623eb466f998a001b252632,0.0,0.0,0.0,0.0,3.9,4.1,3.7,3.1,0.25896784069756745
2026-01-03 19:54:14,5a824dc05058170011f6eab2,0.0,0.0,0.0,0.0,3.9,4.1,3.7,3.1,0.25896784069756745
2026-01-03 19:54:14,5d8cd49f766c880017188944,0.0,0.0,0.0,0.0,3.9,4.1,3.7,3.1,0.3
2026-01-03 19:54:14,5a606c078576340017d06624,0.0,0.0,0.0,0.0,3.9,4.1,3.7,3.1,0.25896784069756745
2026-01-03 19:54:14,5deb576d1dc17d7c5515acf3,0.0,0.0,0.0,0.0,3.9,4.1,3.7,3.1,0.25896784069756745
2026-01-03 19:54:14,5a8254b05058170011f6eac3,0.0,0.0,0.0,0.0,3.9,4.1,3.7,3.1,0.25896784069756745
2026-01-03 19:54:14,662b50c11afb9c00172d8843,0.0,0.0,0.0,0.0,3.9,4.1,3.7,3.1,0.25896784069756745
2026-01-03 19:54:14,6623f51a6f998a001b252900,0.0,0.0,0.0,0.0,3.9,4.1,3.7,3.1,0.25896784069756745
2026-01-03 19:54:14,5deb576d1dc17d7c5515ad1b,0.0,0.0,0.0,0.0,3.9,4.1,3.7,3.1,0.3
2026-01-03 19:54:14,58744e3eb807da0011e33cb7,0.0,0.0,0.0,0.0,3.9,4.1,3.7,3.1,0.25896784069756745
2026-01-03 19:54:14,58744dd9b807da0011e33cb5,0.0,0.0,0.0,0.0,3.9,4.1,3.7,3.1,0.25896784069756745
2026-01-03 19:54:14,56df8416c062921100c143e4,0.0,0.0,0.0,0.0,3.9,4.1,3.7,3.1,0.3
2026-01-03 19:54:14,681883b46dfb4b0018f8ef39,0.0,0.0,0.0,0.0,3.9,4.1,3.7,3.1,0.25896784069756745
2026-01-03 19:54:14,58af8b69bd82540010390c28,0.0,0.0,0.0,0.0,3.9,4.1,3.7,3.1,0.25896784069756745
2026-01-03 19:54:14,6623e3a26f998a001b252291,0.0,0.0,0.0,0.0,3.9,4.1,3.7,3.1,0.25896784069756745
2026-01-03 19:54:14,589b3ceeb3bf7600110283c3,0.0,0.0,0.0,0.0,3.9,4.1,3.7,3.1,0.25896784069756745
2026-01-03 19:54:14,595dcab53dcfc400106f289d,0.0,0.0,0.0,0.0,3.9,4.1,3.7,3.1,0.25896784069756745
2026-01-03 19:54:14,662a89211afb9c00172d2636,0.0,0.0,0.0,0.0,3.9,4.1,3.7,3.1,0.25896784069756745
2026-01-03 19:54:14,5deb576d1dc17d7c5515ad05,0.0,0.0,0.0,0.0,3.9,4.1,3.7,3.1,0.25896784069756745
2026-01-03 19:54:14,595dd4f43dcfc400106f28ab,0.0,0.0,0.0,0.0,3.9,4.1,3.7,3.1,0.25896784069756745
2026-01-03 19:54:14,6792ef4f8c5ed4001b27f2c0,0.0,0.0,0.0,0.0,3.9,4.1,3.7,3.1,0.25896784069756745
2026-01-03 19:54:14,662b84771afb9c00172dd076,0.0,0.0,0.0,0.0,3.9,4.1,3.7,3.1,0.2657603937607214
2026-01-03 19:54:14,6623f0b46f998a001b2527c3,0.0,0.0,0.0,0.0,3.9,4.1,3.7,3.1,0.25896784069756745
2026-01-03 19:54:14,6922928544912200174bc755,0.0,0.0,0.0,0.0,3.9,4.1,3.7,3.1,0.25896784069756745
2026-01-03 19:54:14,665861d864f11e00173c73a9,0.0,0.0,0.0,0.0,3.9,4.1,3.7,3.1,0.25896784069756745
2026-01-03 19:54:14,5a607f078576340017d0666f,0.0,0.0,0.0,0.0,3.9,4.1,3.7,3.1,0.25896784069756745
2026-01-03 19:54:14,68ede112230ee50017d046a6,0.0,0.0,0.0,0.0,3.9,4.1,3.7,3.1,0.25896784069756745
2026-01-03 19:54:14,5a824ee15058170011f6eab6,0.0,0.0,0.0,0.0,3.9,4.1,3.7,3.1,0.25896784069756745
2026-01-03 19:54:14,6623ed396f998a001b2526b8,0.0,0.0,0.0,0.0,3.9,4.1,3.7,3.1,0.25896784069756745
2026-01-03 19:54:14,5b632b60fd4edb0019c7dc12,0.0,0.0,0.0,0.0,3.9,4.1,3.7,3.1,0.3
2026-01-03 19:54:14,587c8d97b807da0011e33d49,0.0,0.0,0.0,0.0,3.9,4.1,3.7,3.1,0.25896784069756745
2026-01-03 19:54:14,59414c883dcfc400106f260b,0.0,0.0,0.0,0.0,3.9,4.1,3.7,3.1,0.25896784069756745
2026-01-03 19:54:14,56df82d4c062921100c143e0,0.0,0.0,0.0,0.0,3.9,4.1,3.7,3.1,0.25896784069756745
2026-01-03 19:54:14,6792f1008c5ed4001b27f41f,0.0,0.0,0.0,0.0,3.9,4.1,3.7,3.1,0.25896784069756745
2026-01-03 19:54:14,58affc6017139d0010f35cc8,0.0,0.0,0.0,0.0,3.9,4.1,3.7,3.1,0.25896784069756745
2026-01-03 19:54:14,587463bab807da0011e33cd3,0.0,0.0,0.0,0.0,3.9,4.1,3.7,3.1,0.25896784069756745
2026-01-03 19:54:14,5deb576d1dc17d7c5515ad1c,0.0,0.0,0.0,0.0,3.9,4.1,3.7,3.1,0.25896784069756745
2026-01-03 19:54:14,56de42f611f398ec0c481287,0.0,0.0,0.0,0.0,3.9,4.1,3.7,3.1,0.25896784069756745
2026-01-03 19:54:14,662b5c981afb9c00172d94c0,0.0,0.0,0.0,0.0,3.9,4.1,3.7,3.1,0.25896784069756745
2026-01-03 19:54:14,662a861e1afb9c00172d23ad,0.0,0.0,0.0,0.0,3.9,4.1,3.7,3.1,0.25896784069756745
2026-01-03 19:54:14,662b5a9c1afb9c00172d9240,0.0,0.0,0.0,0.0,3.9,4.1,3.7,3.1,0.25896784069756745
2026-01-03 19:54:14,662a88a01afb9c00172d25d1,0.0,0.0,0.0,0.0,3.9,4.1,3.7,3.1,0.25896784069756745
2026-01-03 19:54:14,68a587fc4e89b100173b6054,0.0,0.0,0.0,0.0,3.9,4.1,3.7,3.1,0.25896784069756745
2026-01-03 19:54:14,662b4e201afb9c00172d85f9,0.0,0.0,0.0,0.0,3.9,4.1,3.7,3.1,0.25896784069756745
2026-01-03 19:54:14,5d8cdb4b766c880017188966,0.0,0.0,0.0,0.0,3.9,4.1,3.7,3.1,0.25896784069756745
2026-01-03 19:54:14,58b57a6c17139d0010f35d65,0.0,0.0,0.0,0.0,3.9,4.1,3.7,3.1,0.3
2026-01-03 19:54:14,62da3e390637a10017d706ff,0.0,0.0,0.0,0.0,3.9,4.1,3.7,3.1,0.25896784069756745
2026-01-03 19:54:14,5deb576d1dc17d7c5515ad10,0.0,0.0,0.0,0.0,3.9,4.1,3.7,3.1,0.25896784069756745
2026-01-03 19:54:14,66b1c4a2779f74001867418c,0.0,0.0,0.0,0.0,3.9,4.1,3.7,3.1,0.25896784069756745
2026-01-03 19:54:14,631813ebc9eae60017a196b0,0.0,0.0,0.0,0.0,3.9,4.1,3.7,3.1,0.25896784069756745
2026-01-03 19:54:14,68188cfa6dfb4b0018f9013c,0.0,0.0,0.0,0.0,3.9,4.1,3.7,3.1,0.25896784069756745
2026-01-03 19:54:14,587475abb807da0011e33cea,0.0,0.0,0.0,0.0,3.9,4.1,3.7,3.1,0.25896784069756745
2026-01-03 19:54:14,5deb576d1dc17d7c5515ad0e,0.0,0.0,0.0,0.0,3.9,4.1,3.7,3.1,0.25896784069756745
2026-01-03 19:54:14,68ede227230ee50017d0480b,0.0,0.0,0.0,0.0,3.9,4.1,3.7,3.1,0.25896784069756745
2026-01-03 19:54:14,5deb576d1dc17d7c5515ad11,0.0,0.0,0.0,0.0,3.9,4.1,3.7,3.1,0.25896784069756745
2026-01-03 19:54:14,68ede25b230ee50017d0484d,0.0,0.0,0.0,0.0,3.9,4.1,3.7,3.1,0.25896784069756745
2026-01-03 19:54:14,587478d8b807da0011e33cf3,0.0,0.0,0.0,0.0,3.9,4.1,3.7,3.1,0.25896784069756745
2026-01-03 19:54:14,5deb576d1dc17d7c5515acf8,0.0,0.0,0.0,0.0,3.9,4.1,3.7,3.1,0.25896784069756745
2026-01-03 19:54:14,591c6833a6bfb500119400a3,0.0,0.0,0.0,0.0,3.9,4.1,3.7,3.1,0.25896784069756745
2026-01-03 19:54:14,63ae7938bfd3d90017e8f226,0.0,0.0,0.0,0.0,3.9,4.1,3.7,3.1,0.25896784069756745
2026-01-03 19:54:14,63b664edbfd3d90017eaaa24,0.0,0.0,0.0,0.0,3.9,4.1,3.7,3.1,0.25896784069756745
2026-01-03 19:54:14,56df83d8c062921100c143e3,0.0,0.0,0.0,0.0,3.9,4.1,3.7,3.1,0.25896784069756745
2026-01-03 19:54:14,6623e5776f998a001b252337,0.0,0.0,0.0,0.0,3.9,4.1,3.7,3.1,0.25896784069756745
2026-01-03 19:54:14,59ca308302eb490011a0a403,0.0,0.0,0.0,0.0,3.9,4.1,3.7,3.1,0.25896784069756745
2026-01-03 19:54:14,5deb576d1dc17d7c5515acfd,0.0,0.0,0.0,0.0,3.9,4.1,3.7,3.1,0.25896784069756745
2026-01-03 19:54:14,56df8159c062921100c143dc,0.0,0.0,0.0,0.0,3.9,4.1,3.7,3.1,0.25896784069756745
2026-01-03 19:54:14,587ef2e4b807da0011e33d57,0.0,0.0,0.0,0.0,3.9,4.1,3.7,3.1,0.25896784069756745
2026-01-03 19:54:14,589b3f7db3bf7600110283c6,0.0,0.0,0.0,0.0,3.9,4.1,3.7,3.1,0.25896784069756745
2026-01-03 19:54:14,68188c876dfb4b0018f9007b,0.0,0.0,0.0,0.0,3.9,4.1,3.7,3.1,0.25896784069756745
2026-01-03 19:54:14,6623e6706f998a001b25239b,0.0,0.0,0.0,0.0,3.9,4.1,3.7,3.1,0.25896784069756745
2026-01-03 19:54:14,662b86551afb9c00172dd227,0.0,0.0,0.0,0.0,3.9,4.1,3.7,3.1,0.25896784069756745
2026-01-03 19:54:14,662a88521afb9c00172d2592,0.0,0.0,0.0,0.0,3.9,4.1,3.7,3.1,0.25896784069756745
2026-01-03 19:54:14,649da77ea6068200171a6dd4,0.0,0.0,0.0,0.0,3.9,4.1,3.7,3.1,0.25896784069756745
2026-01-03 19:54:14,63b3c59fbfd3d90017e9ace8,0.0,0.0,0.0,0.0,3.9,4.1,3.7,3.1,0.25896784069756745
2026-01-03 19:54:14,58b5510817139d0010f35d4e,0.0,0.0,0.0,0.0,3.9,4.1,3.7,3.1,0.25896784069756745
2026-01-03 19:54:14,5a824c905058170011f6eab0,0.0,0.0,0.0,0.0,3.9,4.1,3.7,3.1,0.25896784069756745
2026-01-03 19:54:14,5deb576d1dc17d7c5515ad16,0.0,0.0,0.0,0.0,3.9,4.1,3.7,3.1,0.25896784069756745
2026-01-03 19:54:14,63ae7c73bfd3d90017e8f3ed,0.0,0.0,0.0,0.0,3.9,4.1,3.7,3.1,0.25896784069756745
2026-01-03 19:54:14,586e1d4ef9fab7001111b0a2,0.0,0.0,0.0,0.0,3.9,4.1,3.7,3.1,0.25896784069756745
2026-01-03 19:54:14,63195512c9eae60017a1c279,0.0,0.0,0.0,0.0,3.9,4.1,3.7,3.1,0.25896784069756745
2026-01-03 19:54:14,59ca2ecb02eb490011a0a3f6,0.0,0.0,0.0,0.0,3.9,4.1,3.7,3.1,0.3
2026-01-03 19:54:14,5d8cdc9d766c880017188970,0.0,0.0,0.0,0.0,3.9,4.1,3.7,3.1,0.25896784069756745
2026-01-03 19:54:14,6792f1b78c5ed4001b27f4a9,0.0,0.0,0.0,0.0,3.9,4.1,3.7,3.1,0.25896784069756745
2026-01-03 19:54:14,58d8ec0adc195800111e042b,0.0,0.0,0.0,0.0,3.9,4.1,3.7,3.1,0.25896784069756745
2026-01-03 19:54:14,5a8254f25058170011f6eac5,0.0,0.0,0.0,0.0,3.9,4.1,3.7,3.1,0.25896784069756745
2026-01-03 19:54:14,63ae7c53bfd3d90017e8f3d8,0.0,0.0,0.0,0.0,3.9,4.1,3.7,3.1,0.25896784069756745
2026-01-03 19:54:14,5deb576d1dc17d7c5515ad20,0.0,0.0,0.0,0.0,3.9,4.1,3.7,3.1,0.25896784069756745
2026-01-03 19:54:14,5874796db807da0011e33cf7,0.0,0.0,0.0,0.0,3.9,4.1,3.7,3.1,0.25896784069756745
2026-01-03 19:54:14,5deb576d1dc17d7c5515acfa,0.0,0.0,0.0,0.0,3.9,4.1,3.7,3.1,0.25896784069756745
2026-01-03 19:54:14,58746536b807da0011e33cdc,0.0,0.0,0.0,0.0,3.9,4.1,3.7,3.1,0.25896784069756745
2026-01-03 19:54:14,5a8251575058170011f6eabc,0.0,0.0,0.0,0.0,3.9,4.1,3.7,3.1,0.3
2026-01-03 19:54:14,662b59291afb9c00172d912b,0.0,0.0,0.0,0.0,3.9,4.1,3.7,3.1,0.25896784069756745
2026-01-03 19:54:14,5a6060a88576340017d0660d,0.0,0.0,0.0,0.0,3.9,4.1,3.7,3.1,0.25896784069756745
2026-01-03 19:54:14,63b65f33bfd3d90017eaa405,0.0,0.0,0.0,0.0,3.9,4.1,3.7,3.1,0.25896784069756745
2026-01-03 19:54:14,5deb576d1dc17d7c5515ad1e,0.0,0.0,0.0,0.0,3.9,4.1,3.7,3.1,0.25896784069756745
2026-01-03 19:54:14,5a6061868576340017d06611,0.0,0.0,0.0,0.0,3.9,4.1,3.7,3.1,0.25896784069756745
2026-01-03 19:54:14,589b3705b3bf7600110283bd,0.0,0.0,0.0,0.0,3.9,4.1,3.7,3.1,0.25896784069756745
2026-01-03 19:54:14,63ae7759bfd3d90017e8f162,0.0,0.0,0.0,0.0,3.9,4.1,3.7,3.1,0.25896784069756745
2026-01-03 19:54:14,63ae7709bfd3d90017e8f135,0.0,0.0,0.0,0.0,3.9,4.1,3.7,3.1,0.25896784069756745
2026-01-03 19:54:14,662b55111afb9c00172d8e2e,0.0,0.0,0.0,0.0,3.9,4.1,3.7,3.1,0.25896784069756745
2026-01-03 19:54:14,649da419a6068200171a6c90,0.0,0.0,0.0,0.0,3.9,4.1,3.7,3.1,0.25896784069756745
2026-01-03 19:54:14,58afccadbd82540010390c3f,0.0,0.0,0.0,0.0,3.9,4.1,3.7,3.1,0.25896784069756745
2026-01-03 19:54:14,662b82761afb9c00172dcda3,0.0,0.0,0.0,0.0,3.9,4.1,3.7,3.1,0.25896784069756745
2026-01-03 19:54:14,5deb576d1dc17d7c5515acf7,0.0,0.0,0.0,0.0,3.9,4.1,3.7,3.1,0.25896784069756745
2026-01-03 19:54:14,5d9ddd49766c880017188c94,0.0,0.0,0.0,0.0,3.9,4.1,3.7,3.1,0.25896784069756745
2026-01-03 19:54:14,5d8cd767766c880017188950,0.0,0.0,0.0,0.0,3.9,4.1,3.7,3.1,0.25896784069756745
2026-01-03 19:54:14,6922931044912200174bc7cf,0.0,0.0,0.0,0.0,3.9,4.1,3.7,3.1,0.25896784069756745
2026-01-03 19:54:14,6792f16e8c5ed4001b27f482,0.0,0.0,0.0,0.0,3.9,4.1,3.7,3.1,0.25896784069756745
2026-01-03 19:54:14,595f8d813dcfc400106f28f2,0.0,0.0,0.0,0.0,3.9,4.1,3.7,3.1,0.25896784069756745
2026-01-03 19:54:14,5874656eb807da0011e33cde,0.0,0.0,0.0,0.0,3.9,4.1,3.7,3.1,0.25896784069756745
2026-01-03 19:54:14,6623e3566f998a001b25226d,0.0,0.0,0.0,0.0,3.9,4.1,3.7,3.1,0.25896784069756745
2026-01-03 19:54:14,5abbb6d698d8fc001102dfc8,0.0,0.0,0.0,0.0,3.9,4.1,3.7,3.1,0.2657603937607214
2026-01-03 19:54:14,5d8cdd26766c880017188974,0.0,0.0,0.0,0.0,3.9,4.1,3.7,3.1,0.3
2026-01-03 19:54:14,5deb576d1dc17d7c5515ad03,0.0,0.0,0.0,0.0,3.9,4.1,3.7,3.1,0.25896784069756745
2026-01-03 19:54:14,63ae777cbfd3d90017e8f177,0.0,0.0,0.0,0.0,3.9,4.1,3.7,3.1,0.25896784069756745
2026-01-03 19:54:14,631828cac9eae60017a19f50,0.0,0.0,0.0,0.0,3.9,4.1,3.7,3.1,0.25896784069756745
2026-01-03 19:54:14,63b3c2fbbfd3d90017e9abbf,0.0,0.0,0.0,0.0,3.9,4.1,3.7,3.1,0.25896784069756745
2026-01-03 19:54:14,58d7c2e6c1e33c00112b321e,0.0,0.0,0.0,0.0,3.9,4.1,3.7,3.1,0.25896784069756745
2026-01-03 19:54:14,63b54ad1bfd3d90017ea7974,0.0,0.0,0.0,0.0,3.9,4.1,3.7,3.1,0.25896784069756745
2026-01-03 19:54:14,662b5b481afb9c00172d92a8,0.0,0.0,0.0,0.0,3.9,4.1,3.7,3.1,0.25896784069756745
2026-01-03 19:54:14,681885376dfb4b0018f8f0f2,0.0,0.0,0.0,0.0,3.9,4.1,3.7,3.1,0.25896784069756745
2026-01-03 19:54:14,56de42f611f398ec0c48129e,0.0,0.0,0.0,0.0,3.9,4.1,3.7,3.1,0.25896784069756745
2026-01-03 19:54:14,5d9dddb9766c880017188c96,0.0,0.0,0.0,0.0,3.9,4.1,3.7,3.1,0.25896784069756745
2026-01-03 19:54:14,5d8cd372766c880017188940,0.0,0.0,0.0,0.0,3.9,4.1,3.7,3.1,0.3
2026-01-03 19:54:14,5a60839c8576340017d0667c,0.0,0.0,0.0,0.0,3.9,4.1,3.7,3.1,0.25896784069756745
2026-01-03 19:54:14,68188c236dfb4b0018f8ff8f,0.0,0.0,0.0,0.0,3.9,4.1,3.7,3.1,0.25896784069756745
2026-01-03 19:54:14,63b65f64bfd3d90017eaa41f,0.0,0.0,0.0,0.0,3.9,4.1,3.7,3.1,0.25896784069756745
2026-01-03 19:54:14,58746371b807da0011e33cd1,0.0,0.0,0.0,0.0,3.9,4.1,3.7,3.1,0.27940071830835006
2026-01-03 19:54:14,63bd1e95bfd3d90017ec3cd5,0.0,0.0,0.0,0.0,3.9,4.1,3.7,3.1,0.25896784069756745
2026-01-03 19:54:14,63ae7cd3bfd3d90017e8f408,0.0,0.0,0.0,0.0,3.9,4.1,3.7,3.1,0.25896784069756745
2026-01-03 19:54:14,5d8cd70e766c88001718894e,0.0,0.0,0.0,0.0,3.9,4.1,3.7,3.1,0.25896784069756745
2026-01-03 19:54:14,58b555ac17139d0010f35d59,0.0,0.0,0.0,0.0,3.9,4.1,3.7,3.1,0.25896784069756745
2026-01-03 19:54:14,595ddc123dcfc400106f28ba,0.0,0.0,0.0,0.0,3.9,4.1,3.7,3.1,0.25896784069756745
2026-01-03 19:54:14,63b55020bfd3d90017ea7cb7,0.0,0.0,0.0,0.0,3.9,4.1,3.7,3.1,0.25896784069756745
2026-01-03 19:54:14,68ede746230ee50017d04dcc,0.0,0.0,0.0,0.0,3.9,4.1,3.7,3.1,0.25896784069756745
2026-01-03 19:54:14,5b19d2f9af4ff60011d6ea4f,0.0,0.0,0.0,0.0,3.9,4.1,3.7,3.1,0.3
2026-01-03 19:54:14,662b4d781afb9c00172d8571,0.0,0.0,0.0,0.0,3.9,4.1,3.7,3.1,0.25896784069756745
2026-01-03 19:54:14,5a606a958576340017d06621,0.0,0.0,0.0,0.0,3.9,4.1,3.7,3.1,0.25896784069756745
2026-01-03 19:54:14,662a8c381afb9c00172d28b6,0.0,0.0,0.0,0.0,3.9,4.1,3.7,3.1,0.25896784069756745
2026-01-03 19:54:14,63b6617ebfd3d90017eaa50b,0.0,0.0,0.0,0.0,3.9,4.1,3.7,3.1,0.25896784069756745
2026-01-03 19:54:14,595f91653dcfc400106f28f6,0.0,0.0,0.0,0.0,3.9,4.1,3.7,3.1,0.3
2026-01-03 19:54:14,56de42f611f398ec0c481292,0.0,0.0,0.0,0.0,3.9,4.1,3.7,3.1,0.25896784069756745
2026-01-03 19:54:14,681888066dfb4b0018f8f4c2,0.0,0.0,0.0,0.0,3.9,4.1,3.7,3.1,0.25896784069756745
2026-01-03 19:54:14,5deb576d1dc17d7c5515acff,0.0,0.0,0.0,0.0,3.9,4.1,3.7,3.1,0.25896784069756745
2026-01-03 19:54:14,662b58791afb9c00172d9107,0.0,0.0,0.0,0.0,3.9,4.1,3.7,3.1,0.25896784069756745
2026-01-03 19:54:14,662b811d1afb9c00172dcc1d,0.0,0.0,0.0,0.0,3.9,4.1,3.7,3.1,0.25896784069756745
2026-01-03 19:54:14,662a8eb41afb9c00172d2aba,0.0,0.0,0.0,0.0,3.9,4.1,3.7,3.1,0.25896784069756745
2026-01-03 19:54:14,63b548ecbfd3d90017ea77d2,0.0,0.0,0.0,0.0,3.9,4.1,3.7,3.1,0.25896784069756745
2026-01-03 19:54:14,5deb576d1dc17d7c5515acfb,0.0,0.0,0.0,0.0,3.9,4.1,3.7,3.1,0.25896784069756745
2026-01-03 19:54:14,56de42f611f398ec0c48127d,0.0,0.0,0.0,0.0,3.9,4.1,3.7,3.1,0.25896784069756745
2026-01-03 19:54:14,56de42f611f398ec0c48128d,0.0,0.0,0.0,0.0,3.9,4.1,3.7,3.1,0.25896784069756745
2026-01-03 19:54:14,6792f03d8c5ed4001b27f378,0.0,0.0,0.0,0.0,3.9,4.1,3.7,3.1,0.25896784069756745
2026-01-03 19:54:14,68ede490230ee50017d04ae5,0.0,0.0,0.0,0.0,3.9,4.1,3.7,3.1,0.25896784069756745
2026-01-03 19:54:14,6623e7076f998a001b2523ea,0.0,0.0,0.0,0.0,3.9,4.1,3.7,3.1,0.25896784069756745
2026-01-03 19:54:14,59ca2cac02eb490011a0a3e9,0.0,0.0,0.0,0.0,3.9,4.1,3.7,3.1,0.25896784069756745
2026-01-03 19:54:14,586e25e1f9fab7001111b0ae,0.0,0.0,0.0,0.0,3.9,4.1,3.7,3.1,0.25896784069756745
2026-01-03 19:54:14,681889ec6dfb4b0018f8f6cb,0.0,0.0,0.0,0.0,3.9,4.1,3.7,3.1,0.25896784069756745
2026-01-03 19:54:14,5d9dde8e766c880017188c9a,0.0,0.0,0.0,0.0,3.9,4.1,3.7,3.1,0.3
2026-01-03 19:54:14,5d9ddf0f766c880017188c9e,0.0,0.0,0.0,0.0,3.9,4.1,3.7,3.1,0.25896784069756745
2026-01-03 19:54:14,681883866dfb4b0018f8eef6,0.0,0.0,0.0,0.0,3.9,4.1,3.7,3.1,0.25896784069756745
2026-01-03 19:54:14,63ae76ddbfd3d90017e8f11b,0.0,0.0,0.0,0.0,3.9,4.1,3.7,3.1,0.25896784069756745
2026-01-03 19:54:14,5deb576d1dc17d7c5515ad14,0.0,0.0,0.0,0.0,3.9,4.1,3.7,3.1,0.25896784069756745
2026-01-03 19:54:14,63b66035bfd3d90017eaa48e,0.0,0.0,0.0,0.0,3.9,4.1,3.7,3.1,0.25896784069756745
2026-01-03 19:54:14,585b284ac3f96200127dc500,0.0,0.0,0.0,0.0,3.9,4.1,3.7,3.1,0.25896784069756745
2026-01-03 19:54:14,56de42f611f398ec0c481295,0.0,0.0,0.0,0.0,3.9,4.1,3.7,3.1,0.25896784069756745
2026-01-03 19:54:14,5deb576d1dc17d7c5515ad04,0.0,0.0,0.0,0.0,3.9,4.1,3.7,3.1,0.25896784069756745
2026-01-03 19:54:14,5a8278f35058170011f6eaed,0.0,0.0,0.0,0.0,3.9,4.1,3.7,3.1,0.25896784069756745
2026-01-03 19:54:14,662b830e1afb9c00172dcf50,0.0,0.0,0.0,0.0,3.9,4.1,3.7,3.1,0.25896784069756745
2026-01-03 19:54:14,5a6084208576340017d0667e,0.0,0.0,0.0,0.0,3.9,4.1,3.7,3.1,0.3
2026-01-03 19:54:14,5a825ab55058170011f6ead2,0.0,0.0,0.0,0.0,3.9,4.1,3.7,3.1,0.28624858950000004
2026-01-03 19:54:14,586e20a0f9fab7001111b0a7,0.0,0.0,0.0,0.0,3.9,4.1,3.7,3.1,0.3
2026-01-03 19:54:14,6623edd26f998a001b2526f7,0.0,0.0,0.0,0.0,3.9,4.1,3.7,3.1,0.25896784069756745
2026-01-03 19:54:14,5a8255a55058170011f6eac7,0.0,0.0,0.0,0.0,3.9,4.1,3.7,3.1,0.25896784069756745
2026-01-03 19:54:14,56de42f611f398ec0c481294,0.0,0.0,0.0,0.0,3.9,4.1,3.7,3.1,0.3
2026-01-03 19:54:14,587ed91db807da0011e33d4e,0.0,0.0,0.0,0.0,3.9,4.1,3.7,3.1,0.25896784069756745
2026-01-03 19:54:14,63b54dcbbfd3d90017ea7ba8,0.0,0.0,0.0,0.0,3.9,4.1,3.7,3.1,0.25896784069756745
2026-01-03 19:54:14,56de42f611f398ec0c48128a,0.0,0.0,0.0,0.0,3.9,4.1,3.7,3.1,0.25896784069756745
2026-01-03 19:54:14,6623ed9b6f998a001b2526cd,0.0,0.0,0.0,0.0,3.9,4.1,3.7,3.1,0.25896784069756745
2026-01-03 19:54:14,58b5752e17139d0010f35d5f,0.0,0.0,0.0,0.0,3.9,4.1,3.7,3.1,0.25896784069756745
2026-01-03 19:54:14,58175c81edeb6c0012a2d5c2,0.0,0.0,0.0,0.0,3.9,4.1,3.7,3.1,0.25896784069756745
2026-01-03 19:54:14,631812e6c9eae60017a19567,0.0,0.0,0.0,0.0,3.9,4.1,3.7,3.1,0.25896784069756745
2026-01-03 19:54:14,6623e7b76f998a001b25242d,0.0,0.0,0.0,0.0,3.9,4.1,3.7,3.1,0.25896784069756745
2026-01-03 19:54:14,5ad068b198d8fc001102e278,0.0,0.0,0.0,0.0,3.9,4.1,3.7,3.1,0.3
2026-01-03 19:54:14,63ae75a3bfd3d90017e8f051,0.0,0.0,0.0,0.0,3.9,4.1,3.7,3.1,0.25896784069756745
2026-01-03 19:54:14,662b7d8a1afb9c00172dc71f,0.0,0.0,0.0,0.0,3.9,4.1,3.7,3.1,0.25896784069756745
2026-01-03 19:54:14,5abbb77298d8fc001102dfce,0.0,0.0,0.0,0.0,3.9,4.1,3.7,3.1,0.25896784069756745
2026-01-03 19:54:14,63bd1f48bfd3d90017ec3d19,0.0,0.0,0.0,0.0,3.9,4.1,3.7,3.1,0.25896784069756745
2026-01-03 19:54:14,58aff2c6bd82540010390c55,0.0,0.0,0.0,0.0,3.9,4.1,3.7,3.1,0.25896784069756745
2026-01-03 19:54:14,5b25a1dcf13cba001124e710,0.0,0.0,0.0,0.0,3.9,4.1,3.7,3.1,0.3
2026-01-03 19:54:14,5deb576d1dc17d7c5515ad18,0.0,0.0,0.0,0.0,3.9,4.1,3.7,3.1,0.25896784069756745
2026-01-03 19:54:14,66b1c1bf779f740018673ef2,0.0,0.0,0.0,0.0,3.9,4.1,3.7,3.1,0.25896784069756745
2026-01-03 19:54:14,56de42f611f398ec0c4812a0,0.0,0.0,0.0,0.0,3.9,4.1,3.7,3.1,0.25896784069756745
2026-01-03 19:54:14,6623efc26f998a001b25277f,0.0,0.0,0.0,0.0,3.9,4.1,3.7,3.1,0.25896784069756745
2026-01-03 19:54:14,662b50841afb9c00172d880d,0.0,0.0,0.0,0.0,3.9,4.1,3.7,3.1,0.25896784069756745
2026-01-03 19:54:14,58abc0cbbd82540010390ba6,0.0,0.0,0.0,0.0,3.9,4.1,3.7,3.1,0.25896784069756745
2026-01-03 19:54:14,58afea5dbd82540010390c4d,0.0,0.0,0.0,0.0,3.9,4.1,3.7,3.1,0.25896784069756745
2026-01-03 19:54:14,5deb576d1dc17d7c5515ad07,0.0,0.0,0.0,0.0,3.9,4.1,3.7,3.1,0.25896784069756745
2026-01-03 19:54:14,5d8cdc1d766c88001718896c,0.0,0.0,0.0,0.0,3.9,4.1,3.7,3.1,0.25896784069756745
2026-01-03 19:54:14,5a606c758576340017d06626,0.0,0.0,0.0,0.0,3.9,4.1,3.7,3.1,0.25896784069756745
2026-01-03 19:54:14,68fae2966b936b00172186a6,0.0,0.0,0.0,0.0,3.9,4.1,3.7,3.1,0.25896784069756745
2026-01-03 19:54:14,63b66008bfd3d90017eaa476,0.0,0.0,0.0,0.0,3.9,4.1,3.7,3.1,0.3
2026-01-03 19:54:14,5a82628e5058170011f6eadb,0.0,0.0,0.0,0.0,3.9,4.1,3.7,3.1,0.25896784069756745
2026-01-03 19:54:14,589b46b3b3bf7600110283d0,0.0,0.0,0.0,0.0,3.9,4.1,3.7,3.1,0.3
2026-01-03 19:54:14,5d8cd653766c88001718894c,0.0,0.0,0.0,0.0,3.9,4.1,3.7,3.1,0.25896784069756745
2026-01-03 19:54:14,662b4de41afb9c00172d85c5,0.0,0.0,0.0,0.0,3.9,4.1,3.7,3.1,0.25896784069756745
2026-01-03 19:54:14,58af8eb2bd82540010390c30,0.0,0.0,0.0,0.0,3.9,4.1,3.7,3.1,0.25896784069756745
2026-01-03 19:54:14,6623ee176f998a001b25270c,0.0,0.0,0.0,0.0,3.9,4.1,3.7,3.1,0.25896784069756745
2026-01-03 19:54:14,5b0b7d240e517b00119fd809,0.0,0.0,0.0,0.0,3.9,4.1,3.7,3.1,0.3
2026-01-03 19:54:14,595f8d233dcfc400106f28f0,0.0,0.0,0.0,0.0,3.9,4.1,3.7,3.1,0.25896784069756745
2026-01-03 19:54:14,5deb576d1dc17d7c5515ad1d,0.0,0.0,0.0,0.0,3.9,4.1,3.7,3.1,0.3
2026-01-03 19:54:14,68ae7e997d735d00173c7445,0.0,0.0,0.0,0.0,3.9,4.1,3.7,3.1,0.25896784069756745
2026-01-03 19:54:14,5b0b835b0e517b00119fd80d,0.0,0.0,0.0,0.0,3.9,4.1,3.7,3.1,0.25896784069756745
2026-01-03 19:54:14,5b6c155aca0577001163fe36,0.0,0.0,0.0,0.0,3.9,4.1,3.7,3.1,0.3
2026-01-03 19:54:14,5d8cd2a3766c88001718893c,0.0,0.0,0.0,0.0,3.9,4.1,3.7,3.1,0.25896784069756745
2026-01-03 19:54:14,662b4e8e1afb9c00172d865c,0.0,0.0,0.0,0.0,3.9,4.1,3.7,3.1,0.25896784069756745
2026-01-03 19:54:14,66b1c190779f740018673ed4,0.0,0.0,0.0,0.0,3.9,4.1,3.7,3.1,0.25896784069756745
2026-01-03 19:54:14,662b7f9f1afb9c00172dca50,0.0,0.0,0.0,0.0,3.9,4.1,3.7,3.1,0.25896784069756745
2026-01-03 19:54:14,68a589294e89b100173b61d9,0.0,0.0,0.0,0.0,3.9,4.1,3.7,3.1,0.25896784069756745
2026-01-03 19:54:14,58747923b807da0011e33cf5,0.0,0.0,0.0,0.0,3.9,4.1,3.7,3.1,0.25896784069756745
2026-01-03 19:54:14,63ae7af4bfd3d90017e8f32c,0.0,0.0,0.0,0.0,3.9,4.1,3.7,3.1,0.25896784069756745
2026-01-03 19:54:14,5875d4f8b807da0011e33d1a,0.0,0.0,0.0,0.0,3.9,4.1,3.7,3.1,0.25896784069756745
2026-01-03 19:54:14,595d92013dcfc400106f2877,0.0,0.0,0.0,0.0,3.9,4.1,3.7,3.1,0.25896784069756745
2026-01-03 19:54:14,681886f26dfb4b0018f8f31a,0.0,0.0,0.0,0.0,3.9,4.1,3.7,3.1,0.25896784069756745
2026-01-03 19:54:14,662b80721afb9c00172dcb28,0.0,0.0,0.0,0.0,3.9,4.1,3.7,3.1,0.25896784069756745
2026-01-03 19:54:14,59ca2f4402eb490011a0a3f9,0.0,0.0,0.0,0.0,3.9,4.1,3.7,3.1,0.25896784069756745
2026-01-03 19:54:14,586e1f18f9fab7001111b0a5,0.0,0.0,0.0,0.0,3.9,4.1,3.7,3.1,0.25896784069756745
2026-01-03 19:54:14,681891e26dfb4b0018f90a69,0.0,0.0,0.0,0.0,3.9,4.1,3.7,3.1,0.25896784069756745
2026-01-03 19:54:14,5d9de3c2766c880017188cb3,0.0,0.0,0.0,0.0,3.9,4.1,3.7,3.1,0.25896784069756745
2026-01-03 19:54:14,63ae7cfcbfd3d90017e8f422,0.0,0.0,0.0,0.0,3.9,4.1,3.7,3.1,0.3
2026-01-03 19:54:14,5b0e1faacddcc80011ceb449,0.0,0.0,0.0,0.0,3.9,4.1,3.7,3.1,0.25896784069756745
2026-01-03 19:54:14,63b65fa9bfd3d90017eaa449,0.0,0.0,0.0,0.0,3.9,4.1,3.7,3.1,0.3
2026-01-03 19:54:14,6623e5066f998a001b252317,0.0,0.0,0.0,0.0,3.9,4.1,3.7,3.1,0.25896784069756745
2026-01-03 19:54:14,662b5c141afb9c00172d93d7,0.0,0.0,0.0,0.0,3.9,4.1,3.7,3.1,0.25896784069756745
2026-01-03 19:54:14,66b1c158779f740018673eb4,0.0,0.0,0.0,0.0,3.9,4.1,3.7,3.1,0.25896784069756745
2026-01-03 19:54:14,56df8381c062921100c143e2,0.0,0.0,0.0,0.0,3.9,4.1,3.7,3.1,0.25896784069756745
2026-01-03 19:54:14,5d8cd1f9766c880017188938,0.0,0.0,0.0,0.0,3.9,4.1,3.7,3.1,0.3
2026-01-03 19:54:14,595da2dd3dcfc400106f2885,0.0,0.0,0.0,0.0,3.9,4.1,3.7,3.1,0.25896784069756745
2026-01-03 19:54:14,595f80e83dcfc400106f28e4,0.0,0.0,0.0,0.0,3.9,4.1,3.7,3.1,0.25896784069756745
2026-01-03 19:54:14,631955e7c9eae60017a1c30a,0.0,0.0,0.0,0.0,3.9,4.1,3.7,3.1,0.25896784069756745
2026-01-03 19:54:14,5a6060e08576340017d0660f,0.0,0.0,0.0,0.0,3.9,4.1,3.7,3.1,0.25896784069756745
2026-01-03 19:54:14,5a607ea98576340017d0666d,0.0,0.0,0.0,0.0,3.9,4.1,3.7,3.1,0.3
2026-01-03 19:54:14,63b548c3bfd3d90017ea77c0,0.0,0.0,0.0,0.0,3.9,4.1,3.7,3.1,0.25896784069756745
2026-01-03 19:54:14,662a8c931afb9c00172d2901,0.0,0.0,0.0,0.0,3.9,4.1,3.7,3.1,0.25896784069756745
2026-01-03 19:54:14,63195556c9eae60017a1c2ba,0.0,0.0,0.0,0.0,3.9,4.1,3.7,3.1,0.25896784069756745
2026-01-03 19:54:14,58df4adedc195800111e04b4,0.0,0.0,0.0,0.0,3.9,4.1,3.7,3.1,0.25896784069756745
2026-01-03 19:54:14,59ca301902eb490011a0a400,0.0,0.0,0.0,0.0,3.9,4.1,3.7,3.1,0.25896784069756745
2026-01-03 19:54:14,584e738361cfea0012cf6951,0.0,0.0,0.0,0.0,3.9,4.1,3.7,3.1,0.25896784069756745
2026-01-03 19:54:14,583f958161cfea0012cf68f5,0.0,0.0,0.0,0.0,3.9,4.1,3.7,3.1,0.25896784069756745
2026-01-03 19:54:14,6922921744912200174bc71d,0.0,0.0,0.0,0.0,3.9,4.1,3.7,3.1,0.25896784069756745
2026-01-03 19:54:14,5a8253615058170011f6eabf,0.0,0.0,0.0,0.0,3.9,4.1,3.7,3.1,0.25896784069756745
2026-01-03 19:54:14,5deb576d1dc17d7c5515ad0f,0.0,0.0,0.0,0.0,3.9,4.1,3.7,3.1,0.25896784069756745
2026-01-03 19:54:14,68fae2b66b936b00172186e5,0.0,0.0,0.0,0.0,3.9,4.1,3.7,3.1,0.25896784069756745
2026-01-03 19:54:14,662b51761afb9c00172d88ef,0.0,0.0,0.0,0.0,3.9,4.1,3.7,3.1,0.25896784069756745
2026-01-03 19:54:14,68a5873d4e89b100173b5f60,0.0,0.0,0.0,0.0,3.9,4.1,3.7,3.1,0.25896784069756745
2026-01-03 19:54:14,66b1c370779f7400186740b3,0.0,0.0,0.0,0.0,3.9,4.1,3.7,3.1,0.25896784069756745
2026-01-03 19:54:14,6623ec376f998a001b252671,0.0,0.0,0.0,0.0,3.9,4.1,3.7,3.1,0.25896784069756745
2026-01-03 19:54:14,59ca2e6002eb490011a0a3f3,0.0,0.0,0.0,0.0,3.9,4.1,3.7,3.1,0.3
2026-01-03 19:54:14,5b6c1618ca0577001163fe3c,0.0,0.0,0.0,0.0,3.9,4.1,3.7,3.1,0.3
2026-01-03 19:54:14,5deb576d1dc17d7c5515ad22,0.0,0.0,0.0,0.0,3.9,4.1,3.7,3.1,0.25896784069756745
2026-01-03 19:54:14,63b664d2bfd3d90017eaaa0f,0.0,0.0,0.0,0.0,3.9,4.1,3.7,3.1,0.25896784069756745
2026-01-03 19:54:14,56df85bdc062921100c143e8,0.0,0.0,0.0,0.0,3.9,4.1,3.7,3.1,0.3
2026-01-03 19:54:14,662b85031afb9c00172dd0dc,0.0,0.0,0.0,0.0,3.9,4.1,3.7,3.1,0.25896784069756745
2026-01-03 19:54:14,58d7b5a7c1e33c00112b320a,0.0,0.0,0.0,0.0,3.9,4.1,3.7,3.1,0.25896784069756745
2026-01-03 19:54:14,662a8f3a1afb9c00172d2b31,0.0,0.0,0.0,0.0,3.9,4.1,3.7,3.1,0.25896784069756745
2026-01-03 19:54:14,58aff01fbd82540010390c50,0.0,0.0,0.0,0.0,3.9,4.1,3.7,3.1,0.25896784069756745
2026-01-03 19:54:14,5d8cdb9f766c880017188968,0.0,0.0,0.0,0.0,3.9,4.1,3.7,3.1,0.25896784069756745
2026-01-03 19:54:14,5a6085fb8576340017d06686,0.0,0.0,0.0,0.0,3.9,4.1,3.7,3.1,0.25896784069756745
2026-01-03 19:54:14,59ca31d602eb490011a0a40b,0.0,0.0,0.0,0.0,3.9,4.1,3.7,3.1,0.25896784069756745
2026-01-03 19:54:14,587c782db807da0011e33d3b,0.0,0.0,0.0,0.0,3.9,4.1,3.7,3.1,0.25896784069756745
2026-01-03 19:54:14,662a8d821afb9c00172d29c8,0.0,0.0,0.0,0.0,3.9,4.1,3.7,3.1,0.25896784069756745
2026-01-03 19:54:14,63ae7d29bfd3d90017e8f437,0.0,0.0,0.0,0.0,3.9,4.1,3.7,3.1,0.25896784069756745
2026-01-03 19:54:14,68ae7ee47d735d00173c7492,0.0,0.0,0.0,0.0,3.9,4.1,3.7,3.1,0.25896784069756745
2026-01-03 19:54:14,56de42f611f398ec0c48129f,0.0,0.0,0.0,0.0,3.9,4.1,3.7,3.1,0.2657603937607214
2026-01-03 19:54:14,68188b296dfb4b0018f8f9a3,0.0,0.0,0.0,0.0,3.9,4.1,3.7,3.1,0.25896784069756745
2026-01-03 19:54:14,662b80b91afb9c00172dcb5b,0.0,0.0,0.0,0.0,3.9,4.1,3.7,3.1,0.25896784069756745
2026-01-03 19:54:14,692292c044912200174bc76d,0.0,0.0,0.0,0.0,3.9,4.1,3.7,3.1,0.25896784069756745
2026-01-03 19:54:14,68188d586dfb4b0018f9018d,0.0,0.0,0.0,0.0,3.9,4.1,3.7,3.1,0.25896784069756745
2026-01-03 19:54:14,662b50261afb9c00172d87b2,0.0,0.0,0.0,0.0,3.9,4.1,3.7,3.1,0.25896784069756745
2026-01-03 19:54:14,59ca2d9d02eb490011a0a3f0,0.0,0.0,0.0,0.0,3.9,4.1,3.7,3.1,0.25896784069756745
2026-01-03 19:54:14,68a588984e89b100173b6138,0.0,0.0,0.0,0.0,3.9,4.1,3.7,3.1,0.25896784069756745
2026-01-03 19:54:14,5a8256df5058170011f6eacb,0.0,0.0,0.0,0.0,3.9,4.1,3.7,3.1,0.25896784069756745
2026-01-03 19:54:14,5deb576d1dc17d7c5515acfc,0.0,0.0,0.0,0.0,3.9,4.1,3.7,3.1,0.25896784069756745
2026-01-03 19:54:14,587c8c20b807da0011e33d47,0.0,0.0,0.0,0.0,3.9,4.1,3.7,3.1,0.25896784069756745
2026-01-03 19:54:14,58744fb0b807da0011e33cc0,0.0,0.0,0.0,0.0,3.9,4.1,3.7,3.1,0.25896784069756745
2026-01-03 19:54:14,5822f23aedeb6c0012a2d6a8,0.0,0.0,0.0,0.0,3.9,4.1,3.7,3.1,0.3
2026-01-03 19:54:14,649da495a6068200171a6cb6,0.0,0.0,0.0,0.0,3.9,4.1,3.7,3.1,0.25896784069756745
